{
  "title": "SajuOS_Logic_APPL_003",
  "rulecards": [
    {
      "id": "RC-1006c6dcc0",
      "topic": "STRUCTURE",
      "priority": 9,
      "trigger": {
        "note": "격이 뚜렷한 경우"
      },
      "mechanism": "격은 사회적 역할과 집단 내 적응력을 나타냄.",
      "interpretation": "격이 뚜렷하면 정해진 인생 경로를 따르는 경향이 있음.",
      "action": "격이 뚜렷한 사람은 자신의 사회적 역할을 명확히 이해하고 활용할 것.",
      "cautions": [
        "격이 뚜렷하면 유연성이 부족할 수 있음."
      ],
      "tags": [
        "격",
        "사회성",
        "역할",
        "적응력",
        "유연성"
      ]
    },
    {
      "id": "RC-ed80edb6a2",
      "topic": "LOVE",
      "priority": 8,
      "trigger": {
        "note": "결혼 시 격의 구성 여부"
      },
      "mechanism": "격이 구성된 사람은 집단 생활에 적응력이 높음.",
      "interpretation": "격이 구성된 사람은 결혼 후 안정적인 관계를 유지할 가능성이 높음.",
      "action": "결혼 상대의 격 구성을 확인하고 집단 생활 적응력을 평가할 것.",
      "cautions": [
        "격이 없으면 결혼 생활에서 갈등이 증가할 수 있음."
      ],
      "tags": [
        "결혼",
        "격",
        "집단생활",
        "안정성",
        "적응력"
      ]
    },
    {
      "id": "RC-ef883a0389",
      "topic": "LOVE",
      "priority": 7,
      "trigger": {
        "note": "편제가 격으로 구성된 경우"
      },
      "mechanism": "편제격은 결혼에서 방향성과 이상을 중시함.",
      "interpretation": "편제격은 같은 꿈과 가치를 공유하는 결혼을 선호함.",
      "action": "결혼 전 상대와 가치관과 목표를 충분히 논의할 것.",
      "cautions": [
        "편제격은 실용적 조건보다는 이상을 우선시함."
      ],
      "tags": [
        "편제",
        "결혼",
        "가치관",
        "이상",
        "방향성"
      ]
    },
    {
      "id": "RC-7ae703641b",
      "topic": "LOVE",
      "priority": 7,
      "trigger": {
        "note": "정제격이 결혼을 고려하는 경우"
      },
      "mechanism": "정제격은 실용성과 안정성을 중시함.",
      "interpretation": "정제격은 상대의 경제력과 성실성을 중요하게 평가함.",
      "action": "결혼 전 상대의 실용적 조건과 안정성을 점검할 것.",
      "cautions": [
        "정제격은 이상보다는 현실적 조건을 중시함."
      ],
      "tags": [
        "정제",
        "결혼",
        "실용성",
        "안정성",
        "경제력"
      ]
    },
    {
      "id": "RC-94355eeaa8",
      "topic": "LOVE",
      "priority": 6,
      "trigger": {
        "note": "결혼 시 식상이 있는 경우"
      },
      "mechanism": "식상은 결혼 후 소통과 감당 능력을 강화함.",
      "interpretation": "식상이 있는 사람은 결혼 생활에서 원활한 소통과 책임감을 발휘함.",
      "action": "결혼 전 상대의 소통 능력과 책임감을 평가할 것.",
      "cautions": [
        "식상이 없으면 소통과 책임감 부족으로 갈등이 생길 수 있음."
      ],
      "tags": [
        "식상",
        "결혼",
        "소통",
        "책임감",
        "감당능력"
      ]
    },
    {
      "id": "RC-7ea94a698e",
      "topic": "LOVE",
      "priority": 6,
      "trigger": {
        "note": "정제격이 상신이 없는 경우"
      },
      "mechanism": "상신이 없으면 정제격은 소유욕은 강하지만 감당 능력이 부족함.",
      "interpretation": "정제격이 상신이 없으면 결혼 생활에서 책임 회피 경향이 나타날 수 있음.",
      "action": "결혼 전 상대의 상신 여부를 확인하고 책임감 수준을 평가할 것.",
      "cautions": [
        "상신이 없으면 결혼 후 갈등이 증가할 가능성이 높음."
      ],
      "tags": [
        "정제",
        "상신",
        "소유욕",
        "책임감",
        "결혼"
      ]
    },
    {
      "id": "RC-1e729274d7",
      "topic": "LOVE",
      "priority": 5,
      "trigger": {
        "note": "편제격이 식상이 없는 경우"
      },
      "mechanism": "식상이 없으면 편제격은 의미 부여와 감당 능력이 약화됨.",
      "interpretation": "편제격이 식상이 없으면 결혼 생활에서 안정감을 느끼기 어려움.",
      "action": "결혼 전 상대의 식상 여부를 확인하고 안정감 수준을 평가할 것.",
      "cautions": [
        "식상이 없으면 결혼 후 재정 관리에서 갈등이 생길 수 있음."
      ],
      "tags": [
        "편제",
        "식상",
        "안정감",
        "결혼",
        "재정관리"
      ]
    },
    {
      "id": "RC-fc86b9db4a",
      "topic": "LOVE",
      "priority": 6,
      "trigger": {
        "note": "정제격이 식상이 있는 경우"
      },
      "mechanism": "식상이 있으면 정제격은 실용적이고 섬세한 관리 능력을 발휘함.",
      "interpretation": "정제격이 식상이 있으면 결혼 생활에서 실용성과 안정성을 제공함.",
      "action": "결혼 전 상대의 실용적 관리 능력을 평가할 것.",
      "cautions": [
        "식상이 없으면 실용적 관리 능력이 부족할 수 있음."
      ],
      "tags": [
        "정제",
        "식상",
        "실용성",
        "안정성",
        "결혼"
      ]
    },
    {
      "id": "RC-445123f9f2",
      "topic": "LOVE",
      "priority": 5,
      "trigger": {
        "note": "결혼 시 상관이 강한 경우"
      },
      "mechanism": "상관은 결혼에서 창의적이고 독창적인 접근을 가능하게 함.",
      "interpretation": "상관이 강한 사람은 결혼에서 다양한 방법으로 문제를 해결하려 함.",
      "action": "결혼 전 상대의 창의적 문제 해결 능력을 평가할 것.",
      "cautions": [
        "상관이 강하면 안정성보다는 변화를 추구할 수 있음."
      ],
      "tags": [
        "상관",
        "결혼",
        "창의성",
        "문제해결",
        "변화"
      ]
    },
    {
      "id": "RC-3874723d6a",
      "topic": "LOVE",
      "priority": 4,
      "trigger": {
        "note": "정제격이 강한 경우"
      },
      "mechanism": "정제격이 강하면 결혼에서 안정성과 책임감을 중시함.",
      "interpretation": "정제격이 강한 사람은 결혼에서 실용적이고 안정적인 관계를 선호함.",
      "action": "결혼 전 상대의 안정성과 책임감을 확인할 것.",
      "cautions": [
        "정제격이 강하면 유연성이 부족할 수 있음."
      ],
      "tags": [
        "정제",
        "안정성",
        "책임감",
        "결혼",
        "실용성"
      ]
    },
    {
      "id": "RC-8611df1514",
      "topic": "LOVE",
      "priority": 9,
      "trigger": {
        "structure": "정재격",
        "has_sik_sang": true
      },
      "mechanism": "정재격의 식상은 결혼 준비가 완료되었음을 나타냄.",
      "interpretation": "정재격에 식상이 있으면 결혼 준비가 끝난 상태로 보이며, 상대방에게 안정감을 줄 수 있음.",
      "action": "결혼을 계획 중이라면 자신의 준비 상태를 점검하고 상대방과의 신뢰를 쌓아라.",
      "cautions": [
        "식상이 없으면 결혼 준비가 부족하다고 판단될 수 있음."
      ],
      "tags": [
        "정재격",
        "식상",
        "결혼준비",
        "안정감",
        "연애"
      ]
    },
    {
      "id": "RC-7bda745ef9",
      "topic": "LOVE",
      "priority": 8,
      "trigger": {
        "structure": "정재격",
        "has_sik_sang": false
      },
      "mechanism": "식상이 없는 정재격은 부족한 환경에서 자랐을 가능성이 높음.",
      "interpretation": "정재격에 식상이 없으면 경제적 여유가 부족한 집안에서 성장했을 가능성이 있음.",
      "action": "상대방의 배경과 환경을 이해하고, 결혼 전 충분히 대화하라.",
      "cautions": [
        "상대방의 환경을 비판적으로 판단하지 말 것."
      ],
      "tags": [
        "정재격",
        "식상부재",
        "경제적여유",
        "환경",
        "결혼"
      ]
    },
    {
      "id": "RC-83ea8e5ac9",
      "topic": "LOVE",
      "priority": 7,
      "trigger": {
        "structure": "정재격",
        "has_sik_sang": true
      },
      "mechanism": "식상은 부모의 도움과 환경적 안정성을 나타냄.",
      "interpretation": "정재격에 식상이 있으면 부모의 도움을 받아 안정적인 환경에서 성장했을 가능성이 큼.",
      "action": "부모와의 관계를 잘 유지하고, 결혼 준비에 있어 도움을 요청하라.",
      "cautions": [
        "부모의 도움에 지나치게 의존하지 말 것."
      ],
      "tags": [
        "정재격",
        "식상",
        "부모도움",
        "환경안정",
        "결혼"
      ]
    },
    {
      "id": "RC-196591c96b",
      "topic": "LOVE",
      "priority": 8,
      "trigger": {
        "structure": "정재격",
        "has_sik_sang": true
      },
      "mechanism": "식상은 연애와 결혼에서의 애정 에너지를 나타냄.",
      "interpretation": "정재격에 식상이 있으면 연애를 통해 서로 성장하며 결혼으로 이어질 가능성이 높음.",
      "action": "연애 중이라면 서로의 성장과 목표를 공유하며 관계를 발전시켜라.",
      "cautions": [
        "애정 표현이 부족하면 관계가 소원해질 수 있음."
      ],
      "tags": [
        "정재격",
        "식상",
        "연애",
        "성장",
        "결혼"
      ]
    },
    {
      "id": "RC-5f26b607af",
      "topic": "LOVE",
      "priority": 7,
      "trigger": {
        "structure": "정재격",
        "has_jeong_gwan": true
      },
      "mechanism": "정관은 사회적 검증과 책임감을 나타냄.",
      "interpretation": "정재격에 정관이 있으면 연애 없이도 결혼이 가능하며, 사회적 검증을 중시함.",
      "action": "결혼을 계획 중이라면 사회적 조건과 책임감을 고려하라.",
      "cautions": [
        "결혼 과정에서 지나치게 조건만 따지지 말 것."
      ],
      "tags": [
        "정재격",
        "정관",
        "사회적검증",
        "책임감",
        "결혼"
      ]
    },
    {
      "id": "RC-3e1adace30",
      "topic": "LOVE",
      "priority": 6,
      "trigger": {
        "structure": "정재격",
        "has_jeong_gwan": true
      },
      "mechanism": "정관은 외부 에너지와 사회적 분위기를 통해 결혼을 진행시킴.",
      "interpretation": "정재격에 정관이 있으면 결혼이 사회적 분위기와 외부 요인에 의해 진행될 가능성이 큼.",
      "action": "결혼 계획 시 주변 환경과 사회적 분위기를 잘 활용하라.",
      "cautions": [
        "외부 요인에 지나치게 의존하지 말 것."
      ],
      "tags": [
        "정재격",
        "정관",
        "사회적분위기",
        "외부요인",
        "결혼"
      ]
    },
    {
      "id": "RC-55a5299d48",
      "topic": "LOVE",
      "priority": 9,
      "trigger": {
        "structure": "정재격",
        "has_sik_sang": true
      },
      "mechanism": "식상은 애정과 책임감을 기반으로 한 연애를 나타냄.",
      "interpretation": "정재격에 식상이 있으면 연애 중 책임감과 애정을 바탕으로 관계를 유지함.",
      "action": "연애 중이라면 상대방에게 책임감 있는 모습을 보여라.",
      "cautions": [
        "책임감이 과도하면 부담을 줄 수 있음."
      ],
      "tags": [
        "정재격",
        "식상",
        "애정",
        "책임감",
        "연애"
      ]
    },
    {
      "id": "RC-763aed9c29",
      "topic": "LOVE",
      "priority": 8,
      "trigger": {
        "structure": "정재격",
        "has_sik_sang": false
      },
      "mechanism": "식상이 없는 경우 애정 표현과 책임감이 부족할 수 있음.",
      "interpretation": "정재격에 식상이 없으면 연애에서 애정 표현이 부족하거나 책임감이 약할 수 있음.",
      "action": "연애 중이라면 애정 표현을 의식적으로 늘려라.",
      "cautions": [
        "상대방이 애정 부족을 느낄 수 있음."
      ],
      "tags": [
        "정재격",
        "식상부재",
        "애정표현",
        "책임감",
        "연애"
      ]
    },
    {
      "id": "RC-20212724e9",
      "topic": "LOVE",
      "priority": 7,
      "trigger": {
        "structure": "정재격",
        "has_sik_sang": true,
        "has_jeong_gwan": true
      },
      "mechanism": "정관과 식상이 함께 있으면 결혼이 안정적으로 진행될 가능성이 높음.",
      "interpretation": "정재격에 정관과 식상이 있으면 결혼 준비와 사회적 검증이 모두 충족됨.",
      "action": "결혼 계획 시 자신의 준비 상태와 사회적 조건을 점검하라.",
      "cautions": [
        "사회적 조건에만 치중하지 말 것."
      ],
      "tags": [
        "정재격",
        "정관",
        "식상",
        "결혼준비",
        "사회적검증"
      ]
    },
    {
      "id": "RC-6043bc7ed7",
      "topic": "LOVE",
      "priority": 6,
      "trigger": {
        "structure": "정재격",
        "has_sik_sang": true,
        "has_pyeon_gwan": true
      },
      "mechanism": "편관은 외부 요인에 의해 결혼이 진행될 가능성을 나타냄.",
      "interpretation": "정재격에 편관이 있으면 예상치 못한 외부 요인으로 결혼이 진행될 가능성이 있음.",
      "action": "결혼 계획 시 외부 요인을 잘 관리하고 준비하라.",
      "cautions": [
        "외부 요인에 지나치게 휘둘리지 말 것."
      ],
      "tags": [
        "정재격",
        "편관",
        "외부요인",
        "결혼",
        "예상치못한결혼"
      ]
    }
  ],
  "notes": [],
  "schema_version": "rulecards.v1",
  "module_code": "SajuOS_APPL_003",
  "updated_at": "2025-12-23T20:27:26"
}