{
  "title": "SajuOS_Logic_APPL_034",
  "rulecards": [
    {
      "id": "RC-349e1fba3e",
      "topic": "TEN_GODS",
      "priority": 9,
      "trigger": {
        "type": "청관",
        "god": "식신"
      },
      "mechanism": "청관의 식신은 자녀보다 자신을 우선시하는 경향이 있음.",
      "interpretation": "자녀를 위해 희생했더라도 스스로 만족감을 느끼며, 자녀와의 관계에서 일정한 거리감을 유지함.",
      "action": "자녀와의 관계에서 지나친 희생을 피하고, 자신의 삶을 존중할 것.",
      "cautions": [
        "자녀와의 정서적 거리감이 커질 수 있음."
      ],
      "tags": [
        "식신",
        "청관",
        "자녀",
        "희생",
        "거리감",
        "자기중심",
        "육친",
        "양육"
      ]
    },
    {
      "id": "RC-72fc87b974",
      "topic": "TEN_GODS",
      "priority": 8,
      "trigger": {
        "type": "청관",
        "god": "상관"
      },
      "mechanism": "청관의 상관은 자녀를 독립된 인격체로 바라보며, 자율성을 중시함.",
      "interpretation": "자녀에게 선택권을 주고, 스스로 성장할 수 있는 환경을 조성함.",
      "action": "자녀의 결정을 존중하고, 스스로 책임질 수 있도록 지원할 것.",
      "cautions": [
        "자녀가 방치되었다고 느낄 수 있음."
      ],
      "tags": [
        "상관",
        "청관",
        "자녀",
        "독립",
        "자율성",
        "양육",
        "책임",
        "방임주의"
      ]
    },
    {
      "id": "RC-d960f02d67",
      "topic": "TEN_GODS",
      "priority": 7,
      "trigger": {
        "type": "지지",
        "god": "상관"
      },
      "mechanism": "지지의 상관은 자녀와의 관계에서 이질감을 느끼기 쉬움.",
      "interpretation": "자녀가 자신의 기대와 다르게 행동하거나, 독립적으로 성장하지 못할 가능성이 있음.",
      "action": "자녀에게 필요한 지도를 제공하고, 방치하지 않도록 주의할 것.",
      "cautions": [
        "자녀가 말을 잘 듣지 않을 가능성이 있음."
      ],
      "tags": [
        "상관",
        "지지",
        "자녀",
        "이질감",
        "방치",
        "양육",
        "지도",
        "책임"
      ]
    },
    {
      "id": "RC-362c71e29d",
      "topic": "TEN_GODS",
      "priority": 6,
      "trigger": {
        "type": "청관",
        "god": "상관",
        "note": "신왕"
      },
      "mechanism": "신왕한 상관은 자녀의 자율성을 충분히 존중하며 기다릴 수 있음.",
      "interpretation": "자녀가 스스로 길을 찾을 수 있도록 환경을 조성함.",
      "action": "자녀의 선택을 존중하고, 충분한 시간을 줄 것.",
      "cautions": [
        "기다림이 지나치면 자녀가 방황할 수 있음."
      ],
      "tags": [
        "상관",
        "청관",
        "신왕",
        "자녀",
        "자율성",
        "기다림",
        "양육",
        "책임"
      ]
    },
    {
      "id": "RC-3edb9ce6fc",
      "topic": "TEN_GODS",
      "priority": 5,
      "trigger": {
        "type": "청관",
        "god": "식신",
        "note": "신약"
      },
      "mechanism": "신약한 식신은 자녀에게 과도한 기대와 희생을 투영함.",
      "interpretation": "자녀의 성취를 통해 자신의 희생을 보상받으려는 경향이 있음.",
      "action": "자녀에게 과도한 기대를 하지 말고, 현실적인 목표를 설정할 것.",
      "cautions": [
        "자녀가 부담을 느낄 수 있음."
      ],
      "tags": [
        "식신",
        "청관",
        "신약",
        "자녀",
        "희생",
        "기대",
        "양육",
        "부담"
      ]
    },
    {
      "id": "RC-dea3831e71",
      "topic": "TEN_GODS",
      "priority": 7,
      "trigger": {
        "type": "청관",
        "god": "상관",
        "note": "신약"
      },
      "mechanism": "신약한 상관은 자녀의 자율성을 충분히 존중하지 못하고, 불안정한 양육 태도를 보임.",
      "interpretation": "자녀에게 지나치게 간섭하거나, 반대로 방치할 가능성이 있음.",
      "action": "균형 잡힌 양육 태도를 유지하고, 자녀와의 소통을 강화할 것.",
      "cautions": [
        "양육 태도의 일관성이 부족할 수 있음."
      ],
      "tags": [
        "상관",
        "청관",
        "신약",
        "자녀",
        "양육",
        "방치",
        "간섭",
        "소통"
      ]
    },
    {
      "id": "RC-104ed8706f",
      "topic": "TEN_GODS",
      "priority": 6,
      "trigger": {
        "type": "청관",
        "god": "상관",
        "note": "육아 아이템 활용"
      },
      "mechanism": "상관은 육아에서 편리함을 추구하며, 육아 아이템을 적극 활용함.",
      "interpretation": "자녀 양육에서 효율성을 중시하며, 자신의 시간을 절약하려는 경향이 있음.",
      "action": "효율적인 육아 아이템을 활용하되, 자녀와의 정서적 교감을 잊지 말 것.",
      "cautions": [
        "자녀와의 정서적 유대가 약화될 수 있음."
      ],
      "tags": [
        "상관",
        "청관",
        "육아",
        "효율성",
        "아이템",
        "정서",
        "교감",
        "양육"
      ]
    },
    {
      "id": "RC-c89977e695",
      "topic": "TEN_GODS",
      "priority": 8,
      "trigger": {
        "type": "청관",
        "god": "상관",
        "note": "방임주의"
      },
      "mechanism": "상관은 자녀를 독립적으로 키우며, 방임주의적 태도를 보임.",
      "interpretation": "자녀가 스스로 성장할 수 있는 환경을 조성함.",
      "action": "자녀의 자율성을 존중하되, 필요한 순간에는 개입할 준비를 할 것.",
      "cautions": [
        "자녀가 방치되었다고 느낄 수 있음."
      ],
      "tags": [
        "상관",
        "청관",
        "방임주의",
        "자율성",
        "양육",
        "독립",
        "성장",
        "책임"
      ]
    },
    {
      "id": "RC-42ed56f5a6",
      "topic": "TEN_GODS",
      "priority": 7,
      "trigger": {
        "type": "지지",
        "god": "상관",
        "note": "방치"
      },
      "mechanism": "지지의 상관은 자녀를 방치할 가능성이 높음.",
      "interpretation": "자녀가 스스로 성장하지 못하고, 문제를 일으킬 가능성이 있음.",
      "action": "자녀에게 필요한 지도를 제공하고, 방치하지 않도록 주의할 것.",
      "cautions": [
        "자녀가 문제 행동을 보일 수 있음."
      ],
      "tags": [
        "상관",
        "지지",
        "방치",
        "자녀",
        "양육",
        "지도",
        "문제",
        "책임"
      ]
    },
    {
      "id": "RC-db4b73b8d8",
      "topic": "TEN_GODS",
      "priority": 6,
      "trigger": {
        "type": "청관",
        "god": "상관",
        "note": "온오프 관계"
      },
      "mechanism": "상관은 자녀와의 관계에서 온오프가 가능함.",
      "interpretation": "필요할 때는 친밀하지만, 그렇지 않을 때는 거리를 둘 수 있음.",
      "action": "자녀와의 관계에서 적절한 균형을 유지할 것.",
      "cautions": [
        "자녀가 정서적 소외감을 느낄 수 있음."
      ],
      "tags": [
        "상관",
        "청관",
        "온오프",
        "자녀",
        "관계",
        "균형",
        "정서",
        "양육"
      ]
    },
    {
      "id": "RC-6be2572d0d",
      "topic": "RELATION",
      "priority": 9,
      "trigger": {
        "parent_structure": "청간 상관",
        "child_structure": "지지 상관"
      },
      "mechanism": "청간 상관은 자녀에게 독립적인 역할을 부여하려는 경향이 강하고, 지지 상관은 세부적인 보조를 제공하려는 경향이 있음.",
      "interpretation": "자녀가 독립적으로 행동하려 하지만, 부모의 세부적인 간섭이 자녀의 자립심을 저해할 수 있음.",
      "action": "자녀에게 독립적인 선택권을 주되, 필요 이상으로 간섭하지 않도록 주의.",
      "cautions": [
        "과도한 간섭은 자녀의 자립심을 저해할 수 있음."
      ],
      "tags": [
        "상관",
        "자립심",
        "독립",
        "부모",
        "자녀"
      ]
    },
    {
      "id": "RC-14f4d751a6",
      "topic": "RELATION",
      "priority": 8,
      "trigger": {
        "parent_structure": "신약",
        "child_structure": "지지 상관"
      },
      "mechanism": "신약한 부모는 자녀를 감당하기 어려워하며, 지지 상관은 자녀의 독립심을 약화시킬 수 있음.",
      "interpretation": "부모가 자녀를 감당하기 어려워하며, 자녀가 독립적으로 성장하기 어려운 환경이 조성됨.",
      "action": "자녀를 독립적으로 키우기 위해 부모가 자녀와의 정서적 거리를 조정하고, 자립심을 키울 수 있는 환경을 제공.",
      "cautions": [
        "부모의 신약함이 자녀의 독립을 방해할 수 있음."
      ],
      "tags": [
        "신약",
        "상관",
        "독립",
        "부모",
        "자녀"
      ]
    },
    {
      "id": "RC-702af9c955",
      "topic": "RELATION",
      "priority": 7,
      "trigger": {
        "parent_structure": "신왕",
        "child_structure": "청간 상관"
      },
      "mechanism": "신왕한 부모는 자녀의 능력을 신뢰하며, 청간 상관은 자녀의 독립적 성장을 촉진함.",
      "interpretation": "부모가 자녀를 신뢰하며, 자녀가 독립적으로 성장할 수 있는 환경을 제공.",
      "action": "자녀의 독립적 결정을 존중하고, 필요한 자원을 제공.",
      "cautions": [
        "과도한 신뢰로 인해 자녀의 문제를 간과할 수 있음."
      ],
      "tags": [
        "신왕",
        "상관",
        "독립",
        "신뢰",
        "자녀"
      ]
    },
    {
      "id": "RC-f4b547648e",
      "topic": "RELATION",
      "priority": 8,
      "trigger": {
        "parent_structure": "신약",
        "child_structure": "청간 상관"
      },
      "mechanism": "신약한 부모는 자녀의 독립적 행동을 신뢰하기 어려워하며, 청간 상관은 자녀의 독립성을 강조함.",
      "interpretation": "부모가 자녀의 독립적 행동을 신뢰하지 못해 갈등이 발생할 수 있음.",
      "action": "자녀의 독립적 행동을 신뢰하고, 부모 스스로의 신약함을 보완할 방법을 모색.",
      "cautions": [
        "부모의 불신이 자녀의 자립심을 저해할 수 있음."
      ],
      "tags": [
        "신약",
        "상관",
        "독립",
        "신뢰",
        "갈등"
      ]
    },
    {
      "id": "RC-3d4c3b19a5",
      "topic": "RELATION",
      "priority": 9,
      "trigger": {
        "parent_structure": "신왕",
        "child_structure": "지지 상관"
      },
      "mechanism": "신왕한 부모는 자녀의 행동을 잘 이해하며, 지지 상관은 자녀의 세부적인 행동을 보조함.",
      "interpretation": "부모가 자녀의 행동을 잘 이해하고, 자녀가 안정적으로 성장할 수 있는 환경을 제공.",
      "action": "자녀의 행동을 세심히 관찰하고, 필요할 때 적절히 지원.",
      "cautions": [
        "과도한 지원은 자녀의 자립심을 저해할 수 있음."
      ],
      "tags": [
        "신왕",
        "상관",
        "지원",
        "이해",
        "자녀"
      ]
    },
    {
      "id": "RC-2f57fdeda7",
      "topic": "RELATION",
      "priority": 7,
      "trigger": {
        "parent_structure": "신약",
        "child_structure": "지지 상관"
      },
      "mechanism": "신약한 부모는 자녀의 행동을 감당하기 어려워하며, 지지 상관은 자녀의 독립성을 약화시킬 수 있음.",
      "interpretation": "부모가 자녀를 감당하기 어려워하며, 자녀가 독립적으로 성장하기 어려운 환경이 조성됨.",
      "action": "자녀의 독립적 성장을 위해 부모가 스스로의 신약함을 보완하고, 자녀와의 정서적 거리를 조정.",
      "cautions": [
        "부모의 신약함이 자녀의 독립을 방해할 수 있음."
      ],
      "tags": [
        "신약",
        "상관",
        "독립",
        "부모",
        "자녀"
      ]
    },
    {
      "id": "RC-b943ce1d3c",
      "topic": "RELATION",
      "priority": 6,
      "trigger": {
        "parent_structure": "식신",
        "child_structure": "신왕"
      },
      "mechanism": "식신은 자녀에 대한 정서적 교감을 강조하며, 신왕은 이를 충분히 감당할 수 있는 에너지를 제공함.",
      "interpretation": "부모가 자녀와의 정서적 교감을 통해 안정적인 관계를 유지.",
      "action": "자녀와의 정서적 교감을 강화하고, 부모 스스로의 신왕 상태를 유지.",
      "cautions": [
        "과도한 정서적 의존은 자녀의 독립성을 저해할 수 있음."
      ],
      "tags": [
        "식신",
        "신왕",
        "정서",
        "교감",
        "자녀"
      ]
    },
    {
      "id": "RC-7102bbe81d",
      "topic": "RELATION",
      "priority": 5,
      "trigger": {
        "parent_structure": "식신",
        "child_structure": "신약"
      },
      "mechanism": "식신은 자녀와의 정서적 교감을 강조하지만, 신약은 이를 충분히 감당하지 못함.",
      "interpretation": "부모가 자녀와의 정서적 교감을 유지하기 어려워 갈등이 발생할 수 있음.",
      "action": "부모 스스로의 신약함을 보완하고, 자녀와의 정서적 교감을 유지하기 위한 노력을 강화.",
      "cautions": [
        "부모의 신약함이 자녀와의 관계를 약화시킬 수 있음."
      ],
      "tags": [
        "식신",
        "신약",
        "정서",
        "교감",
        "갈등"
      ]
    },
    {
      "id": "RC-fd8556a37d",
      "topic": "RELATION",
      "priority": 7,
      "trigger": {
        "parent_structure": "상관",
        "child_structure": "신왕"
      },
      "mechanism": "상관은 자녀의 독립적 성장을 강조하며, 신왕은 이를 충분히 지원할 수 있음.",
      "interpretation": "부모가 자녀의 독립적 성장을 지원하며, 자녀가 안정적으로 성장할 수 있는 환경을 제공.",
      "action": "자녀의 독립적 결정을 존중하고, 필요한 자원을 제공.",
      "cautions": [
        "과도한 신뢰로 인해 자녀의 문제를 간과할 수 있음."
      ],
      "tags": [
        "상관",
        "신왕",
        "독립",
        "지원",
        "자녀"
      ]
    },
    {
      "id": "RC-a016dcf6c7",
      "topic": "RELATION",
      "priority": 6,
      "trigger": {
        "parent_structure": "상관",
        "child_structure": "신약"
      },
      "mechanism": "상관은 자녀의 독립적 성장을 강조하지만, 신약은 이를 충분히 지원하지 못함.",
      "interpretation": "부모가 자녀의 독립적 성장을 지원하기 어려워 갈등이 발생할 수 있음.",
      "action": "부모 스스로의 신약함을 보완하고, 자녀의 독립적 성장을 지원하기 위한 노력을 강화.",
      "cautions": [
        "부모의 신약함이 자녀의 독립을 방해할 수 있음."
      ],
      "tags": [
        "상관",
        "신약",
        "독립",
        "갈등",
        "자녀"
      ]
    },
    {
      "topic": "RELATION",
      "priority": 9,
      "trigger": {
        "ten_god": "상관",
        "self_strength": "신약"
      },
      "mechanism": "상관이 신약한 경우 자녀와의 관계에서 갈등이 발생하기 쉬움.",
      "interpretation": "자녀와의 관계에서 거리를 두는 것이 더 좋은 관계를 유지할 수 있음.",
      "action": "자녀와의 물리적, 정서적 거리를 유지하며 독립적인 관계를 형성하라.",
      "cautions": [
        "자녀와 지나치게 가까워지면 갈등이 심화될 수 있음."
      ],
      "tags": [
        "상관",
        "신약",
        "자녀",
        "관계",
        "갈등"
      ],
      "id": "RC-653e11d0e1"
    },
    {
      "topic": "RELATION",
      "priority": 8,
      "trigger": {
        "ten_god": "식신",
        "self_strength": "any"
      },
      "mechanism": "식신은 자녀와의 정서적 교감을 강화하고 지지를 받는 역할을 함.",
      "interpretation": "자녀가 부모를 지지하고 정서적으로 가까운 관계를 형성함.",
      "action": "자녀와의 정서적 교감을 강화하고 신뢰를 쌓아라.",
      "cautions": [],
      "tags": [
        "식신",
        "자녀",
        "정서적 교감",
        "지지",
        "관계"
      ],
      "id": "RC-30248eb4f3"
    },
    {
      "topic": "RELATION",
      "priority": 7,
      "trigger": {
        "ten_god": "상관",
        "relation": "자녀"
      },
      "mechanism": "상관은 자녀의 잘못을 직설적으로 지적하는 경향이 있음.",
      "interpretation": "자녀와의 관계에서 갈등이 발생할 가능성이 있음.",
      "action": "자녀와의 대화에서 부드럽고 이해심 있는 태도를 유지하라.",
      "cautions": [
        "직설적인 표현이 자녀에게 상처를 줄 수 있음."
      ],
      "tags": [
        "상관",
        "자녀",
        "갈등",
        "직설적",
        "관계"
      ],
      "id": "RC-1a924fc03b"
    },
    {
      "topic": "RELATION",
      "priority": 6,
      "trigger": {
        "ten_god": "식신",
        "relation": "부모"
      },
      "mechanism": "식신은 부모를 돌보는 역할을 하며, 부모를 자녀처럼 여기는 경향이 있음.",
      "interpretation": "부모를 케어하며 정서적 유대를 강화함.",
      "action": "부모와의 관계에서 돌봄과 배려를 실천하라.",
      "cautions": [],
      "tags": [
        "식신",
        "부모",
        "돌봄",
        "배려",
        "관계"
      ],
      "id": "RC-333a943fdf"
    },
    {
      "topic": "RELATION",
      "priority": 5,
      "trigger": {
        "ten_god": "식신",
        "relation": "배우자"
      },
      "mechanism": "식신은 배우자를 자녀처럼 돌보는 경향이 있음.",
      "interpretation": "배우자와의 관계에서 보호와 배려의 태도를 보임.",
      "action": "배우자와의 관계에서 지나친 보호 본능을 조절하라.",
      "cautions": [
        "배우자가 과도한 보호를 부담스럽게 느낄 수 있음."
      ],
      "tags": [
        "식신",
        "배우자",
        "보호",
        "배려",
        "관계"
      ],
      "id": "RC-bdbceb8bb5"
    },
    {
      "topic": "RELATION",
      "priority": 7,
      "trigger": {
        "ten_god": "식신",
        "position": "월간"
      },
      "mechanism": "월간의 식신은 자녀에 대한 기대와 욕심이 커지는 경향이 있음.",
      "interpretation": "자녀가 또래 중에서 뛰어나길 바라는 마음이 강함.",
      "action": "자녀에게 과도한 기대를 하지 말고 현실적인 목표를 설정하라.",
      "cautions": [
        "과도한 기대가 자녀에게 부담을 줄 수 있음."
      ],
      "tags": [
        "식신",
        "월간",
        "자녀",
        "기대",
        "욕심"
      ],
      "id": "RC-e230d75b03"
    },
    {
      "topic": "RELATION",
      "priority": 6,
      "trigger": {
        "ten_god": "식신",
        "position": "시간"
      },
      "mechanism": "시간의 식신은 자녀에 대한 기대가 상대적으로 낮음.",
      "interpretation": "자녀에 대한 기대가 현실적이고 유연함.",
      "action": "자녀의 개성과 능력을 존중하며 지원하라.",
      "cautions": [],
      "tags": [
        "식신",
        "시간",
        "자녀",
        "기대",
        "유연성"
      ],
      "id": "RC-8e100a4dde"
    },
    {
      "topic": "RELATION",
      "priority": 8,
      "trigger": {
        "ten_god": "식신",
        "position": "연간"
      },
      "mechanism": "연간의 식신은 자녀 교육과 환경에 대한 관심이 높음.",
      "interpretation": "자녀를 위해 학군지나 교육 환경을 중요하게 여김.",
      "action": "자녀의 교육 환경을 신중히 선택하라.",
      "cautions": [
        "과도한 교육 투자로 재정적 부담이 생길 수 있음."
      ],
      "tags": [
        "식신",
        "연간",
        "자녀",
        "교육",
        "학군지"
      ],
      "id": "RC-b0d64df93f"
    },
    {
      "topic": "RELATION",
      "priority": 7,
      "trigger": {
        "ten_god": "상관",
        "position": "연간"
      },
      "mechanism": "연간의 상관은 자녀 교육에 대한 관심이 상대적으로 낮음.",
      "interpretation": "자녀 교육보다는 다른 환경적 요인에 더 관심을 가짐.",
      "action": "자녀의 교육 환경에 대한 관심을 조금 더 기울여라.",
      "cautions": [],
      "tags": [
        "상관",
        "연간",
        "자녀",
        "교육",
        "환경"
      ],
      "id": "RC-f4f2804086"
    },
    {
      "topic": "RELATION",
      "priority": 6,
      "trigger": {
        "ten_god": "식신",
        "self_strength": "신약",
        "position": "연간"
      },
      "mechanism": "신약한 식신이 연간에 있으면 자녀 교육에 무리한 투자를 할 가능성이 있음.",
      "interpretation": "자녀 교육을 위해 재정적 무리를 감수할 수 있음.",
      "action": "재정 상황을 고려하여 현실적인 교육 계획을 세워라.",
      "cautions": [
        "무리한 투자로 인해 재정적 어려움이 생길 수 있음."
      ],
      "tags": [
        "식신",
        "연간",
        "신약",
        "자녀",
        "교육"
      ],
      "id": "RC-188360219c"
    }
  ],
  "notes": [],
  "schema_version": "rulecards.v1",
  "module_code": "SajuOS_APPL_034",
  "updated_at": "2025-12-23T20:27:26"
}