{
  "title": "SajuOS_Logic_APPL_005",
  "rulecards": [
    {
      "id": "RC-c96a642654",
      "topic": "LOVE",
      "priority": 9,
      "trigger": {
        "note": "결혼 전과 후의 관계 변화에 대한 인식 여부"
      },
      "mechanism": "결혼은 관계의 전환을 의미하며, 연애와는 다른 구조를 가짐.",
      "interpretation": "결혼 후 관계의 변화에 대한 인식이 부족하면 갈등이 발생할 가능성이 높음.",
      "action": "결혼 전후의 관계 변화를 명확히 이해하고 준비할 것.",
      "cautions": [
        "결혼 전의 연애 관계와 동일한 기대를 가지지 말 것."
      ],
      "tags": [
        "결혼",
        "관계변화",
        "연애",
        "갈등",
        "인식"
      ]
    },
    {
      "id": "RC-97818940d1",
      "topic": "LOVE",
      "priority": 8,
      "trigger": {
        "note": "사주에 비겁이 강한 경우"
      },
      "mechanism": "비겁은 경쟁과 전투력을 의미하며, 재관과의 상호작용에서 갈등을 유발할 수 있음.",
      "interpretation": "비겁이 강하면 재관과의 관계에서 갈등이 발생할 가능성이 높음.",
      "action": "재관과의 관계를 조율하고 갈등을 최소화할 방법을 모색할 것.",
      "cautions": [
        "비겁이 강한 사람은 지나친 경쟁심을 경계할 것."
      ],
      "tags": [
        "비겁",
        "재관",
        "경쟁",
        "갈등",
        "조율"
      ]
    },
    {
      "id": "RC-cab7a33395",
      "topic": "STRUCTURE",
      "priority": 7,
      "trigger": {
        "note": "사주에 오행이 두 개만 있는 경우"
      },
      "mechanism": "오행이 부족하면 극의 에너지가 약해지고, 생존력과 전투력이 저하됨.",
      "interpretation": "오행이 부족하면 경쟁과 갈등 상황에서 쉽게 포기할 가능성이 높음.",
      "action": "오행의 균형을 맞추는 방향으로 삶의 구조를 조정할 것.",
      "cautions": [
        "오행 부족으로 인한 무기력감을 경계할 것."
      ],
      "tags": [
        "오행",
        "극의 에너지",
        "생존력",
        "전투력",
        "균형"
      ]
    },
    {
      "id": "RC-1773fbbbc5",
      "topic": "LOVE",
      "priority": 8,
      "trigger": {
        "note": "월지에 비견이 있는 경우"
      },
      "mechanism": "월지 비견은 사회적 관계와 협력의 기반을 제공함.",
      "interpretation": "월지 비견은 주변 사람들과의 협력과 지지를 받을 가능성을 높임.",
      "action": "사회적 관계를 적극적으로 활용하고 협력적 태도를 유지할 것.",
      "cautions": [
        "비견이 강할 경우 지나친 의존이나 갈등을 주의할 것."
      ],
      "tags": [
        "월지",
        "비견",
        "사회적 관계",
        "협력",
        "지지"
      ]
    },
    {
      "id": "RC-11edb34511",
      "topic": "STRUCTURE",
      "priority": 9,
      "trigger": {
        "note": "월지에 비견이 있고 정관이 있는 경우"
      },
      "mechanism": "정관은 비견을 조율하고 합리적인 결론을 도출하는 역할을 함.",
      "interpretation": "정관이 있으면 비견과의 관계에서 조화와 안정성을 유지할 수 있음.",
      "action": "정관의 에너지를 활용해 비견과의 관계를 조율할 것.",
      "cautions": [
        "정관이 약하면 비견과의 갈등이 심화될 수 있음."
      ],
      "tags": [
        "월지",
        "비견",
        "정관",
        "조율",
        "안정성"
      ]
    },
    {
      "id": "RC-7fab2e802c",
      "topic": "LOVE",
      "priority": 7,
      "trigger": {
        "note": "사주에 평관이 강한 경우"
      },
      "mechanism": "평관은 극단적이고 독재적인 성향을 나타냄.",
      "interpretation": "평관이 강하면 결혼 생활에서 독단적이고 갈등을 유발할 가능성이 높음.",
      "action": "평관의 에너지를 조율하고 타인의 의견을 존중할 것.",
      "cautions": [
        "평관이 강한 사람은 독단적 태도를 경계할 것."
      ],
      "tags": [
        "평관",
        "독재",
        "갈등",
        "조율",
        "존중"
      ]
    },
    {
      "id": "RC-16d4d91dd6",
      "topic": "STRUCTURE",
      "priority": 8,
      "trigger": {
        "note": "월지에 비견이 있고 정관이 없는 경우"
      },
      "mechanism": "정관이 없으면 비견과의 관계에서 갈등이 발생할 가능성이 높음.",
      "interpretation": "정관이 없으면 비견과의 관계에서 조화와 안정성을 유지하기 어려움.",
      "action": "정관의 부재를 보완할 수 있는 다른 요소를 활용할 것.",
      "cautions": [
        "정관이 없으면 비견과의 갈등을 주의할 것."
      ],
      "tags": [
        "월지",
        "비견",
        "정관",
        "갈등",
        "조화"
      ]
    },
    {
      "id": "RC-bdc788f708",
      "topic": "LOVE",
      "priority": 6,
      "trigger": {
        "note": "사주에 재생관이 없는 경우"
      },
      "mechanism": "재생관은 관의 에너지를 보완하고 안정성을 제공함.",
      "interpretation": "재생관이 없으면 결혼 생활에서 안정성과 만족도가 낮아질 가능성이 있음.",
      "action": "재생관의 부재를 보완할 수 있는 방법을 모색할 것.",
      "cautions": [
        "재생관이 없으면 결혼 생활에서 불만이 생길 수 있음."
      ],
      "tags": [
        "재생관",
        "안정성",
        "결혼",
        "만족도",
        "보완"
      ]
    },
    {
      "id": "RC-9351af10df",
      "topic": "LOVE",
      "priority": 7,
      "trigger": {
        "note": "사주에 식상과 인성이 없는 경우"
      },
      "mechanism": "식상과 인성은 소통과 애정을 나타냄.",
      "interpretation": "식상과 인성이 없으면 결혼 생활에서 소통과 애정이 부족할 가능성이 있음.",
      "action": "소통과 애정을 증진시키는 노력을 기울일 것.",
      "cautions": [
        "식상과 인성이 없으면 관계가 형식적으로 변할 수 있음."
      ],
      "tags": [
        "식상",
        "인성",
        "소통",
        "애정",
        "결혼"
      ]
    },
    {
      "id": "RC-6d34cd72ed",
      "topic": "STRUCTURE",
      "priority": 8,
      "trigger": {
        "note": "월지에 비견이 있고 평관이 강한 경우"
      },
      "mechanism": "평관은 비견을 희생시키는 성향을 가짐.",
      "interpretation": "평관이 강하면 비견과의 관계에서 갈등과 희생이 발생할 가능성이 높음.",
      "action": "평관의 에너지를 조율하고 비견과의 관계를 개선할 것.",
      "cautions": [
        "평관이 강한 사람은 비견과의 갈등을 주의할 것."
      ],
      "tags": [
        "월지",
        "비견",
        "평관",
        "갈등",
        "희생"
      ]
    },
    {
      "id": "RC-82efa7e0ab",
      "topic": "LOVE",
      "priority": 9,
      "trigger": {
        "ten_gods": "편관",
        "position": "월간"
      },
      "mechanism": "편관은 자기중심적이고 극단적인 결정을 내리는 성향이 강함.",
      "interpretation": "편관은 배우자와의 관계에서 자신의 의견을 따르지 않으면 인연을 끊는 경향이 있음.",
      "action": "편관 성향이 강한 사람은 자신의 의견을 존중하고 따를 수 있는 배우자를 선택해야 함.",
      "cautions": [
        "편관과 정관의 결혼은 갈등 가능성이 높음.",
        "극단적인 결정이 관계를 악화시킬 수 있음."
      ],
      "tags": [
        "편관",
        "결혼",
        "갈등",
        "의견",
        "관계"
      ]
    },
    {
      "id": "RC-29e33ae372",
      "topic": "LOVE",
      "priority": 8,
      "trigger": {
        "ten_gods": "정관",
        "position": "월간"
      },
      "mechanism": "정관은 관계를 유지하려는 성향이 강함.",
      "interpretation": "정관은 배우자와의 관계에서 인연을 끊지 않고 끝까지 유지하려는 경향이 있음.",
      "action": "정관 성향이 강한 사람은 신뢰와 안정감을 줄 수 있는 배우자를 선택해야 함.",
      "cautions": [
        "정관과 편관의 결혼은 가치관 차이로 인해 어려움이 있을 수 있음."
      ],
      "tags": [
        "정관",
        "결혼",
        "안정",
        "신뢰",
        "관계"
      ]
    },
    {
      "id": "RC-a0d8cbe618",
      "topic": "LOVE",
      "priority": 7,
      "trigger": {
        "ten_gods": "편관",
        "relation": "정관"
      },
      "mechanism": "편관과 정관은 가치관과 행동 방식에서 큰 차이를 보임.",
      "interpretation": "편관과 정관의 결혼은 갈등이 잦고 지속되기 어려운 경향이 있음.",
      "action": "편관은 편관끼리, 정관은 정관끼리 결혼하는 것이 더 안정적일 수 있음.",
      "cautions": [
        "편관과 정관의 결혼은 큰 사건에서 갈등이 심화될 가능성이 있음."
      ],
      "tags": [
        "편관",
        "정관",
        "결혼",
        "갈등",
        "가치관"
      ]
    },
    {
      "id": "RC-e15d4b270e",
      "topic": "LOVE",
      "priority": 8,
      "trigger": {
        "ten_gods": "비견",
        "position": "월간"
      },
      "mechanism": "월간 비견은 인복과 관계됨.",
      "interpretation": "월간 비견이 강하면 인복이 좋고, 약하면 인복이 부족할 수 있음.",
      "action": "비견을 활용하여 인간관계를 잘 유지하고 신뢰를 쌓아야 함.",
      "cautions": [
        "비견이 약하면 사람을 쉽게 믿지 말아야 함.",
        "인복이 부족하면 재물 손실 가능성이 있음."
      ],
      "tags": [
        "비견",
        "인복",
        "관계",
        "신뢰",
        "재물"
      ]
    },
    {
      "id": "RC-4f0e8c29ac",
      "topic": "LOVE",
      "priority": 7,
      "trigger": {
        "ten_gods": "식상",
        "position": "월간"
      },
      "mechanism": "식상은 사랑을 표현하고 관계를 형성하는 힘과 관련됨.",
      "interpretation": "식상이 강하면 사랑을 표현하고 관계를 맺는 데 유리함.",
      "action": "식상을 활용하여 감정을 솔직히 표현하고 관계를 발전시켜야 함.",
      "cautions": [
        "식상이 없으면 사랑을 표현하지 못해 관계 형성이 어려울 수 있음."
      ],
      "tags": [
        "식상",
        "사랑",
        "표현",
        "관계",
        "감정"
      ]
    },
    {
      "id": "RC-7f3ee9a8e5",
      "topic": "LOVE",
      "priority": 6,
      "trigger": {
        "ten_gods": "재",
        "position": "월간"
      },
      "mechanism": "재는 결혼과 책임을 상징함.",
      "interpretation": "재가 강하면 결혼을 결정하고 책임을 질 수 있는 힘이 있음.",
      "action": "재를 활용하여 결혼과 관련된 결정을 내리고 책임을 다해야 함.",
      "cautions": [
        "재가 약하면 결혼을 결정하거나 책임을 지는 데 어려움이 있을 수 있음."
      ],
      "tags": [
        "재",
        "결혼",
        "책임",
        "결정",
        "관계"
      ]
    },
    {
      "id": "RC-7969b3cd29",
      "topic": "LOVE",
      "priority": 7,
      "trigger": {
        "ten_gods": "비견",
        "relation": "식상"
      },
      "mechanism": "비견과 식상이 조화를 이루면 사랑과 관계 형성이 원활함.",
      "interpretation": "비견과 식상이 조화를 이루면 사랑을 표현하고 관계를 발전시키는 데 유리함.",
      "action": "비견과 식상의 조화를 통해 사랑과 관계를 적극적으로 발전시켜야 함.",
      "cautions": [
        "비견과 식상이 조화를 이루지 못하면 삼각관계 등 갈등이 생길 수 있음."
      ],
      "tags": [
        "비견",
        "식상",
        "사랑",
        "관계",
        "조화"
      ]
    },
    {
      "id": "RC-e79c4736f3",
      "topic": "LOVE",
      "priority": 6,
      "trigger": {
        "ten_gods": "재",
        "relation": "식상"
      },
      "mechanism": "식상이 재로 연결되면 사랑의 결과로 결혼이 이루어짐.",
      "interpretation": "식상이 재로 연결되면 사랑이 결혼으로 이어질 가능성이 높음.",
      "action": "식상과 재의 조화를 통해 결혼을 준비하고 책임을 다해야 함.",
      "cautions": [
        "식상이 없으면 사랑이 결혼으로 이어지기 어려울 수 있음."
      ],
      "tags": [
        "식상",
        "재",
        "결혼",
        "사랑",
        "책임"
      ]
    },
    {
      "id": "RC-3624092064",
      "topic": "LOVE",
      "priority": 5,
      "trigger": {
        "ten_gods": "비견",
        "relation": "재"
      },
      "mechanism": "비견과 재의 관계는 삼각관계와 같은 갈등을 유발할 수 있음.",
      "interpretation": "비견과 재가 조화를 이루지 못하면 삼각관계 등 복잡한 관계가 형성될 수 있음.",
      "action": "비견과 재의 관계를 조율하여 갈등을 최소화해야 함.",
      "cautions": [
        "비견과 재의 갈등은 관계를 악화시킬 수 있음."
      ],
      "tags": [
        "비견",
        "재",
        "삼각관계",
        "갈등",
        "관계"
      ]
    },
    {
      "id": "RC-b8cbd80c13",
      "topic": "LOVE",
      "priority": 6,
      "trigger": {
        "ten_gods": "편관",
        "relation": "정관"
      },
      "mechanism": "편관과 정관은 성향이 달라 갈등이 잦음.",
      "interpretation": "편관과 정관의 결혼은 가치관 차이로 인해 지속되기 어려움.",
      "action": "편관과 정관은 서로의 차이를 이해하고 조율하려는 노력이 필요함.",
      "cautions": [
        "갈등이 심화되면 관계가 단절될 수 있음."
      ],
      "tags": [
        "편관",
        "정관",
        "갈등",
        "결혼",
        "조율"
      ]
    }
  ],
  "notes": [],
  "schema_version": "rulecards.v1",
  "module_code": "SajuOS_APPL_005",
  "updated_at": "2025-12-23T20:27:26"
}