{
  "title": "SajuOS_Logic_APPL_068",
  "rulecards": [
    {
      "topic": "CAREER",
      "priority": 9,
      "trigger": {
        "season": "summer",
        "ten_god": "인성"
      },
      "mechanism": "여름의 인성은 흡수력이 뛰어나며 연구와 개발에 적합한 에너지를 가짐.",
      "interpretation": "여름생 인성은 주로 이공계열 직업에 적합하며, 연구와 개발 분야에서 두각을 나타냄.",
      "action": "제약, 화학, 석유화학 등 연구개발 중심의 직업을 고려.",
      "cautions": [
        "AI 분야는 여름생 인성에게 적합하지 않을 수 있음."
      ],
      "tags": [
        "여름",
        "인성",
        "연구",
        "개발",
        "이공계열",
        "직업",
        "제약",
        "화학",
        "석유화학"
      ],
      "id": "RC-cc11ac281f"
    },
    {
      "topic": "CAREER",
      "priority": 8,
      "trigger": {
        "season": "winter",
        "ten_god": "인성"
      },
      "mechanism": "겨울의 인성은 교육과 관인 상생의 에너지를 활용함.",
      "interpretation": "겨울생 인성은 교육 분야나 일반 직장인으로의 경향이 강함.",
      "action": "교육 관련 직업이나 안정적인 직장 선택을 추천.",
      "cautions": [
        "용신이 없으면 전공과 다른 직업으로 갈 가능성이 높음."
      ],
      "tags": [
        "겨울",
        "인성",
        "교육",
        "관인상생",
        "직업",
        "안정성",
        "용신"
      ],
      "id": "RC-4cb37285b5"
    },
    {
      "topic": "CAREER",
      "priority": 7,
      "trigger": {
        "season": "spring",
        "ten_god": "인성"
      },
      "mechanism": "봄의 인성은 종교적 코드와 정신적 노동에 적합한 에너지를 가짐.",
      "interpretation": "봄생 인성은 종교, 상담, 창작 등 정신적 노동에 적합.",
      "action": "종교, 상담, 창작 관련 직업을 탐색.",
      "cautions": [
        "서비스직과는 다소 거리가 있음."
      ],
      "tags": [
        "봄",
        "인성",
        "종교",
        "상담",
        "창작",
        "정신노동",
        "직업"
      ],
      "id": "RC-ee440ea9b6"
    },
    {
      "topic": "CAREER",
      "priority": 8,
      "trigger": {
        "ten_god": "식신",
        "season": "summer"
      },
      "mechanism": "여름의 식신은 활동성과 재능이 초기에 드러남.",
      "interpretation": "여름생 식신은 운동, 활동성 높은 직업에 적합.",
      "action": "운동, 활동적인 직업을 탐색하고 조기에 재능을 발견.",
      "cautions": [
        "다양한 재능으로 인해 선택과 집중이 어려울 수 있음."
      ],
      "tags": [
        "여름",
        "식신",
        "운동",
        "활동성",
        "재능",
        "조기발견",
        "직업"
      ],
      "id": "RC-11993555bd"
    },
    {
      "topic": "CAREER",
      "priority": 7,
      "trigger": {
        "ten_god": "식신",
        "season": "winter"
      },
      "mechanism": "겨울의 식신은 정신적 코드와 치유 에너지를 가짐.",
      "interpretation": "겨울생 식신은 교육, 상담, 치유 관련 직업에 적합.",
      "action": "교육, 상담, 치유 관련 직업을 탐색.",
      "cautions": [
        "자신의 타고난 재능을 인지하지 못할 가능성이 있음."
      ],
      "tags": [
        "겨울",
        "식신",
        "교육",
        "상담",
        "치유",
        "정신적코드",
        "직업"
      ],
      "id": "RC-7231bb66d3"
    },
    {
      "topic": "CAREER",
      "priority": 6,
      "trigger": {
        "ten_god": "식신",
        "season": "spring"
      },
      "mechanism": "봄의 식신은 인간의 기초 욕구를 해결하는 직업에 적합.",
      "interpretation": "봄생 식신은 의식주, 안전, 자아실현 관련 직업에 적합.",
      "action": "의식주, 안전, 자아실현 관련 직업을 탐색.",
      "cautions": [
        "유통보다는 제조업에 적합."
      ],
      "tags": [
        "봄",
        "식신",
        "의식주",
        "안전",
        "자아실현",
        "제조업",
        "직업"
      ],
      "id": "RC-b23b617492"
    },
    {
      "topic": "CAREER",
      "priority": 7,
      "trigger": {
        "ten_god": "식신",
        "season": "autumn"
      },
      "mechanism": "가을의 식신은 연구와 반복적 활동에 적합.",
      "interpretation": "가을생 식신은 연구직이나 자영업에 적합.",
      "action": "연구직이나 독자 브랜드 중심의 자영업을 탐색.",
      "cautions": [
        "유통업과는 잘 맞지 않음."
      ],
      "tags": [
        "가을",
        "식신",
        "연구",
        "자영업",
        "반복적활동",
        "직업",
        "독자브랜드"
      ],
      "id": "RC-f85c73dcab"
    },
    {
      "topic": "CAREER",
      "priority": 8,
      "trigger": {
        "ten_god": "상관",
        "season": "summer"
      },
      "mechanism": "여름의 상관은 예체능과 언어적 재능이 강함.",
      "interpretation": "여름생 상관은 예술, 언론, 대변인 등 직업에 적합.",
      "action": "예체능, 언론, 대변인 관련 직업을 탐색.",
      "cautions": [
        "트렌드와 유행에 민감하므로 지속적인 학습 필요."
      ],
      "tags": [
        "여름",
        "상관",
        "예체능",
        "언론",
        "대변인",
        "트렌드",
        "직업"
      ],
      "id": "RC-1366a61d41"
    },
    {
      "topic": "CAREER",
      "priority": 7,
      "trigger": {
        "ten_god": "상관",
        "season": "winter"
      },
      "mechanism": "겨울의 상관은 정신적 코드와 봉사적 성향이 강함.",
      "interpretation": "겨울생 상관은 복지, 시민운동, 상담 등 직업에 적합.",
      "action": "복지, 시민운동, 상담 관련 직업을 탐색.",
      "cautions": [
        "정의감이 강해 직업 선택 시 신중해야 함."
      ],
      "tags": [
        "겨울",
        "상관",
        "복지",
        "시민운동",
        "상담",
        "정의감",
        "직업"
      ],
      "id": "RC-01efeffd9f"
    },
    {
      "topic": "CAREER",
      "priority": 6,
      "trigger": {
        "ten_god": "식신",
        "context": "재살"
      },
      "mechanism": "식신재살은 타인의 불편함을 해결하는 에너지를 가짐.",
      "interpretation": "식신재살은 영리보다는 타인의 문제를 해결하는 직업에 적합.",
      "action": "타인의 문제를 해결하는 직업을 탐색.",
      "cautions": [
        "영리활동과는 방향성이 다를 수 있음."
      ],
      "tags": [
        "식신",
        "재살",
        "타인문제해결",
        "직업",
        "봉사",
        "영리활동"
      ],
      "id": "RC-38b578d3c1"
    },
    {
      "topic": "CAREER",
      "priority": 9,
      "trigger": {
        "season": "summer",
        "ten_god": "상관"
      },
      "mechanism": "여름생의 상관은 유행과 이슈에 민감하며 창의적이고 독창적인 성향을 보임.",
      "interpretation": "예체능, 언론, 패션 등 트렌드 중심의 직업에 적합.",
      "action": "최신 트렌드를 지속적으로 학습하고 활용할 것.",
      "cautions": [
        "유행에 지나치게 집착하지 않도록 주의.",
        "자신의 재능을 과신하지 말 것."
      ],
      "tags": [
        "여름",
        "상관",
        "트렌드",
        "예체능",
        "언론",
        "패션",
        "창의성",
        "독창성",
        "유행",
        "이슈"
      ],
      "id": "RC-bea738f819"
    },
    {
      "topic": "CAREER",
      "priority": 8,
      "trigger": {
        "season": "winter",
        "ten_god": "상관"
      },
      "mechanism": "겨울생의 상관은 정밀한 기술과 이론적 완성도를 중시함.",
      "interpretation": "정밀 기술, 전기, 위험 관리 등 고도의 전문성이 요구되는 직업에 적합.",
      "action": "기술적 완성도를 높이기 위해 지속적으로 학습하고 훈련할 것.",
      "cautions": [
        "과도한 완벽주의를 피할 것.",
        "위험 요소를 철저히 관리할 것."
      ],
      "tags": [
        "겨울",
        "상관",
        "정밀기술",
        "전기",
        "위험관리",
        "전문성",
        "이론",
        "완성도",
        "기술",
        "학습"
      ],
      "id": "RC-64dd3fd4bd"
    },
    {
      "topic": "CAREER",
      "priority": 7,
      "trigger": {
        "season": "spring",
        "ten_god": "상관"
      },
      "mechanism": "봄생의 상관은 정의와 약자 보호에 관심이 많음.",
      "interpretation": "정치, 언론, 봉사, 사회단체 등 약자 대변과 관련된 직업에 적합.",
      "action": "사회적 약자를 위한 활동에 참여하고, 관련 분야에서 경력을 쌓을 것.",
      "cautions": [
        "시대적 변화에 따른 가치관의 변화를 수용할 것.",
        "타협과 협력을 중시할 것."
      ],
      "tags": [
        "봄",
        "상관",
        "정의",
        "약자보호",
        "정치",
        "언론",
        "봉사",
        "사회단체",
        "대변",
        "협력"
      ],
      "id": "RC-ff634c452b"
    },
    {
      "topic": "CAREER",
      "priority": 8,
      "trigger": {
        "season": "summer",
        "ten_god": "식신"
      },
      "mechanism": "여름생의 식신은 국내 문화와 정서에 적합한 창의성을 발휘함.",
      "interpretation": "국내 중심의 예술, 문화 관련 직업에 적합.",
      "action": "지역적 특성을 반영한 창작 활동에 집중할 것.",
      "cautions": [
        "국내 시장에만 국한되지 않도록 주의.",
        "창작의 다양성을 유지할 것."
      ],
      "tags": [
        "여름",
        "식신",
        "국내문화",
        "예술",
        "창의성",
        "정서",
        "창작",
        "지역성",
        "문화",
        "직업"
      ],
      "id": "RC-97b4c69c63"
    },
    {
      "topic": "CAREER",
      "priority": 6,
      "trigger": {
        "season": "winter",
        "ten_god": "식신"
      },
      "mechanism": "겨울생의 식신은 정밀성과 안정성을 중시함.",
      "interpretation": "정밀한 작업이나 안정적인 환경에서의 직업에 적합.",
      "action": "정확성과 신뢰성을 기반으로 한 업무를 선택할 것.",
      "cautions": [
        "변수 예측 능력을 강화할 것.",
        "안정성에 지나치게 의존하지 말 것."
      ],
      "tags": [
        "겨울",
        "식신",
        "정밀성",
        "안정성",
        "직업",
        "정확성",
        "신뢰성",
        "변수",
        "예측",
        "환경"
      ],
      "id": "RC-fa6f126ddc"
    },
    {
      "topic": "CAREER",
      "priority": 7,
      "trigger": {
        "season": "spring",
        "ten_god": "비겁"
      },
      "mechanism": "봄생의 비겁은 리더십과 조직 관리 능력을 발휘함.",
      "interpretation": "국가직, 대기업, 리더십이 요구되는 직업에 적합.",
      "action": "조직 내에서 리더십을 발휘하고, 팀워크를 강화할 것.",
      "cautions": [
        "권위적인 태도를 피할 것.",
        "조직 내 갈등을 조정할 것."
      ],
      "tags": [
        "봄",
        "비겁",
        "리더십",
        "조직관리",
        "국가직",
        "대기업",
        "팀워크",
        "조정",
        "갈등",
        "직업"
      ],
      "id": "RC-13d8d1c583"
    },
    {
      "topic": "CAREER",
      "priority": 8,
      "trigger": {
        "season": "autumn",
        "ten_god": "겁재"
      },
      "mechanism": "가을생의 겁재는 강한 실행력과 조직화 능력을 발휘함.",
      "interpretation": "군, 경찰, 사법계열, 영업조직 등 실행력과 조직화가 요구되는 직업에 적합.",
      "action": "조직 내에서 실행력을 발휘하고, 팀을 효과적으로 관리할 것.",
      "cautions": [
        "조직 내 갈등을 유발하지 않도록 주의.",
        "과도한 경쟁을 피할 것."
      ],
      "tags": [
        "가을",
        "겁재",
        "실행력",
        "조직화",
        "군",
        "경찰",
        "사법",
        "영업",
        "경쟁",
        "관리"
      ],
      "id": "RC-548674a8eb"
    },
    {
      "topic": "CAREER",
      "priority": 9,
      "trigger": {
        "season": "winter",
        "ten_god": "임수"
      },
      "mechanism": "겨울생의 임수는 유연성과 조직 내 변화 관리 능력을 발휘함.",
      "interpretation": "헤드헌터, 인사관리, 조직 설계 등 사람과 조직을 다루는 직업에 적합.",
      "action": "조직 내 변화와 사람 관리에 집중할 것.",
      "cautions": [
        "조직 내 갈등을 조정할 것.",
        "변화에 대한 저항을 관리할 것."
      ],
      "tags": [
        "겨울",
        "임수",
        "유연성",
        "조직관리",
        "헤드헌터",
        "인사",
        "변화",
        "조정",
        "갈등",
        "관리"
      ],
      "id": "RC-2c5e461f67"
    }
  ],
  "notes": [],
  "schema_version": "rulecards.v1",
  "module_code": "SajuOS_APPL_068",
  "updated_at": "2025-12-23T20:27:27"
}