{
  "title": "SajuOS_Logic_APPL_028",
  "rulecards": [
    {
      "id": "RC-1bb4e531be",
      "topic": "STRUCTURE",
      "priority": 9,
      "trigger": {
        "note": "일간에 비견이 근으로 작용할 때"
      },
      "mechanism": "비견이 근으로 작용하면 학습 능력이 극대화됨.",
      "interpretation": "학습 속도가 빨라지고 효율적으로 몰입 가능.",
      "action": "효율적인 학습 방법을 찾아 집중력을 극대화할 것.",
      "cautions": [
        "비견이 없으면 학습 효율이 떨어질 수 있음."
      ],
      "tags": [
        "비견",
        "근",
        "학습능력",
        "효율",
        "집중력"
      ]
    },
    {
      "id": "RC-1a867209b5",
      "topic": "TEN_GODS",
      "priority": 8,
      "trigger": {
        "note": "비견과 인성이 조합될 때"
      },
      "mechanism": "비견과 인성의 조합은 기억력과 학습 능력을 강화.",
      "interpretation": "책을 통째로 외우는 능력과 학습 효율이 증가.",
      "action": "기억력을 활용한 학습 전략을 세울 것.",
      "cautions": [
        "편인은 감정적 편향으로 인해 학습 효율이 저하될 수 있음."
      ],
      "tags": [
        "비견",
        "인성",
        "기억력",
        "학습효율",
        "편인"
      ]
    },
    {
      "id": "RC-e0ba424057",
      "topic": "TEN_GODS",
      "priority": 7,
      "trigger": {
        "note": "비견이 근으로 작용하고 식상이 활성화될 때"
      },
      "mechanism": "비견이 식상을 밀어주면 실전 학습 능력이 강화됨.",
      "interpretation": "문제를 직접 풀어보는 학습 방식에 강점.",
      "action": "실전 문제 풀이를 통해 학습 효과를 높일 것.",
      "cautions": [
        "비겁이 없으면 학습 중 딴짓 가능성이 높아짐."
      ],
      "tags": [
        "비견",
        "식상",
        "실전학습",
        "문제풀이",
        "효율"
      ]
    },
    {
      "id": "RC-94e389f59b",
      "topic": "TEN_GODS",
      "priority": 8,
      "trigger": {
        "note": "겁재가 근처럼 작용하고 인성이 있을 때"
      },
      "mechanism": "겁재는 낯선 것을 수용하고 인성은 이를 학습으로 연결.",
      "interpretation": "외국어 습득이나 새로운 지식 흡수에 강점.",
      "action": "새로운 언어와 지식을 적극적으로 받아들일 것.",
      "cautions": [
        "겁재가 없으면 낯선 것을 받아들이기 어려움."
      ],
      "tags": [
        "겁재",
        "인성",
        "외국어",
        "지식흡수",
        "수용력"
      ]
    },
    {
      "id": "RC-88c710d1d1",
      "topic": "TEN_GODS",
      "priority": 6,
      "trigger": {
        "note": "비겁이 없고 인성만 있을 때"
      },
      "mechanism": "비겁이 없으면 장기 기억 전환이 어려움.",
      "interpretation": "학습 내용이 오래 기억되지 않음.",
      "action": "충분한 수면과 복습으로 기억력을 보완할 것.",
      "cautions": [
        "비겁이 없으면 학습 효율이 떨어질 수 있음."
      ],
      "tags": [
        "비겁",
        "인성",
        "기억력",
        "수면",
        "복습"
      ]
    },
    {
      "id": "RC-efc6785294",
      "topic": "TEN_GODS",
      "priority": 7,
      "trigger": {
        "note": "비겁이 강하고 관이 왕할 때"
      },
      "mechanism": "비겁과 관의 조합은 경쟁 상황에서 강점을 발휘.",
      "interpretation": "시험이나 경쟁에서 높은 성과를 냄.",
      "action": "경쟁 환경을 활용해 목표를 설정할 것.",
      "cautions": [
        "과정이 보이지 않아 주변에서 오해할 수 있음."
      ],
      "tags": [
        "비겁",
        "관",
        "경쟁",
        "시험",
        "성과"
      ]
    },
    {
      "id": "RC-6950a48f50",
      "topic": "TEN_GODS",
      "priority": 8,
      "trigger": {
        "note": "겁재와 편관이 강할 때"
      },
      "mechanism": "겁재와 편관은 결핍을 원동력으로 삼아 극복.",
      "interpretation": "큰 시험이나 도전에서 성공 가능성이 높음.",
      "action": "목표를 명확히 하고 집중적으로 노력할 것.",
      "cautions": [
        "어린 시절의 결핍이 동력이 될 수 있음."
      ],
      "tags": [
        "겁재",
        "편관",
        "결핍",
        "도전",
        "성공"
      ]
    },
    {
      "id": "RC-b57ef0217b",
      "topic": "TEN_GODS",
      "priority": 6,
      "trigger": {
        "note": "비겁이 강하고 식상이 약할 때"
      },
      "mechanism": "비겁이 식상을 밀어주지 못하면 학습 효율 저하.",
      "interpretation": "학습 중간에 딴짓하거나 효율이 떨어짐.",
      "action": "학습 계획을 세우고 집중력을 유지할 것.",
      "cautions": [
        "비겁이 없으면 학습 지속력이 약해질 수 있음."
      ],
      "tags": [
        "비겁",
        "식상",
        "학습효율",
        "집중력",
        "계획"
      ]
    },
    {
      "id": "RC-78180ed958",
      "topic": "TEN_GODS",
      "priority": 7,
      "trigger": {
        "note": "비겁이 강하고 인성이 있을 때"
      },
      "mechanism": "비겁과 인성의 조합은 학습 지속력과 효율을 강화.",
      "interpretation": "장시간 학습에도 높은 집중력을 유지.",
      "action": "장기적인 학습 목표를 설정하고 꾸준히 노력할 것.",
      "cautions": [
        "비겁이 약하면 학습 지속력이 떨어질 수 있음."
      ],
      "tags": [
        "비겁",
        "인성",
        "지속력",
        "집중력",
        "장기목표"
      ]
    },
    {
      "id": "RC-5fbfdb53a0",
      "topic": "TEN_GODS",
      "priority": 6,
      "trigger": {
        "note": "비겁이 강하고 재성이 있을 때"
      },
      "mechanism": "비겁과 재성의 조합은 실용적 목표를 추구.",
      "interpretation": "학습보다는 실용적 성과에 집중.",
      "action": "실용적 목표를 설정하고 이를 달성할 방법을 모색할 것.",
      "cautions": [
        "재성이 강하면 학습보다는 실용적 성과에 치중할 수 있음."
      ],
      "tags": [
        "비겁",
        "재성",
        "실용성",
        "목표",
        "성과"
      ]
    },
    {
      "topic": "STRUCTURE",
      "priority": 10,
      "trigger": {
        "structure": "격",
        "status": "뚜렷함"
      },
      "mechanism": "격이 뚜렷하면 기본적인 사회적 위치나 직업을 얻을 가능성이 높음.",
      "interpretation": "격이 뚜렷한 사람은 목표를 설정하고 이를 달성할 가능성이 큼.",
      "action": "격을 분석하여 적합한 목표와 방향성을 설정하라.",
      "cautions": [
        "격이 뚜렷하지 않으면 억부를 추가로 고려해야 함."
      ],
      "tags": [
        "격",
        "목표",
        "사회적위치",
        "직업",
        "억부"
      ],
      "id": "RC-c907f9edd0"
    },
    {
      "topic": "STRUCTURE",
      "priority": 9,
      "trigger": {
        "structure": "파격",
        "status": "존재"
      },
      "mechanism": "파격은 격의 안정성을 흔들 수 있음.",
      "interpretation": "파격이 있으면 공부나 목표 달성에 어려움이 있을 수 있음.",
      "action": "파격의 영향을 최소화하기 위해 억부를 활용하라.",
      "cautions": [
        "파격이 강하면 목표 달성에 큰 장애가 될 수 있음."
      ],
      "tags": [
        "파격",
        "격",
        "억부",
        "목표",
        "안정성"
      ],
      "id": "RC-712fd48765"
    },
    {
      "topic": "STRUCTURE",
      "priority": 8,
      "trigger": {
        "structure": "억부",
        "status": "강함"
      },
      "mechanism": "억부가 강하면 격의 부족을 보완할 수 있음.",
      "interpretation": "억부가 강한 사람은 목표를 달성할 가능성이 높음.",
      "action": "억부를 활용하여 목표를 설정하고 실행하라.",
      "cautions": [
        "억부가 약하면 목표 달성에 어려움이 있을 수 있음."
      ],
      "tags": [
        "억부",
        "격",
        "목표",
        "보완",
        "강약"
      ],
      "id": "RC-c168dea409"
    },
    {
      "topic": "STRUCTURE",
      "priority": 7,
      "trigger": {
        "structure": "정관격",
        "status": "존재"
      },
      "mechanism": "정관격은 목표를 설정하고 이를 달성하는 데 집중력을 제공함.",
      "interpretation": "정관격은 체계적이고 계획적인 학습에 유리함.",
      "action": "정관격의 특성을 활용하여 체계적인 학습 계획을 세워라.",
      "cautions": [
        "정관격이 약하면 집중력이 떨어질 수 있음."
      ],
      "tags": [
        "정관격",
        "목표",
        "집중력",
        "학습",
        "계획"
      ],
      "id": "RC-bcb45a2f04"
    },
    {
      "topic": "STRUCTURE",
      "priority": 6,
      "trigger": {
        "structure": "정관격",
        "status": "상관 포함"
      },
      "mechanism": "상관은 비판적 사고와 창의성을 제공함.",
      "interpretation": "정관격에 상관이 있으면 창의적이고 비판적인 학습이 가능함.",
      "action": "상관의 특성을 활용하여 문제를 다각도로 분석하라.",
      "cautions": [
        "상관이 과도하면 격의 안정성을 해칠 수 있음."
      ],
      "tags": [
        "정관격",
        "상관",
        "창의성",
        "비판적사고",
        "학습"
      ],
      "id": "RC-2871596282"
    },
    {
      "topic": "STRUCTURE",
      "priority": 5,
      "trigger": {
        "structure": "정관격",
        "status": "재성 포함"
      },
      "mechanism": "재성은 목표의 가변성을 제공함.",
      "interpretation": "재성이 있으면 목표가 유동적으로 변할 가능성이 있음.",
      "action": "재성의 영향을 고려하여 목표를 유연하게 조정하라.",
      "cautions": [
        "재성이 과도하면 목표가 불안정해질 수 있음."
      ],
      "tags": [
        "정관격",
        "재성",
        "목표",
        "가변성",
        "유연성"
      ],
      "id": "RC-38af41bcc7"
    },
    {
      "topic": "STRUCTURE",
      "priority": 8,
      "trigger": {
        "structure": "비겁",
        "status": "존재"
      },
      "mechanism": "비겁은 긴장감과 자신감을 제공함.",
      "interpretation": "비겁이 있으면 목표 달성을 위한 실행력이 강화됨.",
      "action": "비겁의 특성을 활용하여 적극적으로 행동하라.",
      "cautions": [
        "비겁이 과도하면 갈등을 유발할 수 있음."
      ],
      "tags": [
        "비겁",
        "긴장감",
        "자신감",
        "실행력",
        "목표"
      ],
      "id": "RC-707db3a396"
    },
    {
      "topic": "STRUCTURE",
      "priority": 7,
      "trigger": {
        "structure": "겁제",
        "status": "존재"
      },
      "mechanism": "겁제는 경쟁과 갈등을 유발할 수 있음.",
      "interpretation": "겁제가 있으면 목표 달성 과정에서 갈등이 발생할 가능성이 높음.",
      "action": "겁제를 조율하여 갈등을 최소화하라.",
      "cautions": [
        "겁제가 강하면 주변과의 관계가 악화될 수 있음."
      ],
      "tags": [
        "겁제",
        "갈등",
        "경쟁",
        "목표",
        "조율"
      ],
      "id": "RC-0f885eb520"
    },
    {
      "topic": "STRUCTURE",
      "priority": 9,
      "trigger": {
        "structure": "재관",
        "status": "강함"
      },
      "mechanism": "재관은 기회와 명예를 제공함.",
      "interpretation": "재관이 강하면 사회적 위치 상승과 기회가 많아짐.",
      "action": "재관의 기회를 활용하여 목표를 달성하라.",
      "cautions": [
        "재관이 과도하면 욕심이 지나칠 수 있음."
      ],
      "tags": [
        "재관",
        "기회",
        "명예",
        "목표",
        "사회적위치"
      ],
      "id": "RC-35ccd3a9fa"
    },
    {
      "topic": "STRUCTURE",
      "priority": 6,
      "trigger": {
        "structure": "재관",
        "status": "비겁 포함"
      },
      "mechanism": "비겁은 재관의 기회를 실행으로 연결함.",
      "interpretation": "비겁이 있으면 재관의 기회를 적극적으로 활용할 수 있음.",
      "action": "비겁의 특성을 활용하여 기회를 실행으로 옮겨라.",
      "cautions": [
        "비겁이 없으면 기회를 놓칠 가능성이 있음."
      ],
      "tags": [
        "재관",
        "비겁",
        "기회",
        "실행력",
        "목표"
      ],
      "id": "RC-3fffd8827e"
    }
  ],
  "notes": [],
  "schema_version": "rulecards.v1",
  "module_code": "SajuOS_APPL_028",
  "updated_at": "2025-12-23T20:27:26"
}