{
  "title": "SajuOS_Logic_APPL_032",
  "rulecards": [
    {
      "id": "RC-ea5d7b916c",
      "topic": "STRUCTURE",
      "priority": 9,
      "trigger": {
        "note": "격국이 강한 경우"
      },
      "mechanism": "격국은 타고난 환경과 자질을 결정짓는 요소로 작용.",
      "interpretation": "격국이 강한 사람은 특정 환경에서 자연스럽게 성공 가능성이 높음.",
      "action": "자신의 격국에 맞는 환경과 분야를 선택.",
      "cautions": [
        "격국이 강하더라도 환경 변화는 어려울 수 있음."
      ],
      "tags": [
        "격국",
        "환경",
        "타고난 자질",
        "성공",
        "적응"
      ]
    },
    {
      "id": "RC-ea11aaec14",
      "topic": "ELEMENTS",
      "priority": 8,
      "trigger": {
        "element": "수",
        "exists": true
      },
      "mechanism": "수는 과거의 정보와 데이터를 유연하게 받아들이는 에너지를 가짐.",
      "interpretation": "수의 에너지가 강한 사람은 학습 능력이 뛰어나고 흡수력이 좋음.",
      "action": "학습과 관련된 활동에 적극적으로 참여.",
      "cautions": [
        "수의 에너지가 없으면 학습이 어렵고 노력이 필요."
      ],
      "tags": [
        "수",
        "학습",
        "유연성",
        "정보",
        "흡수력"
      ]
    },
    {
      "id": "RC-a81bd60acb",
      "topic": "ELEMENTS",
      "priority": 7,
      "trigger": {
        "element": "수",
        "type": "임수"
      },
      "mechanism": "임수는 깊이 있는 이해와 원론적 접근을 선호.",
      "interpretation": "임수는 이론적이고 장기적인 학습에 강점이 있음.",
      "action": "이론적 학습과 연구에 집중.",
      "cautions": [
        "응용 능력은 상대적으로 부족할 수 있음."
      ],
      "tags": [
        "임수",
        "이론",
        "깊이",
        "연구",
        "장기적"
      ]
    },
    {
      "id": "RC-ab7b47482b",
      "topic": "ELEMENTS",
      "priority": 7,
      "trigger": {
        "element": "수",
        "type": "계수"
      },
      "mechanism": "계수는 응용과 실전적 학습에 강점.",
      "interpretation": "계수는 빠르게 이해하고 적용하는 능력이 뛰어남.",
      "action": "실전적 학습과 응용 중심의 활동에 참여.",
      "cautions": [
        "이론적 깊이는 부족할 수 있음."
      ],
      "tags": [
        "계수",
        "응용",
        "실전",
        "적용",
        "학습"
      ]
    },
    {
      "id": "RC-e0844f7ea7",
      "topic": "ELEMENTS",
      "priority": 6,
      "trigger": {
        "element": "수",
        "exists": false
      },
      "mechanism": "수의 부재는 학습의 유연성을 제한.",
      "interpretation": "수가 없는 사람은 학습이 낯설고 어렵게 느껴질 수 있음.",
      "action": "노력과 반복 학습을 통해 학습 능력을 보완.",
      "cautions": [
        "학습 과정에서 좌절감을 느낄 수 있음."
      ],
      "tags": [
        "수 없음",
        "학습 어려움",
        "노력",
        "반복",
        "보완"
      ]
    },
    {
      "id": "RC-58bbf4196a",
      "topic": "ELEMENTS",
      "priority": 8,
      "trigger": {
        "element": "수",
        "relation": "수생목"
      },
      "mechanism": "수생목은 학습의 준비와 지속성을 강화.",
      "interpretation": "수생목 구조는 학습의 기초를 탄탄히 하고 지속적인 성장을 가능하게 함.",
      "action": "학습의 기초를 다지고 꾸준히 노력.",
      "cautions": [
        "실전에서의 응용력은 추가적인 요소가 필요."
      ],
      "tags": [
        "수생목",
        "학습 준비",
        "지속성",
        "기초",
        "성장"
      ]
    },
    {
      "id": "RC-0e9e468ada",
      "topic": "ELEMENTS",
      "priority": 9,
      "trigger": {
        "element": "수",
        "relation": "수생목",
        "fire": "병화"
      },
      "mechanism": "병화는 수생목의 에너지를 실전에서 발휘하게 함.",
      "interpretation": "병화가 있으면 학습의 결과를 실전에서 효과적으로 발휘 가능.",
      "action": "병화의 에너지를 활용해 실전 경험을 쌓음.",
      "cautions": [
        "병화가 없으면 실전에서의 발휘가 어려울 수 있음."
      ],
      "tags": [
        "병화",
        "수생목",
        "실전",
        "발휘",
        "효과"
      ]
    },
    {
      "id": "RC-e9c078f492",
      "topic": "ELEMENTS",
      "priority": 7,
      "trigger": {
        "element": "목",
        "type": "을목",
        "fire": "병화"
      },
      "mechanism": "을목과 병화는 학습의 호기심과 실전적 접근을 강화.",
      "interpretation": "을목과 병화가 있으면 학습을 재미와 실전 중심으로 진행.",
      "action": "호기심을 자극하는 학습 환경을 조성.",
      "cautions": [
        "이론적 깊이는 부족할 수 있음."
      ],
      "tags": [
        "을목",
        "병화",
        "호기심",
        "실전",
        "학습"
      ]
    },
    {
      "id": "RC-106b8255fc",
      "topic": "ELEMENTS",
      "priority": 6,
      "trigger": {
        "element": "목",
        "type": "간목",
        "water": "계수"
      },
      "mechanism": "간목은 계수와 연결될 때 학습의 기초를 강화.",
      "interpretation": "간목과 계수가 연결되면 학습의 기초와 응용력이 조화됨.",
      "action": "기초 학습에 집중하고 응용력을 키움.",
      "cautions": [
        "간목이 단독으로 있으면 학습이 산만해질 수 있음."
      ],
      "tags": [
        "간목",
        "계수",
        "기초",
        "응용",
        "조화"
      ]
    },
    {
      "id": "RC-547eb8dbf3",
      "topic": "ELEMENTS",
      "priority": 8,
      "trigger": {
        "element": "임수",
        "metal": "신금"
      },
      "mechanism": "신금은 임수의 에너지를 지속적으로 공급.",
      "interpretation": "임수와 신금이 연결되면 학습의 깊이와 지속성이 강화됨.",
      "action": "신금의 에너지를 활용해 학습의 깊이를 더함.",
      "cautions": [
        "신금이 없으면 임수의 에너지가 약해질 수 있음."
      ],
      "tags": [
        "임수",
        "신금",
        "지속성",
        "깊이",
        "학습"
      ]
    },
    {
      "id": "RC-260faf1d4f",
      "topic": "EXAM",
      "priority": 9,
      "trigger": {
        "elements": [
          "정화",
          "경금",
          "간목"
        ],
        "all_required": true
      },
      "mechanism": "정화는 학문적 열정, 경금은 집중력, 간목은 실행력을 상징.",
      "interpretation": "이 세 가지가 모두 있으면 공부에 필요한 기본 자질을 갖춘 것으로 본다.",
      "action": "정화, 경금, 간목의 균형을 유지하며 학습 계획을 세워라.",
      "cautions": [
        "셋 중 하나라도 부족하면 학습 동력에 문제가 생길 수 있음."
      ],
      "tags": [
        "정화",
        "경금",
        "간목",
        "학습",
        "자질"
      ]
    },
    {
      "id": "RC-01356090d8",
      "topic": "EXAM",
      "priority": 8,
      "trigger": {
        "elements": [
          "정화"
        ],
        "strength": "strong"
      },
      "mechanism": "정화가 강하면 학문적 열정과 몰입도가 높아짐.",
      "interpretation": "정화가 강할수록 학습에 몰입하고 지속적으로 노력할 가능성이 높다.",
      "action": "정화의 강점을 활용해 학습 목표를 설정하고 꾸준히 실행하라.",
      "cautions": [
        "정화가 약하면 학습 지속성이 떨어질 수 있음."
      ],
      "tags": [
        "정화",
        "몰입",
        "학습",
        "열정",
        "지속성"
      ]
    },
    {
      "id": "RC-57d4464011",
      "topic": "EXAM",
      "priority": 7,
      "trigger": {
        "elements": [
          "간목"
        ],
        "strength": "weak"
      },
      "mechanism": "간목이 약하면 실행력이 부족해질 수 있음.",
      "interpretation": "간목이 약하면 학습을 시작하거나 지속하는 데 어려움을 겪을 수 있다.",
      "action": "간목을 보완하기 위해 실행력을 강화하는 습관을 기르라.",
      "cautions": [
        "실행력 부족으로 학습 계획이 중단될 위험이 있음."
      ],
      "tags": [
        "간목",
        "실행력",
        "학습",
        "계획",
        "지속성"
      ]
    },
    {
      "id": "RC-f93b7417c1",
      "topic": "EXAM",
      "priority": 8,
      "trigger": {
        "elements": [
          "병화"
        ],
        "strength": "strong"
      },
      "mechanism": "병화가 강하면 창의적 사고와 학습 동기가 높아짐.",
      "interpretation": "병화가 강할수록 창의적이고 독창적인 학습 접근이 가능하다.",
      "action": "병화의 창의성을 활용해 학습 방법을 다양화하라.",
      "cautions": [
        "병화가 약하면 학습 동기가 낮아질 수 있음."
      ],
      "tags": [
        "병화",
        "창의성",
        "학습",
        "동기",
        "독창성"
      ]
    },
    {
      "id": "RC-cf4cdfe851",
      "topic": "EXAM",
      "priority": 7,
      "trigger": {
        "elements": [
          "수가 강함"
        ],
        "note": "수가 지나치게 강한 경우"
      },
      "mechanism": "수가 지나치게 강하면 학습 동기가 약화될 수 있음.",
      "interpretation": "수가 강하면 학습에 대한 관심이 줄어들 가능성이 있다.",
      "action": "학습 동기를 유지하기 위해 수의 균형을 맞추는 환경을 조성하라.",
      "cautions": [
        "수가 강하면 학습 회피 경향이 나타날 수 있음."
      ],
      "tags": [
        "수",
        "학습",
        "동기",
        "균형",
        "회피"
      ]
    },
    {
      "id": "RC-d28463b470",
      "topic": "EXAM",
      "priority": 6,
      "trigger": {
        "elements": [
          "금생수"
        ],
        "note": "금생수가 강한 경우"
      },
      "mechanism": "금생수는 과거 데이터를 정리하고 체계화하는 능력을 제공.",
      "interpretation": "금생수가 강하면 체계적인 학습과 데이터 정리에 강점을 보인다.",
      "action": "금생수의 강점을 활용해 학습 자료를 체계적으로 정리하라.",
      "cautions": [
        "금생수만으로는 창의적 학습이 어려울 수 있음."
      ],
      "tags": [
        "금생수",
        "체계",
        "학습",
        "정리",
        "데이터"
      ]
    },
    {
      "id": "RC-1c469bb96d",
      "topic": "EXAM",
      "priority": 9,
      "trigger": {
        "elements": [
          "정화",
          "경금"
        ],
        "note": "정화와 경금이 조화를 이룬 경우"
      },
      "mechanism": "정화는 열정, 경금은 집중력을 제공.",
      "interpretation": "정화와 경금의 조화는 학습 몰입과 성과를 높인다.",
      "action": "정화와 경금의 조화를 유지하며 학습에 집중하라.",
      "cautions": [
        "둘 중 하나가 약하면 학습 효율이 떨어질 수 있음."
      ],
      "tags": [
        "정화",
        "경금",
        "조화",
        "학습",
        "몰입"
      ]
    },
    {
      "id": "RC-62a313c226",
      "topic": "EXAM",
      "priority": 7,
      "trigger": {
        "elements": [
          "목이 많음"
        ],
        "note": "목이 과도하게 많은 경우"
      },
      "mechanism": "목이 많으면 화의 발현이 억제될 수 있음.",
      "interpretation": "목이 많으면 학습 열정이 약화될 가능성이 있다.",
      "action": "목의 과잉을 조정해 학습 열정을 유지하라.",
      "cautions": [
        "목이 많으면 학습 동력이 약화될 수 있음."
      ],
      "tags": [
        "목",
        "학습",
        "열정",
        "조정",
        "동력"
      ]
    },
    {
      "id": "RC-74f50fab04",
      "topic": "EXAM",
      "priority": 8,
      "trigger": {
        "elements": [
          "계수"
        ],
        "note": "계수가 추가된 경우"
      },
      "mechanism": "계수는 학습의 깊이와 집중력을 강화.",
      "interpretation": "계수가 추가되면 학습 능력이 크게 향상된다.",
      "action": "계수를 활용해 학습의 깊이를 더하라.",
      "cautions": [
        "계수가 없으면 학습 집중력이 떨어질 수 있음."
      ],
      "tags": [
        "계수",
        "학습",
        "집중력",
        "깊이",
        "향상"
      ]
    },
    {
      "id": "RC-375ed2b7e4",
      "topic": "EXAM",
      "priority": 6,
      "trigger": {
        "elements": [
          "신금"
        ],
        "note": "신금이 강한 경우"
      },
      "mechanism": "신금은 체계적이고 논리적인 학습 접근을 가능하게 함.",
      "interpretation": "신금이 강하면 체계적이고 논리적인 학습에 강점을 가진다.",
      "action": "신금의 강점을 활용해 학습 계획을 체계적으로 세워라.",
      "cautions": [
        "신금이 약하면 체계적인 학습이 어려울 수 있음."
      ],
      "tags": [
        "신금",
        "체계",
        "논리",
        "학습",
        "계획"
      ]
    }
  ],
  "notes": [
    "텍스트가 길고 복잡하여 일부 내용은 요약 및 단순화됨.",
    "학습 관련 오행과 십성의 조합이 학습 능력과 동기에 미치는 영향을 분석."
  ],
  "schema_version": "rulecards.v1",
  "module_code": "SajuOS_APPL_032",
  "updated_at": "2025-12-23T20:27:26"
}