{
  "title": "SajuOS_Logic_APPL_021",
  "rulecards": [
    {
      "id": "RC-f60a71e6ce",
      "topic": "WEALTH",
      "priority": 9,
      "trigger": {
        "element": "미토"
      },
      "mechanism": "미토는 조열한 성격을 가지고 있어 재물의 흐름과 연결됨.",
      "interpretation": "미토는 빠르고 회전율 높은 재물 활동에 적합.",
      "action": "빠르게 회전율 높은 사업이나 유통, 온라인 판매에 집중.",
      "cautions": [
        "악성 재고를 조심해야 함.",
        "장기적인 축적보다는 소비로 연결될 가능성이 높음."
      ],
      "tags": [
        "미토",
        "재물",
        "회전율",
        "조열",
        "소비"
      ]
    },
    {
      "id": "RC-9a5ad748de",
      "topic": "WEALTH",
      "priority": 8,
      "trigger": {
        "element": "미토",
        "activity": "사업"
      },
      "mechanism": "미토는 빠르게 변화하고 단기적인 성과를 추구하는 성향이 강함.",
      "interpretation": "미토는 단기적인 사업이나 테마주 투자에 적합.",
      "action": "단타 투자나 단기적인 사업 아이템에 집중.",
      "cautions": [
        "장기적인 안정성 부족.",
        "빠르게 변화하는 시장에 민감하게 반응해야 함."
      ],
      "tags": [
        "미토",
        "사업",
        "단기",
        "테마주",
        "투자"
      ]
    },
    {
      "id": "RC-a2992cd61e",
      "topic": "WEALTH",
      "priority": 7,
      "trigger": {
        "element": "미토",
        "context": "유통"
      },
      "mechanism": "미토는 빠르게 소비되고 새롭게 보이는 상품에 적합.",
      "interpretation": "미토는 SNS 기반의 유통이나 신상품 판매에 강점.",
      "action": "SNS 마케팅과 신상품 유통에 집중.",
      "cautions": [
        "상품의 품질 관리 필요.",
        "단기적인 유행에 의존하지 않도록 주의."
      ],
      "tags": [
        "미토",
        "유통",
        "SNS",
        "신상품",
        "마케팅"
      ]
    },
    {
      "id": "RC-63d588f617",
      "topic": "WEALTH",
      "priority": 8,
      "trigger": {
        "element": "미토",
        "condition": "충미충"
      },
      "mechanism": "충미충은 미토의 단점을 극복하고 재물의 흐름을 안정화시킴.",
      "interpretation": "충미충은 재물의 축적과 안정성을 강화.",
      "action": "충미충을 활용해 장기적인 재물 계획을 세움.",
      "cautions": [
        "충의 에너지를 잘 활용하지 못하면 기회 상실 가능."
      ],
      "tags": [
        "충미충",
        "미토",
        "재물",
        "안정성",
        "축적"
      ]
    },
    {
      "id": "RC-f6a595cab5",
      "topic": "WEALTH",
      "priority": 6,
      "trigger": {
        "element": "미토",
        "activity": "마케팅"
      },
      "mechanism": "미토는 빠르게 정보를 전달하고 사람들에게 각인시키는 능력이 있음.",
      "interpretation": "미토는 광고나 마케팅 분야에서 강점을 발휘.",
      "action": "빠르고 효과적인 마케팅 전략을 수립.",
      "cautions": [
        "과도한 소비 지향성을 경계."
      ],
      "tags": [
        "미토",
        "마케팅",
        "광고",
        "정보전달",
        "소비"
      ]
    },
    {
      "id": "RC-741f147423",
      "topic": "WEALTH",
      "priority": 7,
      "trigger": {
        "element": "미토",
        "condition": "을목과의 조합"
      },
      "mechanism": "을목은 미토의 특징을 활용해 재물 활동을 극대화.",
      "interpretation": "을목과 미토의 조합은 유통과 사업에서 성공 가능성을 높임.",
      "action": "을목과의 조합을 활용한 사업 모델 개발.",
      "cautions": [
        "을목의 에너지를 제대로 활용하지 못하면 효과 감소."
      ],
      "tags": [
        "미토",
        "을목",
        "조합",
        "사업",
        "유통"
      ]
    },
    {
      "id": "RC-b58ad6433b",
      "topic": "WEALTH",
      "priority": 8,
      "trigger": {
        "element": "미토",
        "condition": "SNS 기반 사업"
      },
      "mechanism": "미토는 빠르게 변화하는 트렌드에 적응하는 능력이 뛰어남.",
      "interpretation": "SNS 기반의 사업에서 미토는 성공 가능성이 높음.",
      "action": "SNS 플랫폼을 활용한 사업 확장.",
      "cautions": [
        "트렌드 변화에 민감하게 대응해야 함."
      ],
      "tags": [
        "미토",
        "SNS",
        "트렌드",
        "사업",
        "유통"
      ]
    },
    {
      "id": "RC-f68748e288",
      "topic": "WEALTH",
      "priority": 6,
      "trigger": {
        "element": "미토",
        "condition": "충미충과 감목 조합"
      },
      "mechanism": "충미충과 감목은 미토의 재물 흐름을 안정화하고 극대화.",
      "interpretation": "충미충과 감목 조합은 재물의 흐름을 원활하게 함.",
      "action": "충미충과 감목의 조합을 활용한 재물 계획 수립.",
      "cautions": [
        "감목의 에너지가 부족하면 효과 감소."
      ],
      "tags": [
        "충미충",
        "미토",
        "감목",
        "재물",
        "안정화"
      ]
    },
    {
      "id": "RC-45db74d3b5",
      "topic": "WEALTH",
      "priority": 5,
      "trigger": {
        "element": "미토",
        "condition": "단기적 재물 활동"
      },
      "mechanism": "미토는 단기적인 재물 활동에 적합한 성향을 가짐.",
      "interpretation": "단기적인 재물 활동에서 미토는 높은 성과를 낼 수 있음.",
      "action": "단기적인 재물 활동에 집중.",
      "cautions": [
        "장기적인 안정성을 고려해야 함."
      ],
      "tags": [
        "미토",
        "단기",
        "재물",
        "성과",
        "안정성"
      ]
    },
    {
      "id": "RC-2ae105397c",
      "topic": "WEALTH",
      "priority": 7,
      "trigger": {
        "element": "미토",
        "condition": "충미충과 을목 조합"
      },
      "mechanism": "충미충과 을목은 미토의 재물 활동을 극대화.",
      "interpretation": "충미충과 을목 조합은 재물의 흐름을 원활하게 함.",
      "action": "충미충과 을목의 조합을 활용한 재물 활동 계획.",
      "cautions": [
        "을목의 에너지가 부족하면 효과 감소."
      ],
      "tags": [
        "충미충",
        "미토",
        "을목",
        "재물",
        "조합"
      ]
    },
    {
      "id": "RC-25b4834f29",
      "topic": "WEALTH",
      "priority": 9,
      "trigger": {
        "earth_signs": [
          "진토"
        ],
        "note": "진토가 사주에 포함된 경우"
      },
      "mechanism": "진토는 결핍을 통해 간절함을 만들어내며, 이를 기반으로 재물을 얻는 능력을 발휘함.",
      "interpretation": "결핍을 느끼고 이를 극복하려는 노력이 재물로 이어질 가능성이 높음.",
      "action": "결핍을 긍정적으로 받아들이고 이를 극복하기 위한 창의적이고 새로운 방법을 모색하라.",
      "cautions": [
        "결핍을 지나치게 부정적으로 받아들이지 말 것.",
        "결핍을 극복하려는 과정에서 무리한 투자를 피할 것."
      ],
      "tags": [
        "진토",
        "결핍",
        "재물",
        "창의성",
        "노력"
      ]
    },
    {
      "id": "RC-b4414cac5c",
      "topic": "WEALTH",
      "priority": 8,
      "trigger": {
        "earth_signs": [
          "진토"
        ],
        "fire_presence": true
      },
      "mechanism": "화생토의 원리로 인해 진토가 생산성을 발휘하며 재물로 연결됨.",
      "interpretation": "화가 진토를 활성화시켜 재물적 성과를 높임.",
      "action": "사주에 화가 부족하다면 이를 보완할 수 있는 환경이나 활동을 찾아라.",
      "cautions": [
        "화가 과도하면 진토의 안정성이 저하될 수 있음."
      ],
      "tags": [
        "진토",
        "화생토",
        "재물",
        "생산성",
        "활성화"
      ]
    },
    {
      "id": "RC-826b618b5f",
      "topic": "WEALTH",
      "priority": 7,
      "trigger": {
        "earth_signs": [
          "진토"
        ],
        "note": "진토가 예술적 코드와 연결된 경우"
      },
      "mechanism": "진토는 독창적이고 기발한 아이디어를 통해 재물을 창출할 수 있음.",
      "interpretation": "예술적이거나 창의적인 분야에서 성공 가능성이 높음.",
      "action": "예술적 재능이나 창의적 아이디어를 활용한 사업이나 활동을 시도하라.",
      "cautions": [
        "아이디어가 현실성과 연결되지 않으면 실패할 가능성이 있음."
      ],
      "tags": [
        "진토",
        "예술",
        "창의성",
        "아이디어",
        "재물"
      ]
    },
    {
      "id": "RC-fc6788ba3f",
      "topic": "WEALTH",
      "priority": 6,
      "trigger": {
        "earth_signs": [
          "진토"
        ],
        "wood_presence": true
      },
      "mechanism": "목극토의 원리로 인해 진토가 본질을 파악하고 재물적 결정을 내릴 수 있음.",
      "interpretation": "본질을 꿰뚫는 통찰력으로 재물적 성공 가능성이 높음.",
      "action": "투자나 사업에서 본질을 파악하고 장기적인 관점에서 접근하라.",
      "cautions": [
        "단기적 이익에 집착하지 말 것."
      ],
      "tags": [
        "진토",
        "목극토",
        "본질",
        "통찰력",
        "재물"
      ]
    },
    {
      "id": "RC-faa12c8b57",
      "topic": "WEALTH",
      "priority": 7,
      "trigger": {
        "earth_signs": [
          "술토"
        ],
        "note": "술토가 사주에 포함된 경우"
      },
      "mechanism": "술토는 방어적이고 안정적인 성향으로 자산을 지키는 데 유리함.",
      "interpretation": "큰 부자는 아니지만 안정적인 재물 축적이 가능함.",
      "action": "안정적인 투자와 자산 관리에 집중하라.",
      "cautions": [
        "지나치게 보수적으로 접근하면 기회를 놓칠 수 있음."
      ],
      "tags": [
        "술토",
        "안정성",
        "재물",
        "방어적",
        "축적"
      ]
    },
    {
      "id": "RC-4a6975a90f",
      "topic": "WEALTH",
      "priority": 8,
      "trigger": {
        "earth_signs": [
          "술토"
        ],
        "wood_signs": [
          "묘목"
        ]
      },
      "mechanism": "묘술합으로 인해 술토가 안정적인 재물적 성과를 낼 수 있음.",
      "interpretation": "안정적인 환경에서 재물적 성과를 낼 가능성이 높음.",
      "action": "묘목의 영향을 활용해 안정적인 투자나 사업을 계획하라.",
      "cautions": [
        "리스크를 지나치게 회피하지 말 것."
      ],
      "tags": [
        "술토",
        "묘목",
        "묘술합",
        "안정성",
        "재물"
      ]
    },
    {
      "id": "RC-a6262d5592",
      "topic": "WEALTH",
      "priority": 6,
      "trigger": {
        "earth_signs": [
          "진토"
        ],
        "note": "진토가 결핍을 극복하려는 환경에 놓인 경우"
      },
      "mechanism": "결핍을 극복하려는 과정에서 창의적이고 새로운 방법을 모색함.",
      "interpretation": "결핍을 극복하려는 노력이 재물적 성공으로 이어질 가능성이 높음.",
      "action": "결핍을 극복하기 위한 창의적이고 새로운 방법을 모색하라.",
      "cautions": [
        "결핍을 지나치게 부정적으로 받아들이지 말 것."
      ],
      "tags": [
        "진토",
        "결핍",
        "창의성",
        "극복",
        "재물"
      ]
    },
    {
      "id": "RC-9756c73024",
      "topic": "WEALTH",
      "priority": 5,
      "trigger": {
        "earth_signs": [
          "진토"
        ],
        "note": "진토가 새로운 기술이나 아이디어와 연결된 경우"
      },
      "mechanism": "진토는 새로운 기술이나 아이디어를 통해 재물을 창출할 수 있음.",
      "interpretation": "혁신적인 분야에서 성공 가능성이 높음.",
      "action": "새로운 기술이나 아이디어를 활용한 사업이나 활동을 시도하라.",
      "cautions": [
        "기술이나 아이디어가 현실성과 연결되지 않으면 실패할 가능성이 있음."
      ],
      "tags": [
        "진토",
        "혁신",
        "기술",
        "아이디어",
        "재물"
      ]
    },
    {
      "id": "RC-32a81837f7",
      "topic": "WEALTH",
      "priority": 6,
      "trigger": {
        "earth_signs": [
          "술토"
        ],
        "note": "술토가 방어적 성향을 가진 경우"
      },
      "mechanism": "술토는 방어적 성향으로 자산을 지키는 데 유리함.",
      "interpretation": "큰 부자는 아니지만 안정적인 재물 축적이 가능함.",
      "action": "안정적인 투자와 자산 관리에 집중하라.",
      "cautions": [
        "지나치게 보수적으로 접근하면 기회를 놓칠 수 있음."
      ],
      "tags": [
        "술토",
        "안정성",
        "재물",
        "방어적",
        "축적"
      ]
    }
  ],
  "notes": [],
  "schema_version": "rulecards.v1",
  "module_code": "SajuOS_APPL_021",
  "updated_at": "2025-12-23T20:27:26"
}