{
  "title": "SajuOS_Logic_APPL_054",
  "rulecards": [
    {
      "topic": "ELEMENTS",
      "priority": 9,
      "trigger": {
        "element": "토",
        "strength": "강"
      },
      "mechanism": "토가 강하면 위장이 튼튼하고 음식 소화 능력이 좋음.",
      "interpretation": "위장이 부담 없이 다양한 음식을 소화할 수 있음.",
      "action": "균형 잡힌 식단을 유지하며 위장 건강을 지속적으로 관리.",
      "cautions": [
        "과식으로 인한 위장 부담 주의"
      ],
      "tags": [
        "토",
        "위장",
        "소화",
        "건강",
        "강한 토",
        "음식",
        "소화력",
        "식습관",
        "위장병",
        "에너지"
      ],
      "id": "RC-ed5d8cc399"
    },
    {
      "topic": "ELEMENTS",
      "priority": 8,
      "trigger": {
        "element": "토",
        "strength": "약"
      },
      "mechanism": "토가 약하면 위장이 약해지고 소화력이 떨어짐.",
      "interpretation": "음식에 민감하며 소화 장애가 발생할 가능성이 높음.",
      "action": "소화에 부담이 적은 음식을 섭취하고 위장 건강을 위한 보조제를 고려.",
      "cautions": [
        "위장병 발생 가능성",
        "음식 가리는 습관 주의"
      ],
      "tags": [
        "토",
        "위장",
        "소화력 약함",
        "건강",
        "약한 토",
        "음식 민감",
        "소화 장애",
        "위장병",
        "식습관",
        "에너지"
      ],
      "id": "RC-019d1cd3e4"
    },
    {
      "topic": "ELEMENTS",
      "priority": 7,
      "trigger": {
        "element": "화생토",
        "presence": true
      },
      "mechanism": "화생토는 위장의 에너지를 강화하지만 과식 경향을 유발.",
      "interpretation": "위장이 탄력적이지만 과식으로 인해 건강 문제가 발생할 수 있음.",
      "action": "천천히 먹는 습관을 들이고 과식을 피함.",
      "cautions": [
        "과식으로 인한 비만 및 소화 장애 주의"
      ],
      "tags": [
        "화생토",
        "위장",
        "소화",
        "과식",
        "건강",
        "식습관",
        "탄력성",
        "소화력",
        "위장병",
        "에너지"
      ],
      "id": "RC-31065bb528"
    },
    {
      "topic": "ELEMENTS",
      "priority": 6,
      "trigger": {
        "element": "토생금",
        "presence": true
      },
      "mechanism": "토생금은 위장이 금의 설기를 받으며 소화력이 약화될 수 있음.",
      "interpretation": "위장 건강이 약해지고 소화 장애가 발생할 가능성이 있음.",
      "action": "위장 건강을 위한 보조제 섭취와 소화에 부담이 적은 식단 유지.",
      "cautions": [
        "위장병 발생 가능성",
        "소화 장애 주의"
      ],
      "tags": [
        "토생금",
        "위장",
        "소화력 약화",
        "건강",
        "소화 장애",
        "위장병",
        "식습관",
        "에너지",
        "금",
        "설기"
      ],
      "id": "RC-8f01b1b86d"
    },
    {
      "topic": "ELEMENTS",
      "priority": 5,
      "trigger": {
        "element": "목극토",
        "presence": true
      },
      "mechanism": "목극토는 위장의 에너지를 약화시키며 소화에 영향을 미침.",
      "interpretation": "위장이 약해지고 소화 장애 및 에너지 부족이 발생할 수 있음.",
      "action": "식사 후 충분한 휴식을 취하고 격렬한 활동을 피함.",
      "cautions": [
        "소화 장애",
        "위장 에너지 부족"
      ],
      "tags": [
        "목극토",
        "위장",
        "소화력 약화",
        "건강",
        "소화 장애",
        "위장병",
        "식습관",
        "에너지",
        "목",
        "토"
      ],
      "id": "RC-08292fa7c3"
    },
    {
      "topic": "ELEMENTS",
      "priority": 7,
      "trigger": {
        "element": "토",
        "strength": "약",
        "설기": true
      },
      "mechanism": "토가 약하고 설기가 있으면 위장이 소화 기능을 제대로 수행하지 못함.",
      "interpretation": "위장병 및 소화 장애가 지속적으로 발생할 가능성이 높음.",
      "action": "소화에 부담이 적은 식단을 유지하고 위장 건강을 위한 치료를 병행.",
      "cautions": [
        "만성 위장병",
        "소화 장애"
      ],
      "tags": [
        "토",
        "설기",
        "위장",
        "소화력 약화",
        "건강",
        "소화 장애",
        "위장병",
        "식습관",
        "에너지",
        "약한 토"
      ],
      "id": "RC-4267490c14"
    },
    {
      "topic": "ELEMENTS",
      "priority": 6,
      "trigger": {
        "element": "토",
        "strength": "강",
        "화생토": true
      },
      "mechanism": "화생토는 위장의 에너지를 강화하지만 과식 경향을 유발.",
      "interpretation": "위장이 강하지만 과식으로 인해 건강 문제가 발생할 수 있음.",
      "action": "식사 속도를 조절하고 과식을 피함.",
      "cautions": [
        "과식으로 인한 건강 문제"
      ],
      "tags": [
        "화생토",
        "위장",
        "소화",
        "과식",
        "건강",
        "식습관",
        "소화력",
        "위장병",
        "에너지",
        "강한 토"
      ],
      "id": "RC-4a1f993fe8"
    },
    {
      "topic": "ELEMENTS",
      "priority": 5,
      "trigger": {
        "element": "토",
        "strength": "약",
        "목극토": true
      },
      "mechanism": "목극토는 위장의 에너지를 약화시키며 소화 장애를 유발.",
      "interpretation": "위장이 약해지고 소화 장애 및 에너지 부족이 발생할 수 있음.",
      "action": "식사 후 충분한 휴식을 취하고 격렬한 활동을 피함.",
      "cautions": [
        "소화 장애",
        "위장 에너지 부족"
      ],
      "tags": [
        "목극토",
        "위장",
        "소화력 약화",
        "건강",
        "소화 장애",
        "위장병",
        "식습관",
        "에너지",
        "목",
        "토"
      ],
      "id": "RC-e904186722"
    },
    {
      "topic": "ELEMENTS",
      "priority": 4,
      "trigger": {
        "element": "토",
        "strength": "약",
        "금": true
      },
      "mechanism": "금이 토를 설기하면 위장이 약해지고 소화 장애가 발생.",
      "interpretation": "위장 건강이 약화되고 소화 장애가 발생할 가능성이 높음.",
      "action": "위장 건강을 위한 보조제 섭취와 소화에 부담이 적은 식단 유지.",
      "cautions": [
        "위장병 발생 가능성",
        "소화 장애 주의"
      ],
      "tags": [
        "토",
        "금",
        "설기",
        "위장",
        "소화력 약화",
        "건강",
        "소화 장애",
        "위장병",
        "식습관",
        "에너지"
      ],
      "id": "RC-b30eda3546"
    },
    {
      "topic": "ELEMENTS",
      "priority": 3,
      "trigger": {
        "element": "토",
        "strength": "강",
        "화생토": true,
        "식습관": "빠름"
      },
      "mechanism": "화생토와 빠른 식습관은 과식을 유발하고 위장에 부담을 줌.",
      "interpretation": "위장이 강하지만 과식으로 인해 건강 문제가 발생할 수 있음.",
      "action": "식사 속도를 조절하고 천천히 먹는 습관을 들임.",
      "cautions": [
        "과식으로 인한 건강 문제"
      ],
      "tags": [
        "화생토",
        "위장",
        "소화",
        "과식",
        "건강",
        "식습관",
        "소화력",
        "위장병",
        "에너지",
        "강한 토"
      ],
      "id": "RC-21e6879f63"
    },
    {
      "id": "RC-02ce8705b3",
      "topic": "ELEMENTS",
      "priority": 9,
      "trigger": {
        "note": "간목이 강한 경우"
      },
      "mechanism": "간목은 회복력과 수면의 질에 영향을 미침.",
      "interpretation": "간목이 강하면 회복력이 좋고 수면의 질이 높을 가능성이 있음.",
      "action": "간목의 균형을 유지하고 수면 환경을 개선.",
      "cautions": [
        "간목이 강하다고 무조건 수면의 질이 좋은 것은 아님."
      ],
      "tags": [
        "간목",
        "회복력",
        "수면",
        "건강",
        "균형"
      ]
    },
    {
      "id": "RC-0e551aa626",
      "topic": "ELEMENTS",
      "priority": 8,
      "trigger": {
        "note": "수색목이 잘 이루어지지 않는 경우"
      },
      "mechanism": "수색목은 간의 건강과 에너지 순환에 영향을 미침.",
      "interpretation": "수색목이 원활하지 않으면 간 건강에 문제가 생길 수 있음.",
      "action": "수색목의 균형을 점검하고 개선.",
      "cautions": [
        "수색목이 과도하거나 부족하면 간에 압력이 생길 수 있음."
      ],
      "tags": [
        "수색목",
        "간",
        "에너지",
        "균형",
        "건강"
      ]
    },
    {
      "id": "RC-9cad6f1a05",
      "topic": "ELEMENTS",
      "priority": 7,
      "trigger": {
        "note": "목이 과도하게 강한 경우"
      },
      "mechanism": "목의 과도한 에너지는 신경계와 호르몬 체계에 영향을 미침.",
      "interpretation": "목이 강하면 신경과민이나 호르몬 불균형이 발생할 수 있음.",
      "action": "목의 에너지를 조절하고 안정화.",
      "cautions": [
        "목이 강하면 신경과민과 호르몬 문제를 유발할 수 있음."
      ],
      "tags": [
        "목",
        "신경계",
        "호르몬",
        "균형",
        "건강"
      ]
    },
    {
      "id": "RC-aa7d33a7a5",
      "topic": "ELEMENTS",
      "priority": 8,
      "trigger": {
        "note": "목이 약한 경우"
      },
      "mechanism": "목이 약하면 간의 기능이 저하되고 에너지 순환이 원활하지 않음.",
      "interpretation": "목이 약하면 피로감과 간 건강 문제로 이어질 수 있음.",
      "action": "목의 에너지를 보강하고 간 건강을 관리.",
      "cautions": [
        "목이 약하면 간 문제가 잘 드러나지 않을 수 있음."
      ],
      "tags": [
        "목",
        "간",
        "에너지",
        "피로",
        "건강"
      ]
    },
    {
      "id": "RC-c861299d5f",
      "topic": "ELEMENTS",
      "priority": 7,
      "trigger": {
        "note": "수생목이 과도한 경우"
      },
      "mechanism": "수생목이 과도하면 목의 에너지가 불안정해짐.",
      "interpretation": "수생목이 과도하면 피로감과 수면 문제를 유발할 수 있음.",
      "action": "수생목의 균형을 조정.",
      "cautions": [
        "수생목이 과도하면 목생화가 어려워질 수 있음."
      ],
      "tags": [
        "수생목",
        "목",
        "균형",
        "피로",
        "수면"
      ]
    },
    {
      "id": "RC-ff71770204",
      "topic": "ELEMENTS",
      "priority": 6,
      "trigger": {
        "note": "목생화가 원활하지 않은 경우"
      },
      "mechanism": "목생화는 에너지 순환과 건강 유지에 중요.",
      "interpretation": "목생화가 원활하지 않으면 건강 문제로 이어질 수 있음.",
      "action": "목생화를 촉진하는 활동을 실천.",
      "cautions": [
        "목생화가 원활하지 않으면 혈액 순환에 문제가 생길 수 있음."
      ],
      "tags": [
        "목생화",
        "에너지",
        "건강",
        "혈액",
        "순환"
      ]
    },
    {
      "id": "RC-f7592781f6",
      "topic": "ELEMENTS",
      "priority": 7,
      "trigger": {
        "note": "목이 신경계와 연결된 경우"
      },
      "mechanism": "목은 신경계와 밀접하게 연결되어 있음.",
      "interpretation": "목이 발달하면 감각이 예민해지고 신경계가 활성화됨.",
      "action": "목의 에너지를 안정화하고 신경계를 관리.",
      "cautions": [
        "목이 과도하게 발달하면 신경과민이 발생할 수 있음."
      ],
      "tags": [
        "목",
        "신경계",
        "감각",
        "예민",
        "건강"
      ]
    },
    {
      "id": "RC-6b5cbe82ee",
      "topic": "ELEMENTS",
      "priority": 6,
      "trigger": {
        "note": "목이 호르몬 체계와 연결된 경우"
      },
      "mechanism": "목은 호르몬 체계와 상호작용함.",
      "interpretation": "목이 건강하면 호르몬 균형이 유지됨.",
      "action": "목의 에너지를 강화하고 호르몬 균형을 유지.",
      "cautions": [
        "목이 약하면 호르몬 불균형이 발생할 수 있음."
      ],
      "tags": [
        "목",
        "호르몬",
        "균형",
        "건강",
        "체계"
      ]
    },
    {
      "id": "RC-4147952e74",
      "topic": "ELEMENTS",
      "priority": 8,
      "trigger": {
        "note": "목이 부족한 경우"
      },
      "mechanism": "목이 부족하면 간의 기능이 저하되고 건강 문제가 발생.",
      "interpretation": "목이 부족하면 간 건강과 에너지 순환에 문제가 생길 수 있음.",
      "action": "목의 에너지를 보충하고 간 건강을 관리.",
      "cautions": [
        "목이 부족하면 간 문제가 잘 드러나지 않을 수 있음."
      ],
      "tags": [
        "목",
        "간",
        "에너지",
        "건강",
        "순환"
      ]
    },
    {
      "id": "RC-9bf71c43c6",
      "topic": "ELEMENTS",
      "priority": 7,
      "trigger": {
        "note": "목과 토의 균형이 맞지 않는 경우"
      },
      "mechanism": "목과 토는 에너지 균형에 중요한 역할을 함.",
      "interpretation": "목과 토의 균형이 맞지 않으면 감정 기복과 건강 문제가 발생할 수 있음.",
      "action": "목과 토의 균형을 점검하고 조정.",
      "cautions": [
        "목과 토의 불균형은 신체와 정신에 영향을 미칠 수 있음."
      ],
      "tags": [
        "목",
        "토",
        "균형",
        "감정",
        "건강"
      ]
    }
  ],
  "notes": [],
  "schema_version": "rulecards.v1",
  "module_code": "SajuOS_APPL_054",
  "updated_at": "2025-12-23T20:27:26"
}