{
  "title": "SajuOS_Logic_APPL_004",
  "rulecards": [
    {
      "id": "RC-eb4ba74533",
      "topic": "LOVE",
      "priority": 9,
      "trigger": {
        "ten_god": "편재",
        "age_range": "20대"
      },
      "mechanism": "편재는 화려함과 과시욕이 강하며, 젊은 시기에 이를 극대화하려는 경향이 있음.",
      "interpretation": "20대 편재격은 화려하고 유흥을 즐기며, 과시적인 삶을 선호함.",
      "action": "자신의 에너지를 긍정적으로 발산할 수 있는 활동을 찾고, 과도한 소비를 조절할 것.",
      "cautions": [
        "과도한 허세로 인해 재정적 문제 발생 가능",
        "대인관계에서 신뢰를 잃을 수 있음"
      ],
      "tags": [
        "편재",
        "20대",
        "화려함",
        "과시욕",
        "유흥"
      ]
    },
    {
      "id": "RC-5a5b0cb57b",
      "topic": "LOVE",
      "priority": 8,
      "trigger": {
        "ten_god": "정재",
        "age_range": "20대"
      },
      "mechanism": "정재는 안정과 계획을 중시하며, 젊은 시기부터 실속 있는 삶을 준비함.",
      "interpretation": "20대 정재격은 알뜰하고 계획적인 삶을 추구하며, 안정성을 중요시함.",
      "action": "재정적 목표를 설정하고, 장기적인 계획을 세울 것.",
      "cautions": [
        "과도한 절약으로 인해 삶의 즐거움을 놓칠 수 있음"
      ],
      "tags": [
        "정재",
        "20대",
        "안정성",
        "계획",
        "실속"
      ]
    },
    {
      "id": "RC-32f30bfacc",
      "topic": "LOVE",
      "priority": 10,
      "trigger": {
        "ten_god": "편재",
        "relationship": "결혼"
      },
      "mechanism": "편재는 결혼에서 상대방의 스케일과 방향성을 중시함.",
      "interpretation": "편재격은 결혼 상대의 꿈과 가치관이 자신과 맞는지를 중요하게 여김.",
      "action": "결혼 전 상대방과의 가치관과 목표를 충분히 공유할 것.",
      "cautions": [
        "감정적 충동으로 결혼을 서두를 수 있음",
        "상대방의 실질적 준비 상태를 간과할 수 있음"
      ],
      "tags": [
        "편재",
        "결혼",
        "가치관",
        "스케일",
        "공유"
      ]
    },
    {
      "id": "RC-6c72e13e91",
      "topic": "LOVE",
      "priority": 7,
      "trigger": {
        "ten_god": "정재",
        "relationship": "결혼"
      },
      "mechanism": "정재는 결혼에서 안정성과 준비 상태를 중시함.",
      "interpretation": "정재격은 결혼 전 재정적, 심리적 준비가 되어 있어야 결혼을 결심함.",
      "action": "결혼 전 충분한 준비와 계획을 세울 것.",
      "cautions": [
        "준비 부족으로 인해 결혼을 미룰 가능성 있음"
      ],
      "tags": [
        "정재",
        "결혼",
        "안정성",
        "준비",
        "계획"
      ]
    },
    {
      "id": "RC-372031be12",
      "topic": "LOVE",
      "priority": 8,
      "trigger": {
        "ten_god": "편재",
        "relationship": "연애"
      },
      "mechanism": "편재는 연애에서 화려함과 재미를 추구하며, 상대방과의 활동 공유를 중요시함.",
      "interpretation": "편재격은 연애에서 함께 즐길 수 있는 활동과 재미를 중시함.",
      "action": "상대방과 공통의 취미를 찾고, 함께 즐길 수 있는 시간을 늘릴 것.",
      "cautions": [
        "지속적인 흥미를 유지하지 못하면 관계가 단절될 수 있음"
      ],
      "tags": [
        "편재",
        "연애",
        "활동 공유",
        "재미",
        "취미"
      ]
    },
    {
      "id": "RC-d1a7552849",
      "topic": "LOVE",
      "priority": 6,
      "trigger": {
        "ten_god": "정재",
        "relationship": "연애"
      },
      "mechanism": "정재는 연애에서 실속과 안정성을 중시하며, 상대방의 현실적 조건을 고려함.",
      "interpretation": "정재격은 연애에서 상대방의 경제적 안정성과 실질적 조건을 중요하게 여김.",
      "action": "상대방의 현실적 조건을 충분히 고려하고, 신뢰를 쌓을 것.",
      "cautions": [
        "과도한 조건 검토로 인해 감정적 교류가 부족할 수 있음"
      ],
      "tags": [
        "정재",
        "연애",
        "안정성",
        "실속",
        "조건"
      ]
    },
    {
      "id": "RC-59cdff67ae",
      "topic": "LOVE",
      "priority": 9,
      "trigger": {
        "ten_god": "편재",
        "focus": "사회적 활동"
      },
      "mechanism": "편재는 사회적 활동에서 발산적 에너지를 통해 대인관계를 형성함.",
      "interpretation": "편재격은 대인관계에서 적극적이며, 사회적 활동을 통해 자신의 가치를 드러냄.",
      "action": "사회적 활동에 적극 참여하고, 자신의 장점을 발휘할 것.",
      "cautions": [
        "과도한 과시로 인해 오해를 받을 수 있음"
      ],
      "tags": [
        "편재",
        "사회적 활동",
        "발산",
        "대인관계",
        "적극성"
      ]
    },
    {
      "id": "RC-d8eeea7d86",
      "topic": "LOVE",
      "priority": 7,
      "trigger": {
        "ten_god": "정재",
        "focus": "사회적 활동"
      },
      "mechanism": "정재는 사회적 활동에서 안정적이고 신뢰를 주는 이미지를 형성함.",
      "interpretation": "정재격은 신뢰를 기반으로 한 대인관계를 선호하며, 안정적인 이미지를 유지함.",
      "action": "신뢰를 쌓는 대인관계를 유지하고, 안정적인 이미지를 강화할 것.",
      "cautions": [
        "과도한 신중함으로 인해 기회를 놓칠 수 있음"
      ],
      "tags": [
        "정재",
        "사회적 활동",
        "안정성",
        "신뢰",
        "대인관계"
      ]
    },
    {
      "id": "RC-ec2b245e24",
      "topic": "LOVE",
      "priority": 8,
      "trigger": {
        "ten_god": "편재",
        "focus": "결혼 목적"
      },
      "mechanism": "편재는 결혼에서 2세와 같은 구체적 목표를 중시함.",
      "interpretation": "편재격은 결혼을 통해 자녀를 가지는 것을 중요한 목표로 삼음.",
      "action": "결혼 전 자녀 계획에 대해 충분히 논의할 것.",
      "cautions": [
        "자녀 계획에만 집중하여 다른 중요한 요소를 간과할 수 있음"
      ],
      "tags": [
        "편재",
        "결혼",
        "2세",
        "목표",
        "가족"
      ]
    },
    {
      "id": "RC-1f2256506f",
      "topic": "LOVE",
      "priority": 6,
      "trigger": {
        "ten_god": "정재",
        "focus": "결혼 목적"
      },
      "mechanism": "정재는 결혼에서 안정성과 실질적 준비를 중시함.",
      "interpretation": "정재격은 결혼을 통해 안정된 삶을 추구하며, 준비가 중요함.",
      "action": "결혼 전 재정적, 심리적 준비를 철저히 할 것.",
      "cautions": [
        "과도한 준비로 인해 결혼 시기를 놓칠 수 있음"
      ],
      "tags": [
        "정재",
        "결혼",
        "안정성",
        "준비",
        "계획"
      ]
    },
    {
      "id": "RC-08e9ede26a",
      "topic": "LOVE",
      "priority": 9,
      "trigger": {
        "ten_god": "편재",
        "has_children": true
      },
      "mechanism": "편재는 가족과의 유대와 공유를 중시하며, 자녀와 친구처럼 지내는 성향이 강함.",
      "interpretation": "자녀와의 관계에서 친구 같은 소통과 유대를 형성함.",
      "action": "자녀와 공통의 취미를 찾고, 함께 시간을 보내며 유대를 강화하라.",
      "cautions": [
        "자녀와의 관계에서 선을 넘지 않도록 주의할 것."
      ],
      "tags": [
        "편재",
        "가족",
        "자녀",
        "소통",
        "유대",
        "친구"
      ]
    },
    {
      "id": "RC-b3cbda18e3",
      "topic": "LOVE",
      "priority": 8,
      "trigger": {
        "ten_god": "편재",
        "has_children": false
      },
      "mechanism": "편재는 삶의 의미를 가족과의 관계에서 찾으려는 경향이 있음.",
      "interpretation": "결혼 후 자녀가 없으면 삶의 의미를 잃을 가능성이 있음.",
      "action": "결혼 후 자녀 계획을 명확히 세우고 실행하라.",
      "cautions": [
        "자녀가 없을 경우 삶의 공허함을 느낄 수 있음."
      ],
      "tags": [
        "편재",
        "결혼",
        "자녀",
        "삶의 의미",
        "가족"
      ]
    },
    {
      "id": "RC-a94367222b",
      "topic": "LOVE",
      "priority": 7,
      "trigger": {
        "ten_god": "편재",
        "has_siksang": true
      },
      "mechanism": "식상이 편재와 결합하면 활동성과 소통 능력이 강화됨.",
      "interpretation": "가족과의 소통과 활동이 활발해짐.",
      "action": "가족과 함께하는 활동을 계획하고 실행하라.",
      "cautions": [
        "활동에 지나치게 치중하여 에너지를 소진하지 않도록 주의."
      ],
      "tags": [
        "편재",
        "식상",
        "활동성",
        "소통",
        "가족"
      ]
    },
    {
      "id": "RC-219bfbf758",
      "topic": "LOVE",
      "priority": 6,
      "trigger": {
        "ten_god": "편재",
        "has_siksang": false
      },
      "mechanism": "식상이 없으면 편재의 활동성과 소통 능력이 제한됨.",
      "interpretation": "가족과의 관계에서 소통 부족이 발생할 수 있음.",
      "action": "의식적으로 가족과 대화하고 소통을 늘리려 노력하라.",
      "cautions": [
        "소통 부족으로 관계가 소원해질 수 있음."
      ],
      "tags": [
        "편재",
        "식상",
        "소통 부족",
        "가족",
        "관계"
      ]
    },
    {
      "id": "RC-d07616c5a9",
      "topic": "LOVE",
      "priority": 8,
      "trigger": {
        "ten_god": "편재",
        "external_focus": true
      },
      "mechanism": "편재는 외부 활동과 사회적 관계를 통해 삶의 의미를 찾음.",
      "interpretation": "사회적 활동이 활발할수록 삶의 만족도가 높아짐.",
      "action": "사회적 활동과 네트워킹을 적극적으로 참여하라.",
      "cautions": [
        "외부 활동에 치중하여 가족과의 시간을 소홀히 하지 않도록 주의."
      ],
      "tags": [
        "편재",
        "사회적 활동",
        "외부 관계",
        "삶의 의미",
        "네트워킹"
      ]
    },
    {
      "id": "RC-e5c2605bc0",
      "topic": "LOVE",
      "priority": 7,
      "trigger": {
        "ten_god": "편재",
        "has_siksang": true,
        "external_focus": true
      },
      "mechanism": "식상이 편재와 결합하면 외부 활동과 가족 간의 균형을 유지할 수 있음.",
      "interpretation": "사회적 활동과 가족 관계를 동시에 유지 가능.",
      "action": "사회적 활동과 가족과의 시간을 균형 있게 배분하라.",
      "cautions": [
        "균형을 잃으면 가족 관계가 소홀해질 수 있음."
      ],
      "tags": [
        "편재",
        "식상",
        "사회적 활동",
        "가족",
        "균형"
      ]
    },
    {
      "id": "RC-70474ed9b2",
      "topic": "LOVE",
      "priority": 9,
      "trigger": {
        "ten_god": "편재",
        "has_children": true,
        "has_siksang": true
      },
      "mechanism": "편재와 식상이 결합하면 자녀와의 소통과 활동이 활발해짐.",
      "interpretation": "자녀와의 관계에서 깊은 유대와 즐거움을 형성함.",
      "action": "자녀와 함께하는 활동을 계획하고 실행하라.",
      "cautions": [
        "활동에 지나치게 치중하여 자녀와의 관계에서 피로감을 느끼지 않도록 주의."
      ],
      "tags": [
        "편재",
        "식상",
        "자녀",
        "소통",
        "활동"
      ]
    },
    {
      "id": "RC-245de365f8",
      "topic": "LOVE",
      "priority": 6,
      "trigger": {
        "ten_god": "편재",
        "has_children": true,
        "has_siksang": false
      },
      "mechanism": "식상이 없으면 자녀와의 소통이 제한될 수 있음.",
      "interpretation": "자녀와의 관계에서 소통 부족이 발생할 가능성이 있음.",
      "action": "자녀와의 대화를 늘리고 공통의 관심사를 찾으려 노력하라.",
      "cautions": [
        "소통 부족으로 자녀와의 관계가 소원해질 수 있음."
      ],
      "tags": [
        "편재",
        "식상",
        "자녀",
        "소통 부족",
        "관계"
      ]
    },
    {
      "id": "RC-6000e38aa5",
      "topic": "LOVE",
      "priority": 8,
      "trigger": {
        "ten_god": "편재",
        "marriage_focus": true
      },
      "mechanism": "편재는 결혼을 통해 삶의 풍요와 즐거움을 추구함.",
      "interpretation": "결혼 생활에서 즐거움과 의미를 찾으려는 경향이 강함.",
      "action": "결혼 생활에서 즐거움을 찾을 수 있는 활동을 계획하라.",
      "cautions": [
        "결혼 생활에서 지나치게 즐거움만을 추구하면 책임감이 부족해질 수 있음."
      ],
      "tags": [
        "편재",
        "결혼",
        "삶의 의미",
        "즐거움",
        "책임감"
      ]
    },
    {
      "id": "RC-3fe7409756",
      "topic": "LOVE",
      "priority": 7,
      "trigger": {
        "ten_god": "편재",
        "marriage_focus": true,
        "has_siksang": true
      },
      "mechanism": "식상이 결합된 편재는 결혼 생활에서 활발한 소통과 활동을 가능하게 함.",
      "interpretation": "결혼 생활에서 소통과 활동이 활발해짐.",
      "action": "배우자와 함께하는 활동을 계획하고 실행하라.",
      "cautions": [
        "활동에 치중하여 배우자와의 관계에서 피로감을 느끼지 않도록 주의."
      ],
      "tags": [
        "편재",
        "식상",
        "결혼",
        "소통",
        "활동"
      ]
    }
  ],
  "notes": [],
  "schema_version": "rulecards.v1",
  "module_code": "SajuOS_APPL_004",
  "updated_at": "2025-12-23T20:27:26"
}