{
  "title": "SajuOS_Logic_APPL_030",
  "rulecards": [
    {
      "id": "RC-b27ffe41e9",
      "topic": "STRUCTURE",
      "priority": 10,
      "trigger": {
        "structure": "흉격"
      },
      "mechanism": "흉격은 어려운 환경에서 태어나 학업에 도전하는 구조를 가짐.",
      "interpretation": "흉격은 학업을 통해 인생을 역전할 가능성이 있음.",
      "action": "학업을 통해 어려움을 극복하고 실전에서 강점을 발휘하도록 유도.",
      "cautions": [
        "학업 환경이 어려울 수 있음",
        "스트레스 관리 필요"
      ],
      "tags": [
        "흉격",
        "학업",
        "극복",
        "실전",
        "성장"
      ]
    },
    {
      "id": "RC-56215ea4c4",
      "topic": "STRUCTURE",
      "priority": 9,
      "trigger": {
        "structure": "길격"
      },
      "mechanism": "길격은 학업 환경이 비교적 안정적이고 선택지가 많음.",
      "interpretation": "길격은 학업에 유리한 조건을 가짐.",
      "action": "학업 목표를 명확히 설정하고 꾸준히 노력하도록 지도.",
      "cautions": [
        "학업에 대한 관심 부족 가능성"
      ],
      "tags": [
        "길격",
        "학업",
        "안정",
        "선택지",
        "목표"
      ]
    },
    {
      "id": "RC-619695ad15",
      "topic": "STRUCTURE",
      "priority": 8,
      "trigger": {
        "structure": "평관격",
        "useful_gods": [
          "식신",
          "인성"
        ]
      },
      "mechanism": "평관격은 강한 에너지로 학업을 통해 인생을 바꿀 수 있음.",
      "interpretation": "식신과 인성이 조화를 이루면 학업 능력이 크게 향상됨.",
      "action": "식신과 인성을 활용해 학업 목표를 달성하도록 지원.",
      "cautions": [
        "식신과 인성이 없으면 문제 인식 능력 저하"
      ],
      "tags": [
        "평관격",
        "식신",
        "인성",
        "학업",
        "문제 해결"
      ]
    },
    {
      "id": "RC-39137f9b01",
      "topic": "STRUCTURE",
      "priority": 7,
      "trigger": {
        "structure": "상관격",
        "useful_gods": [
          "식신"
        ]
      },
      "mechanism": "상관격은 각성 계기를 통해 학업에 몰입 가능.",
      "interpretation": "각성 후 빠른 속도로 학업 성과를 낼 수 있음.",
      "action": "각성 계기를 제공하거나 학업 동기를 부여.",
      "cautions": [
        "초기에는 학업에 관심이 없을 가능성"
      ],
      "tags": [
        "상관격",
        "각성",
        "몰입",
        "학업",
        "동기"
      ]
    },
    {
      "id": "RC-a0b66fb6cf",
      "topic": "STRUCTURE",
      "priority": 6,
      "trigger": {
        "structure": "정인격",
        "useful_gods": [
          "정관"
        ]
      },
      "mechanism": "정인격은 정관을 통해 학업에서 안정적 성과를 냄.",
      "interpretation": "정관이 학업의 방향성을 제공함.",
      "action": "정관을 활용해 학업 목표를 구체화.",
      "cautions": [
        "정관이 없으면 학업 성과가 제한될 수 있음"
      ],
      "tags": [
        "정인격",
        "정관",
        "학업",
        "안정",
        "목표"
      ]
    },
    {
      "id": "RC-1f65f82fe0",
      "topic": "STRUCTURE",
      "priority": 7,
      "trigger": {
        "structure": "편관격",
        "useful_gods": [
          "정인",
          "편인"
        ]
      },
      "mechanism": "편관격은 외부 압박을 통해 학업 성과를 냄.",
      "interpretation": "부모나 환경의 강요로 학업에 몰입 가능.",
      "action": "외부 압박을 긍정적으로 활용하도록 지도.",
      "cautions": [
        "압박이 과도하면 학업에 부정적 영향을 미칠 수 있음"
      ],
      "tags": [
        "편관격",
        "압박",
        "학업",
        "몰입",
        "환경"
      ]
    },
    {
      "id": "RC-9512b4c5b5",
      "topic": "STRUCTURE",
      "priority": 8,
      "trigger": {
        "structure": "평관격",
        "useful_gods": [
          "식신",
          "정인"
        ]
      },
      "mechanism": "식신과 정인이 조화를 이루면 학업에서 꾸준한 성과를 냄.",
      "interpretation": "식신은 학업 태도를, 정인은 학습 환경을 지원.",
      "action": "식신과 정인을 활용해 학업 환경을 최적화.",
      "cautions": [
        "정인이 과도하면 식신의 역할이 약화될 수 있음"
      ],
      "tags": [
        "평관격",
        "식신",
        "정인",
        "학업",
        "조화"
      ]
    },
    {
      "id": "RC-b95e1992e6",
      "topic": "STRUCTURE",
      "priority": 6,
      "trigger": {
        "structure": "상관격",
        "timing": "각성 시기"
      },
      "mechanism": "상관격은 특정 시기에 각성하여 학업에 몰입.",
      "interpretation": "각성 시기가 학업 성과에 큰 영향을 미침.",
      "action": "각성 시기를 예측하고 적절한 학업 환경을 제공.",
      "cautions": [
        "각성 시기가 늦어질 수 있음"
      ],
      "tags": [
        "상관격",
        "각성",
        "시기",
        "학업",
        "몰입"
      ]
    },
    {
      "id": "RC-6be5006520",
      "topic": "STRUCTURE",
      "priority": 5,
      "trigger": {
        "structure": "흉격",
        "useful_gods": [
          "식신",
          "상관"
        ]
      },
      "mechanism": "식신과 상관이 흉격의 학업 에너지를 활성화.",
      "interpretation": "흉격은 학업을 통해 사회적 성공 가능.",
      "action": "식신과 상관을 활용해 학업 동기를 강화.",
      "cautions": [
        "식신과 상관이 약하면 학업 성과가 저조할 수 있음"
      ],
      "tags": [
        "흉격",
        "식신",
        "상관",
        "학업",
        "성공"
      ]
    },
    {
      "id": "RC-6b28d44859",
      "topic": "STRUCTURE",
      "priority": 4,
      "trigger": {
        "structure": "편관격",
        "useful_gods": [
          "식신",
          "편인"
        ]
      },
      "mechanism": "편관격은 식신과 편인을 통해 학업에서 성과를 냄.",
      "interpretation": "식신은 학업 태도를, 편인은 학습 방향을 제공.",
      "action": "식신과 편인을 활용해 학업 계획을 세움.",
      "cautions": [
        "편인이 과도하면 학업 집중력이 약화될 수 있음"
      ],
      "tags": [
        "편관격",
        "식신",
        "편인",
        "학업",
        "계획"
      ]
    },
    {
      "id": "RC-8c50dc1c4d",
      "topic": "STRUCTURE",
      "priority": 10,
      "trigger": {
        "structure": "정인격",
        "관": true
      },
      "mechanism": "정인격은 관이 있을 때 학습 내용을 분별하고 핵심을 파악하는 능력이 강화됨.",
      "interpretation": "관이 있는 정인격은 학습 효율이 높고 성적이 우수할 가능성이 큼.",
      "action": "정인격에 관이 있다면 학습 환경을 적극적으로 활용하고, 핵심을 파악하는 연습을 지속하라.",
      "cautions": [
        "관이 약하거나 없으면 학습 능력이 저하될 수 있음."
      ],
      "tags": [
        "정인격",
        "관",
        "학습능력",
        "핵심파악",
        "성적향상"
      ]
    },
    {
      "id": "RC-92b6e2e4b4",
      "topic": "STRUCTURE",
      "priority": 9,
      "trigger": {
        "structure": "정인격",
        "관": false
      },
      "mechanism": "관이 없는 정인격은 학습 내용을 분별하거나 핵심을 파악하는 데 어려움을 겪음.",
      "interpretation": "관이 없는 정인격은 학습 효율이 낮고 성적이 중간 수준에 머물 가능성이 큼.",
      "action": "관이 없는 경우, 학습 내용을 체계적으로 정리하고 반복 학습을 통해 보완하라.",
      "cautions": [
        "핵심을 파악하지 못해 학습 방향이 흐트러질 수 있음."
      ],
      "tags": [
        "정인격",
        "관부족",
        "학습효율",
        "중간성적",
        "보완"
      ]
    },
    {
      "id": "RC-c0f46d2267",
      "topic": "STRUCTURE",
      "priority": 8,
      "trigger": {
        "structure": "정인격",
        "상관": true
      },
      "mechanism": "정인격에 상관이 있으면 비판적 사고와 수용 능력이 조화를 이룸.",
      "interpretation": "상관이 있는 정인격은 비판적 사고를 통해 학습 성과를 극대화할 수 있음.",
      "action": "비판적 사고를 활용해 학습 내용을 분석하고 응용력을 키워라.",
      "cautions": [
        "상관이 과도하면 비판적 태도가 부정적으로 작용할 수 있음."
      ],
      "tags": [
        "정인격",
        "상관",
        "비판적사고",
        "학습성과",
        "조화"
      ]
    },
    {
      "id": "RC-f1e2ecfa0e",
      "topic": "STRUCTURE",
      "priority": 7,
      "trigger": {
        "structure": "정인격",
        "상관": false
      },
      "mechanism": "상관이 없는 정인격은 비판적 사고가 부족하여 학습 태도가 수동적일 가능성이 높음.",
      "interpretation": "비판적 사고가 부족하면 최상위 성과를 내기 어려움.",
      "action": "비판적 사고를 키우기 위해 다양한 관점을 접하고 토론에 참여하라.",
      "cautions": [
        "비판적 사고 부족으로 학습 성과가 제한될 수 있음."
      ],
      "tags": [
        "정인격",
        "상관부족",
        "비판적사고부족",
        "학습태도",
        "성과제한"
      ]
    },
    {
      "id": "RC-899fcef956",
      "topic": "STRUCTURE",
      "priority": 6,
      "trigger": {
        "structure": "편인격",
        "식신": true
      },
      "mechanism": "편인격에 식신이 있으면 학습 내용을 반복적으로 확인하고 익히는 능력이 강화됨.",
      "interpretation": "식신이 있는 편인격은 반복 학습을 통해 학습 내용을 체화할 수 있음.",
      "action": "반복 학습을 통해 학습 내용을 내재화하고 실전에 적용하라.",
      "cautions": [
        "식신이 약하면 반복 학습 능력이 저하될 수 있음."
      ],
      "tags": [
        "편인격",
        "식신",
        "반복학습",
        "체화",
        "실전적용"
      ]
    },
    {
      "id": "RC-310717b520",
      "topic": "STRUCTURE",
      "priority": 5,
      "trigger": {
        "structure": "편인격",
        "상관": true
      },
      "mechanism": "편인격에 상관이 있으면 학창 시절보다는 성인이 된 후 자격증 취득 등 실용적 학습에 강점을 보임.",
      "interpretation": "상관이 있는 편인격은 실용적 학습과 자격증 취득에 유리함.",
      "action": "실용적인 학습 목표를 설정하고 자격증 취득에 집중하라.",
      "cautions": [
        "학창 시절에는 학습 동기가 부족할 수 있음."
      ],
      "tags": [
        "편인격",
        "상관",
        "실용학습",
        "자격증",
        "성인학습"
      ]
    },
    {
      "id": "RC-2dd3d9a166",
      "topic": "STRUCTURE",
      "priority": 4,
      "trigger": {
        "structure": "편인격",
        "상관": false
      },
      "mechanism": "상관이 없는 편인격은 학습 동기가 부족하고 실용적 학습에 어려움을 겪음.",
      "interpretation": "상관이 없으면 학습 동기가 약해지고 실용적 성과를 내기 어려움.",
      "action": "학습 동기를 부여하기 위해 현실적인 목표를 설정하고 경험을 통해 동기를 강화하라.",
      "cautions": [
        "학습 동기 부족으로 성과가 제한될 수 있음."
      ],
      "tags": [
        "편인격",
        "상관부족",
        "학습동기",
        "실용성부족",
        "목표설정"
      ]
    },
    {
      "id": "RC-47d9a33b95",
      "topic": "STRUCTURE",
      "priority": 3,
      "trigger": {
        "structure": "정인격",
        "관": true,
        "상관": true
      },
      "mechanism": "정인격에 관과 상관이 모두 있으면 학습 효율과 비판적 사고가 동시에 강화됨.",
      "interpretation": "관과 상관이 조화를 이루면 학습 성과가 최상위로 향상될 가능성이 큼.",
      "action": "관과 상관의 조화를 유지하며 학습 전략을 최적화하라.",
      "cautions": [
        "관과 상관의 균형이 깨지면 학습 효율이 저하될 수 있음."
      ],
      "tags": [
        "정인격",
        "관",
        "상관",
        "학습효율",
        "비판적사고"
      ]
    },
    {
      "id": "RC-afe8c7a925",
      "topic": "STRUCTURE",
      "priority": 2,
      "trigger": {
        "structure": "정인격",
        "관": true,
        "상관": false
      },
      "mechanism": "관이 있지만 상관이 없는 경우 비판적 사고는 부족하지만 학습 효율은 유지됨.",
      "interpretation": "비판적 사고가 부족해도 학습 성과는 중상위 수준을 유지할 수 있음.",
      "action": "비판적 사고를 보완하기 위해 다양한 학습 자료를 활용하라.",
      "cautions": [
        "비판적 사고 부족으로 학습 성과가 제한될 수 있음."
      ],
      "tags": [
        "정인격",
        "관",
        "상관부족",
        "학습효율",
        "중상위"
      ]
    },
    {
      "id": "RC-180d417d06",
      "topic": "STRUCTURE",
      "priority": 1,
      "trigger": {
        "structure": "정인격",
        "관": false,
        "상관": false
      },
      "mechanism": "관과 상관이 모두 없으면 학습 효율과 비판적 사고가 모두 약화됨.",
      "interpretation": "학습 성과가 낮고, 최상위 성과를 내기 어려움.",
      "action": "학습 전략을 체계적으로 세우고 반복 학습을 통해 보완하라.",
      "cautions": [
        "학습 성과가 낮아 좌절감을 느낄 수 있음."
      ],
      "tags": [
        "정인격",
        "관부족",
        "상관부족",
        "학습효율저하",
        "보완필요"
      ]
    }
  ],
  "notes": [
    "텍스트에서 학업과 관련된 다양한 격국의 특성과 활용 방안을 다룸.",
    "각 격국의 학업 성과는 용신과 환경에 따라 달라질 수 있음."
  ],
  "schema_version": "rulecards.v1",
  "module_code": "SajuOS_APPL_030",
  "updated_at": "2025-12-23T20:27:26"
}