{
  "title": "SajuOS_Logic_APPL_024",
  "rulecards": [
    {
      "id": "RC-41754c1bce",
      "topic": "GENERAL",
      "priority": 9,
      "trigger": {
        "note": "학습 능력과 조후의 관계를 이해하려는 경우"
      },
      "mechanism": "조후는 학습 스타일과 속도에 영향을 미침.",
      "interpretation": "조후는 학습의 선천적 기질을 결정짓는 중요한 요소.",
      "action": "자녀의 조후를 이해하고 학습 방식에 맞는 환경을 제공.",
      "cautions": [
        "조후를 단순히 우열로 판단하지 말 것."
      ],
      "tags": [
        "조후",
        "학습",
        "기질",
        "환경",
        "선천적 능력"
      ]
    },
    {
      "id": "RC-7bf15a6557",
      "topic": "GENERAL",
      "priority": 8,
      "trigger": {
        "note": "한한명과 난한명의 학습 차이를 이해하려는 경우"
      },
      "mechanism": "한한명은 깊이 있는 이해를 추구하며 느리지만 집요함이 강함.",
      "interpretation": "한한명은 느리지만 깊이 있는 학습을 통해 장기적인 성과를 냄.",
      "action": "한한명에게는 충분한 시간을 주고 반복 학습을 권장.",
      "cautions": [
        "선행학습은 한한명에게 부정적 영향을 줄 수 있음."
      ],
      "tags": [
        "한한명",
        "깊이",
        "집요함",
        "반복",
        "학습"
      ]
    },
    {
      "id": "RC-91234b96be",
      "topic": "GENERAL",
      "priority": 8,
      "trigger": {
        "note": "난한명의 학습 특성을 이해하려는 경우"
      },
      "mechanism": "난한명은 빠르게 이해하고 응용력이 뛰어남.",
      "interpretation": "난한명은 즉각적인 이해와 응용을 통해 학습 효율을 높임.",
      "action": "난한명에게는 짧고 집중적인 학습 환경을 제공.",
      "cautions": [
        "지속적인 학습보다는 흥미를 유지하는 것이 중요."
      ],
      "tags": [
        "난한명",
        "응용력",
        "빠른 이해",
        "집중",
        "학습"
      ]
    },
    {
      "id": "RC-6ad9c9aba5",
      "topic": "GENERAL",
      "priority": 7,
      "trigger": {
        "note": "조후와 부모-자녀 간 학습 스타일 차이를 이해하려는 경우"
      },
      "mechanism": "부모와 자녀의 조후 차이는 학습 방식의 차이를 유발.",
      "interpretation": "부모와 자녀의 조후 차이를 이해하면 갈등을 줄일 수 있음.",
      "action": "자녀의 조후에 맞는 학습 방식을 존중.",
      "cautions": [
        "부모의 학습 방식을 자녀에게 강요하지 말 것."
      ],
      "tags": [
        "조후",
        "부모-자녀",
        "학습 스타일",
        "갈등",
        "이해"
      ]
    },
    {
      "id": "RC-15480e4e9f",
      "topic": "GENERAL",
      "priority": 7,
      "trigger": {
        "note": "학습에서 한난의 균형을 이해하려는 경우"
      },
      "mechanism": "한난의 균형은 학습의 효율성과 지속성을 결정.",
      "interpretation": "한난의 균형이 맞으면 학습 능력이 극대화됨.",
      "action": "한난의 균형을 고려한 학습 계획을 수립.",
      "cautions": [
        "한쪽으로 치우치면 학습 효율이 떨어질 수 있음."
      ],
      "tags": [
        "한난",
        "균형",
        "학습 효율",
        "지속성",
        "계획"
      ]
    },
    {
      "id": "RC-4491ea4f57",
      "topic": "GENERAL",
      "priority": 6,
      "trigger": {
        "note": "조후와 학습의 반복성 관계를 이해하려는 경우"
      },
      "mechanism": "습한 조후는 반복 학습을 촉진.",
      "interpretation": "습한 조후는 학습 내용을 체화하는 데 유리.",
      "action": "습한 조후를 가진 사람에게 반복 학습을 권장.",
      "cautions": [
        "조한명은 반복 학습에 어려움을 겪을 수 있음."
      ],
      "tags": [
        "조후",
        "습",
        "반복 학습",
        "체화",
        "학습"
      ]
    },
    {
      "id": "RC-69ac8350e6",
      "topic": "GENERAL",
      "priority": 6,
      "trigger": {
        "note": "조한명이 학습에서 어려움을 겪는 경우"
      },
      "mechanism": "조한명은 외부 자극에 민감하지 않아 학습 변화가 느림.",
      "interpretation": "조한명은 학습에서 확신과 신념이 중요.",
      "action": "조한명에게는 외부 자극을 통해 학습 동기를 부여.",
      "cautions": [
        "조한명과의 토론은 비효율적일 수 있음."
      ],
      "tags": [
        "조한명",
        "외부 자극",
        "확신",
        "신념",
        "학습"
      ]
    },
    {
      "id": "RC-6247b1f755",
      "topic": "GENERAL",
      "priority": 5,
      "trigger": {
        "note": "난한명이 학습에서 흥미를 잃는 경우"
      },
      "mechanism": "난한명은 반복 학습에서 흥미를 잃기 쉬움.",
      "interpretation": "난한명은 학습에서 흥미 유지가 중요.",
      "action": "난한명에게는 다양한 학습 방법을 제공.",
      "cautions": [
        "지속적인 반복 학습은 난한명에게 부정적 영향을 줄 수 있음."
      ],
      "tags": [
        "난한명",
        "흥미",
        "반복 학습",
        "다양성",
        "학습"
      ]
    },
    {
      "id": "RC-180a225ae7",
      "topic": "GENERAL",
      "priority": 5,
      "trigger": {
        "note": "운동선수의 학습과 조후의 관계를 이해하려는 경우"
      },
      "mechanism": "운동선수는 조후의 영향을 더 강하게 받음.",
      "interpretation": "운동선수는 조후에 따라 전략과 학습 방식이 달라짐.",
      "action": "운동선수의 조후에 맞는 훈련 방식을 설계.",
      "cautions": [
        "조후를 무시한 훈련은 비효율적일 수 있음."
      ],
      "tags": [
        "운동선수",
        "조후",
        "훈련",
        "전략",
        "학습"
      ]
    },
    {
      "id": "RC-fda6f217c2",
      "topic": "GENERAL",
      "priority": 4,
      "trigger": {
        "note": "학습에서 선행학습의 효과를 이해하려는 경우"
      },
      "mechanism": "선행학습은 조후에 따라 긍정적 또는 부정적 영향을 미침.",
      "interpretation": "한한명은 선행학습이 부정적, 난한명은 긍정적일 수 있음.",
      "action": "조후에 따라 선행학습 여부를 결정.",
      "cautions": [
        "모든 경우에 선행학습이 효과적이지 않음."
      ],
      "tags": [
        "선행학습",
        "조후",
        "효과",
        "학습",
        "계획"
      ]
    },
    {
      "id": "RC-3ee182728a",
      "topic": "GENERAL",
      "priority": 9,
      "trigger": {
        "note": "사주에 한난(차가움과 따뜻함)의 균형이 잘 맞는 경우"
      },
      "mechanism": "한난의 균형은 학습 스타일과 응용력에 영향을 미침.",
      "interpretation": "한난의 균형이 학습 능력과 응용력의 조화를 이룸.",
      "action": "사주에서 한난의 균형을 확인하고 학습 전략을 조정.",
      "cautions": [
        "한난의 균형이 성적과 직접적인 연관은 아님."
      ],
      "tags": [
        "한난",
        "균형",
        "학습",
        "응용력",
        "사주"
      ]
    },
    {
      "id": "RC-d0bb6afb67",
      "topic": "GENERAL",
      "priority": 8,
      "trigger": {
        "note": "사주에 조한(건조함)이 강한 경우"
      },
      "mechanism": "조한은 환경에 민감하고 고착화된 사고를 형성함.",
      "interpretation": "조한은 학습 환경과 초기 학습 방식에 큰 영향을 미침.",
      "action": "조한이 강한 사람에게는 정리된 학습 환경을 제공.",
      "cautions": [
        "조한이 극단적일 경우 사고의 유연성이 떨어질 수 있음."
      ],
      "tags": [
        "조한",
        "환경",
        "고착화",
        "학습",
        "사고"
      ]
    },
    {
      "id": "RC-8d05688f89",
      "topic": "GENERAL",
      "priority": 7,
      "trigger": {
        "note": "사주에 습한(습기)가 강한 경우"
      },
      "mechanism": "습한은 환경에 덜 민감하며 유연한 사고를 가능하게 함.",
      "interpretation": "습한은 다양한 환경에서 학습을 가능하게 함.",
      "action": "습한이 강한 사람에게는 자유로운 학습 환경을 제공.",
      "cautions": [
        "습한이 지나치면 집중력이 떨어질 수 있음."
      ],
      "tags": [
        "습한",
        "유연성",
        "환경",
        "학습",
        "집중력"
      ]
    },
    {
      "id": "RC-0a28d6d6ca",
      "topic": "GENERAL",
      "priority": 8,
      "trigger": {
        "note": "조한이 강한 사람의 학습 환경"
      },
      "mechanism": "조한은 정리된 환경에서 학습 효율이 높아짐.",
      "interpretation": "조한이 강한 사람은 정돈된 환경에서 학습 성과가 좋음.",
      "action": "조한이 강한 사람에게는 정돈된 학습 환경을 조성.",
      "cautions": [
        "환경이 어지럽다면 학습 효율이 크게 떨어질 수 있음."
      ],
      "tags": [
        "조한",
        "환경",
        "정리",
        "학습",
        "효율"
      ]
    },
    {
      "id": "RC-deee5569ed",
      "topic": "GENERAL",
      "priority": 7,
      "trigger": {
        "note": "습한이 강한 사람의 학습 환경"
      },
      "mechanism": "습한은 환경에 구애받지 않고 학습 가능.",
      "interpretation": "습한이 강한 사람은 다양한 환경에서 학습 가능.",
      "action": "습한이 강한 사람에게는 유연한 학습 환경을 제공.",
      "cautions": [
        "습한이 지나치면 학습의 일관성이 부족할 수 있음."
      ],
      "tags": [
        "습한",
        "유연성",
        "환경",
        "학습",
        "일관성"
      ]
    },
    {
      "id": "RC-aa72e43af6",
      "topic": "GENERAL",
      "priority": 6,
      "trigger": {
        "note": "조한이 강한 사람의 학습 방식"
      },
      "mechanism": "조한은 반복 학습과 고정된 방식을 선호.",
      "interpretation": "조한이 강한 사람은 반복 학습에서 성과를 냄.",
      "action": "조한이 강한 사람에게는 오답노트와 같은 반복 학습 도구를 활용.",
      "cautions": [
        "반복 학습이 지나치면 유연성이 떨어질 수 있음."
      ],
      "tags": [
        "조한",
        "반복",
        "학습",
        "오답노트",
        "유연성"
      ]
    },
    {
      "id": "RC-0d7333c49d",
      "topic": "GENERAL",
      "priority": 6,
      "trigger": {
        "note": "습한이 강한 사람의 학습 방식"
      },
      "mechanism": "습한은 다양한 방식으로 학습을 소화.",
      "interpretation": "습한이 강한 사람은 창의적이고 유연한 학습이 가능.",
      "action": "습한이 강한 사람에게는 다양한 학습 도구와 방식을 제공.",
      "cautions": [
        "습한이 지나치면 학습의 초점이 흐려질 수 있음."
      ],
      "tags": [
        "습한",
        "창의성",
        "유연성",
        "학습",
        "다양성"
      ]
    },
    {
      "id": "RC-b8b0d059cb",
      "topic": "GENERAL",
      "priority": 5,
      "trigger": {
        "note": "조한과 습한의 균형이 필요한 경우"
      },
      "mechanism": "조한과 습한의 균형은 학습 효율과 응용력을 높임.",
      "interpretation": "균형 잡힌 조습은 학습과 응용에서 최적의 결과를 냄.",
      "action": "조습의 균형을 맞추기 위해 학습 환경과 방식을 조정.",
      "cautions": [
        "균형이 깨지면 학습 효율이 떨어질 수 있음."
      ],
      "tags": [
        "조한",
        "습한",
        "균형",
        "학습",
        "효율"
      ]
    },
    {
      "id": "RC-7555b33e05",
      "topic": "GENERAL",
      "priority": 7,
      "trigger": {
        "note": "조한이 강한 사람의 초기 학습 방식"
      },
      "mechanism": "조한은 초기 학습 방식이 고착화되기 쉬움.",
      "interpretation": "조한이 강한 사람은 초기 학습 방식이 중요.",
      "action": "조한이 강한 사람에게는 올바른 초기 학습 방식을 제공.",
      "cautions": [
        "초기 학습 방식이 잘못되면 수정이 어려움."
      ],
      "tags": [
        "조한",
        "초기 학습",
        "고착화",
        "방식",
        "수정"
      ]
    },
    {
      "id": "RC-04c8317fcf",
      "topic": "GENERAL",
      "priority": 6,
      "trigger": {
        "note": "습한이 강한 사람의 학습 태도"
      },
      "mechanism": "습한은 환경 변화에 적응하며 학습 가능.",
      "interpretation": "습한이 강한 사람은 유연한 학습 태도를 가짐.",
      "action": "습한이 강한 사람에게는 다양한 학습 환경을 제공.",
      "cautions": [
        "환경 변화에 지나치게 의존할 수 있음."
      ],
      "tags": [
        "습한",
        "적응",
        "유연성",
        "학습",
        "환경"
      ]
    }
  ],
  "notes": [
    "조후와 학습의 관계는 다양한 사례를 통해 설명되었으며, 이를 이해하면 학습 효율을 높일 수 있음."
  ],
  "schema_version": "rulecards.v1",
  "module_code": "SajuOS_APPL_024",
  "updated_at": "2025-12-23T20:27:26"
}