{
  "title": "SajuOS_Logic_APPL_017",
  "rulecards": [
    {
      "id": "RC-4f1b6a78c9",
      "topic": "WEALTH",
      "priority": 9,
      "trigger": {
        "ten_god": "식상",
        "phase": "운"
      },
      "mechanism": "식상은 재물을 지출하는 에너지로 작용하며, 초기 자금 투입을 의미한다.",
      "interpretation": "운에서 식상이 오면 재물이 나가는 상황이 발생한다.",
      "action": "식상운에서는 지출을 예상하고, 투자 계획을 세워야 한다.",
      "cautions": [
        "지출 후 재회수 가능성을 반드시 검토할 것",
        "무계획적 소비 주의"
      ],
      "tags": [
        "식상",
        "재물",
        "지출",
        "투자",
        "운"
      ]
    },
    {
      "id": "RC-113eb33375",
      "topic": "WEALTH",
      "priority": 8,
      "trigger": {
        "ten_god": "식상",
        "strength": "강"
      },
      "mechanism": "강한 식상은 자영업이나 창작 활동에서의 자금 투입을 의미한다.",
      "interpretation": "강한 식상을 가진 사람은 자금을 투입하여 자산을 소유하려는 경향이 있다.",
      "action": "자영업이나 창작 활동 시 초기 자금 계획을 철저히 세울 것.",
      "cautions": [
        "과도한 자금 투입 주의",
        "수익성 검토 필요"
      ],
      "tags": [
        "식상",
        "강한 식상",
        "자영업",
        "투자",
        "소유"
      ]
    },
    {
      "id": "RC-988a74487c",
      "topic": "WEALTH",
      "priority": 7,
      "trigger": {
        "ten_god": "식상",
        "strength": "약"
      },
      "mechanism": "약한 식상은 자금 조달을 위해 외부 도움을 받는 경향이 있다.",
      "interpretation": "약한 식상을 가진 사람은 빚을 내거나 외부 투자를 받으려는 경향이 있다.",
      "action": "자금 조달 시 신중히 계획하고, 상환 가능성을 검토할 것.",
      "cautions": [
        "과도한 부채 주의",
        "외부 의존도 관리 필요"
      ],
      "tags": [
        "식상",
        "약한 식상",
        "빚",
        "투자",
        "자금 조달"
      ]
    },
    {
      "id": "RC-ded11f6cf1",
      "topic": "WEALTH",
      "priority": 8,
      "trigger": {
        "ten_god": "재성",
        "strength": "왕"
      },
      "mechanism": "왕한 재성은 투자와 자산 관리에서 높은 확신과 안목을 제공한다.",
      "interpretation": "재성이 왕하면 투자 성공 가능성이 높아진다.",
      "action": "확신이 있는 투자에 집중하고, 장기적인 계획을 세울 것.",
      "cautions": [
        "과도한 자신감 주의",
        "시장 변화에 유연하게 대처"
      ],
      "tags": [
        "재성",
        "왕한 재성",
        "투자",
        "안목",
        "계획"
      ]
    },
    {
      "id": "RC-ffc3f8f8f0",
      "topic": "WEALTH",
      "priority": 7,
      "trigger": {
        "ten_god": "재성",
        "strength": "약"
      },
      "mechanism": "약한 재성은 투자 실패 가능성을 높이고, 자산 관리에 어려움을 준다.",
      "interpretation": "재성이 약하면 투자에서 손실을 볼 가능성이 크다.",
      "action": "투자 전 철저히 분석하고, 무리한 투자를 피할 것.",
      "cautions": [
        "리스크 관리 필요",
        "충동적 투자 주의"
      ],
      "tags": [
        "재성",
        "약한 재성",
        "투자 실패",
        "리스크",
        "분석"
      ]
    },
    {
      "id": "RC-40fe60337b",
      "topic": "WEALTH",
      "priority": 6,
      "trigger": {
        "ten_god": "식상",
        "investment_type": "경험 기반"
      },
      "mechanism": "식상은 자신이 잘 아는 분야에만 투자하려는 경향이 있다.",
      "interpretation": "식상은 경험과 이해를 바탕으로 투자 결정을 내린다.",
      "action": "자신이 잘 아는 분야에 집중 투자하고, 모르는 분야는 피할 것.",
      "cautions": [
        "새로운 분야에 대한 과도한 두려움 주의"
      ],
      "tags": [
        "식상",
        "투자",
        "경험 기반",
        "이해",
        "분석"
      ]
    },
    {
      "id": "RC-7698d4a547",
      "topic": "WEALTH",
      "priority": 7,
      "trigger": {
        "ten_god": "식신",
        "ownership": "소유"
      },
      "mechanism": "식신은 자산을 소유하고 유지하려는 경향이 강하다.",
      "interpretation": "식신은 자산을 직접 소유하고 관리하는 데 중점을 둔다.",
      "action": "소유 자산의 유지 비용을 고려하고, 장기적인 계획을 세울 것.",
      "cautions": [
        "과도한 유지 비용 주의",
        "소유에 따른 리스크 관리 필요"
      ],
      "tags": [
        "식신",
        "소유",
        "자산 관리",
        "유지 비용",
        "장기 계획"
      ]
    },
    {
      "id": "RC-9c317b6169",
      "topic": "WEALTH",
      "priority": 6,
      "trigger": {
        "ten_god": "상관",
        "ownership": "공유"
      },
      "mechanism": "상관은 자산을 공유하거나 임대하는 방식으로 활용한다.",
      "interpretation": "상관은 리스크를 최소화하며 자산을 활용하려는 경향이 있다.",
      "action": "공유 자산 활용 시 계약 조건을 명확히 하고, 리스크를 관리할 것.",
      "cautions": [
        "소유권 주장 제한",
        "공유 자산의 불확실성 주의"
      ],
      "tags": [
        "상관",
        "공유",
        "임대",
        "리스크 관리",
        "계약"
      ]
    },
    {
      "id": "RC-9f3fe912e1",
      "topic": "WEALTH",
      "priority": 8,
      "trigger": {
        "ten_god": "재성",
        "system": "자본주의"
      },
      "mechanism": "재성은 자본주의 시스템을 이해하고 활용하는 능력을 제공한다.",
      "interpretation": "재성이 강한 사람은 자본주의 사회에서 돈을 벌기 유리하다.",
      "action": "자본주의 시스템을 이해하고, 이를 기반으로 재테크 전략을 세울 것.",
      "cautions": [
        "도덕적 책임 간과 주의",
        "시스템 변화에 민감하게 대응"
      ],
      "tags": [
        "재성",
        "자본주의",
        "시스템",
        "재테크",
        "전략"
      ]
    },
    {
      "id": "RC-49a30dbc4d",
      "topic": "WEALTH",
      "priority": 7,
      "trigger": {
        "ten_god": "재성",
        "context": "사회 구조"
      },
      "mechanism": "재성은 사회 시스템의 바닥을 이해하고 이를 활용한다.",
      "interpretation": "재성이 있는 사람은 사회적 구조와 경제적 흐름을 잘 이해한다.",
      "action": "사회적 구조를 분석하고, 이를 기반으로 경제적 기회를 탐색할 것.",
      "cautions": [
        "사회적 책임 간과 주의",
        "구조적 변화에 대비"
      ],
      "tags": [
        "재성",
        "사회 구조",
        "경제 흐름",
        "분석",
        "기회"
      ]
    },
    {
      "id": "RC-160b3d0ec1",
      "topic": "WEALTH",
      "priority": 9,
      "trigger": {
        "structure": "재격",
        "location": "미국"
      },
      "mechanism": "미국은 자본주의 시스템이 예측 가능하게 구성되어 있음.",
      "interpretation": "재격인 사람은 미국에서 재물을 얻을 가능성이 높음.",
      "action": "미국 주식 투자와 같은 예측 가능한 자본주의 시스템을 활용하라.",
      "cautions": [
        "도덕적 결여와 같은 사회적 문제를 인지할 것."
      ],
      "tags": [
        "재격",
        "미국",
        "자본주의",
        "예측 가능",
        "투자"
      ]
    },
    {
      "id": "RC-7fca91a1c7",
      "topic": "WEALTH",
      "priority": 8,
      "trigger": {
        "structure": "재격",
        "investment": "주식"
      },
      "mechanism": "재격은 돈의 순환과 시스템을 이해하는 능력이 있음.",
      "interpretation": "재격은 주식 투자에서 성공 가능성이 높음.",
      "action": "주식 시장의 흐름을 이해하고 장기적인 관점에서 투자하라.",
      "cautions": [
        "단기적 이익에 집착하지 말 것."
      ],
      "tags": [
        "재격",
        "주식",
        "투자",
        "돈의 순환",
        "장기적 관점"
      ]
    },
    {
      "id": "RC-874c903ce2",
      "topic": "WEALTH",
      "priority": 7,
      "trigger": {
        "structure": "재격",
        "note": "재해와 관의 조합"
      },
      "mechanism": "재해와 관은 돈과 권력이 연결되는 구조를 형성함.",
      "interpretation": "재해와 관이 함께 있으면 돈과 권력을 동시에 다룰 수 있음.",
      "action": "돈과 권력의 균형을 유지하며 활용하라.",
      "cautions": [
        "권력 남용이나 불법적 행위를 피할 것."
      ],
      "tags": [
        "재격",
        "재해",
        "관",
        "돈과 권력",
        "균형"
      ]
    },
    {
      "id": "RC-5e2de3fcbf",
      "topic": "WEALTH",
      "priority": 8,
      "trigger": {
        "structure": "무재",
        "note": "재성 부족"
      },
      "mechanism": "무재는 자산을 자산화하거나 시스템화하는 능력이 부족함.",
      "interpretation": "무재는 노동 중심으로 재물을 얻으려는 경향이 강함.",
      "action": "자산 관리와 시스템 구축에 대한 학습을 강화하라.",
      "cautions": [
        "단순 노동에만 의존하지 말 것."
      ],
      "tags": [
        "무재",
        "노동",
        "자산화",
        "시스템",
        "재성 부족"
      ]
    },
    {
      "id": "RC-f32d8098fd",
      "topic": "WEALTH",
      "priority": 7,
      "trigger": {
        "structure": "정재",
        "note": "정재의 과도한 집착"
      },
      "mechanism": "정재는 완전 무결성을 추구하며 계산된 경제 활동을 선호함.",
      "interpretation": "정재는 합법적이고 안정적인 방식으로 재물을 얻음.",
      "action": "합법적 테두리 내에서 재물을 관리하고 투자하라.",
      "cautions": [
        "완벽주의로 인해 기회를 놓치지 말 것."
      ],
      "tags": [
        "정재",
        "완전 무결성",
        "합법",
        "안정성",
        "경제 활동"
      ]
    },
    {
      "id": "RC-ef24c03c99",
      "topic": "WEALTH",
      "priority": 6,
      "trigger": {
        "structure": "편재",
        "note": "편재적 코드"
      },
      "mechanism": "편재는 비정형적이고 위험한 방식으로 큰 돈을 벌 가능성이 있음.",
      "interpretation": "편재는 비공식적 경제 활동에서 재물을 얻을 수 있음.",
      "action": "위험을 관리하며 비공식적 기회를 활용하라.",
      "cautions": [
        "불법적 활동에 연루되지 않도록 주의할 것."
      ],
      "tags": [
        "편재",
        "비정형",
        "위험",
        "비공식 경제",
        "큰 돈"
      ]
    },
    {
      "id": "RC-767f122f32",
      "topic": "WEALTH",
      "priority": 7,
      "trigger": {
        "structure": "정재",
        "note": "정재로 인한 가난"
      },
      "mechanism": "정재는 시간과 현재를 희생하여 재물을 얻으려는 경향이 있음.",
      "interpretation": "정재를 감당하지 못하면 가난한 상황에 처할 수 있음.",
      "action": "시간과 자원을 효율적으로 관리하라.",
      "cautions": [
        "현재를 지나치게 희생하지 말 것."
      ],
      "tags": [
        "정재",
        "가난",
        "시간 희생",
        "자원 관리",
        "효율성"
      ]
    },
    {
      "id": "RC-1f987bf020",
      "topic": "WEALTH",
      "priority": 6,
      "trigger": {
        "structure": "편재",
        "note": "편재로 인한 가난"
      },
      "mechanism": "편재는 사치와 유흥에 대한 욕구로 인해 재물을 잃을 가능성이 있음.",
      "interpretation": "편재를 감당하지 못하면 사치로 인해 재정적 어려움이 발생할 수 있음.",
      "action": "사치와 유흥을 절제하며 재정을 관리하라.",
      "cautions": [
        "과도한 소비를 피할 것."
      ],
      "tags": [
        "편재",
        "사치",
        "유흥",
        "재정 관리",
        "절제"
      ]
    },
    {
      "id": "RC-960bb2fbe3",
      "topic": "WEALTH",
      "priority": 8,
      "trigger": {
        "structure": "탐재개인",
        "note": "재를 놓지 못하는 경우"
      },
      "mechanism": "탐재개인은 재물에 대한 집착으로 인해 인내심이 부족함.",
      "interpretation": "탐재개인은 재물에 대한 과도한 집착으로 손실을 초래할 수 있음.",
      "action": "재물에 대한 집착을 줄이고 인내심을 기르라.",
      "cautions": [
        "감정적 투자 결정을 피할 것."
      ],
      "tags": [
        "탐재개인",
        "집착",
        "인내심 부족",
        "손실",
        "감정적 투자"
      ]
    },
    {
      "id": "RC-8d428d000e",
      "topic": "WEALTH",
      "priority": 7,
      "trigger": {
        "structure": "재성",
        "note": "재성의 소화 여부"
      },
      "mechanism": "재성을 소화하면 재물이 되고, 소화하지 못하면 일이 됨.",
      "interpretation": "재성을 잘 활용하면 자산을 늘릴 수 있음.",
      "action": "재성을 소화할 수 있는 능력을 키우고 활용하라.",
      "cautions": [
        "재성을 소화하지 못하면 빚으로 전환될 수 있음."
      ],
      "tags": [
        "재성",
        "소화",
        "자산",
        "빚",
        "활용"
      ]
    }
  ],
  "notes": [],
  "schema_version": "rulecards.v1",
  "module_code": "SajuOS_APPL_017",
  "updated_at": "2025-12-23T20:27:26"
}