{
  "title": "SajuOS_Logic_APPL_040",
  "rulecards": [
    {
      "id": "RC-bf56458057",
      "topic": "TEN_GODS",
      "priority": 9,
      "trigger": {
        "type": "정관",
        "placement": "청관"
      },
      "mechanism": "정관은 직업적 안정성과 사회적 지위를 통해 재를 보호한다.",
      "interpretation": "정관이 청관에 있으면 직업적 귀천을 중시하며, 안정된 직업을 통해 결혼 가능성이 높아진다.",
      "action": "정관이 청관에 있다면 사회적으로 인정받는 직업을 추구하라.",
      "cautions": [
        "직업 귀천에 대한 과도한 집착은 피하라."
      ],
      "tags": [
        "정관",
        "직업",
        "결혼",
        "사회적 지위",
        "청관"
      ]
    },
    {
      "id": "RC-a0d729c56a",
      "topic": "TEN_GODS",
      "priority": 8,
      "trigger": {
        "type": "정관",
        "placement": "지지"
      },
      "mechanism": "지지에만 정관이 있으면 외형적으로는 관의 모습이 있으나 내면적으로는 약하다.",
      "interpretation": "지지에만 정관이 있으면 책임감이 약하고, 배우자로서의 역할 수행이 부족할 수 있다.",
      "action": "지지에 정관이 있다면 내면의 책임감을 강화하도록 노력하라.",
      "cautions": [
        "겉모습에만 의존하지 말고 실질적인 능력을 키워라."
      ],
      "tags": [
        "정관",
        "지지",
        "책임감",
        "배우자 역할",
        "내면"
      ]
    },
    {
      "id": "RC-299c13996e",
      "topic": "RELATION",
      "priority": 7,
      "trigger": {
        "type": "재생관",
        "exists": true
      },
      "mechanism": "재생관은 관을 지원하며 배우자와의 관계를 강화한다.",
      "interpretation": "재생관이 있으면 배우자에 대한 배려와 이해가 높아지고, 관계가 안정적이다.",
      "action": "재생관이 있다면 배우자와의 관계에서 배려와 이해를 실천하라.",
      "cautions": [
        "재생관이 약하면 관계가 소모적으로 변할 수 있다."
      ],
      "tags": [
        "재생관",
        "배려",
        "이해",
        "관계 안정",
        "지원"
      ]
    },
    {
      "id": "RC-f464b5166e",
      "topic": "LOVE",
      "priority": 8,
      "trigger": {
        "type": "정관",
        "placement": "청관",
        "gender": "여명"
      },
      "mechanism": "여명의 정관은 배우자의 직업적 안정성과 사회적 지위를 중시한다.",
      "interpretation": "여명의 정관이 청관에 있으면 직업적으로 안정된 배우자를 선호한다.",
      "action": "배우자를 선택할 때 직업적 안정성과 책임감을 고려하라.",
      "cautions": [
        "외형적 조건에만 치중하지 말고 내면도 살펴라."
      ],
      "tags": [
        "정관",
        "여명",
        "배우자 선택",
        "직업 안정",
        "책임감"
      ]
    },
    {
      "id": "RC-1255269eb6",
      "topic": "RELATION",
      "priority": 6,
      "trigger": {
        "type": "지지",
        "contains": "관",
        "gender": "여명"
      },
      "mechanism": "지지에 관이 있는 여명은 배우자를 무시하거나 자격지심을 느낄 가능성이 있다.",
      "interpretation": "지지에 관이 있는 여명은 배우자와의 관계에서 갈등이 생길 수 있다.",
      "action": "배우자와의 관계에서 상호 존중을 실천하라.",
      "cautions": [
        "배우자를 과소평가하거나 무시하지 않도록 주의하라."
      ],
      "tags": [
        "지지",
        "관",
        "여명",
        "배우자 관계",
        "갈등"
      ]
    },
    {
      "id": "RC-b28d793984",
      "topic": "RELATION",
      "priority": 7,
      "trigger": {
        "type": "재생관",
        "exists": false
      },
      "mechanism": "재생관이 없으면 배우자와의 관계에서 이해와 배려가 부족할 수 있다.",
      "interpretation": "재생관이 없으면 배우자와의 관계가 소모적이거나 갈등이 잦을 수 있다.",
      "action": "재생관이 없다면 배우자와의 관계에서 의사소통을 강화하라.",
      "cautions": [
        "배우자와의 갈등을 방치하지 말라."
      ],
      "tags": [
        "재생관",
        "배우자 관계",
        "이해 부족",
        "갈등",
        "소통"
      ]
    },
    {
      "id": "RC-dbc723b766",
      "topic": "RELATION",
      "priority": 9,
      "trigger": {
        "type": "청관",
        "contains": "관",
        "gender": "남명"
      },
      "mechanism": "청관에 관이 있는 남명은 배우자로서의 책임감과 권위를 중시한다.",
      "interpretation": "청관에 관이 있는 남명은 배우자로서의 역할을 충실히 수행하려 한다.",
      "action": "청관에 관이 있다면 배우자로서의 책임감을 실천하라.",
      "cautions": [
        "책임감이 과도해 스트레스를 받을 수 있다."
      ],
      "tags": [
        "청관",
        "관",
        "남명",
        "책임감",
        "권위"
      ]
    },
    {
      "id": "RC-0cbb9ea623",
      "topic": "RELATION",
      "priority": 8,
      "trigger": {
        "type": "지지",
        "contains": "관",
        "gender": "남명"
      },
      "mechanism": "지지에 관이 있는 남명은 배우자로서의 역할에서 부족함을 느낄 수 있다.",
      "interpretation": "지지에 관이 있는 남명은 배우자로서의 역할 수행에 어려움을 겪을 수 있다.",
      "action": "지지에 관이 있다면 배우자로서의 역할을 강화하도록 노력하라.",
      "cautions": [
        "책임을 회피하지 않도록 주의하라."
      ],
      "tags": [
        "지지",
        "관",
        "남명",
        "배우자 역할",
        "책임"
      ]
    },
    {
      "id": "RC-b2233b60b7",
      "topic": "RELATION",
      "priority": 7,
      "trigger": {
        "type": "재생관",
        "placement": "청관"
      },
      "mechanism": "청관에 재생관이 있으면 배우자와의 관계가 안정적이고 조화롭다.",
      "interpretation": "청관에 재생관이 있으면 배우자와의 관계에서 상호 존중과 배려가 이루어진다.",
      "action": "청관에 재생관이 있다면 배우자와의 관계를 지속적으로 강화하라.",
      "cautions": [
        "배우자와의 관계에서 지나친 의존을 피하라."
      ],
      "tags": [
        "재생관",
        "청관",
        "배우자 관계",
        "조화",
        "존중"
      ]
    },
    {
      "id": "RC-b003d8ea1e",
      "topic": "RELATION",
      "priority": 6,
      "trigger": {
        "type": "재생관",
        "placement": "지지"
      },
      "mechanism": "지지에 재생관이 있으면 배우자와의 관계에서 갈등이 생길 가능성이 있다.",
      "interpretation": "지지에 재생관이 있으면 배우자와의 관계가 불안정할 수 있다.",
      "action": "지지에 재생관이 있다면 배우자와의 관계에서 신뢰를 쌓아라.",
      "cautions": [
        "배우자와의 관계에서 불필요한 갈등을 피하라."
      ],
      "tags": [
        "재생관",
        "지지",
        "배우자 관계",
        "갈등",
        "신뢰"
      ]
    },
    {
      "id": "RC-eb42a385fc",
      "topic": "TEN_GODS",
      "priority": 9,
      "trigger": {
        "type": "편관",
        "location": "천간"
      },
      "mechanism": "천간의 편관은 외부로 드러나는 힘과 결단력을 상징.",
      "interpretation": "천간에 편관이 있으면 강한 결단력과 외부로의 영향력을 발휘할 수 있음.",
      "action": "편관의 힘을 긍정적으로 활용하여 목표를 달성하도록 노력.",
      "cautions": [
        "무모한 행동을 자제할 것",
        "타인에게 희생을 강요하지 않도록 주의"
      ],
      "tags": [
        "편관",
        "천간",
        "결단력",
        "외부영향",
        "목표달성"
      ]
    },
    {
      "id": "RC-2ed54a7675",
      "topic": "TEN_GODS",
      "priority": 8,
      "trigger": {
        "type": "편관",
        "location": "지지"
      },
      "mechanism": "지지의 편관은 내면적이고 가족 내에서의 갈등을 유발할 가능성이 있음.",
      "interpretation": "지지에 편관이 있으면 가족 내에서 폭력적이거나 갈등을 유발할 가능성이 높음.",
      "action": "가족과의 소통을 강화하고 갈등을 예방하는 노력을 기울일 것.",
      "cautions": [
        "폭력적 성향을 억제할 것",
        "가족 내 희생 강요를 피할 것"
      ],
      "tags": [
        "편관",
        "지지",
        "가족갈등",
        "폭력성",
        "소통"
      ]
    },
    {
      "id": "RC-02e6c475a4",
      "topic": "RELATION",
      "priority": 7,
      "trigger": {
        "type": "재생살",
        "exists": true
      },
      "mechanism": "재생살은 편관의 힘을 강화하고 목표 달성을 위한 희생을 요구.",
      "interpretation": "재생살이 있으면 배우자나 주변인의 희생을 통해 목표를 달성하려는 경향이 강함.",
      "action": "희생을 요구하기 전에 상호 협력과 이해를 우선시할 것.",
      "cautions": [
        "과도한 희생 요구를 자제할 것",
        "상대방의 감정을 고려할 것"
      ],
      "tags": [
        "재생살",
        "희생",
        "목표달성",
        "협력",
        "이해"
      ]
    },
    {
      "id": "RC-80edab1c2d",
      "topic": "RELATION",
      "priority": 6,
      "trigger": {
        "type": "편관",
        "location": "지지",
        "note": "여명"
      },
      "mechanism": "여명의 지지에 편관이 있으면 폭력적이거나 갈등을 유발하는 배우자를 만날 가능성이 있음.",
      "interpretation": "여명의 지지에 편관이 있으면 배우자와의 관계에서 갈등이 잦을 수 있음.",
      "action": "배우자 선택 시 신중히 판단하고, 관계에서 소통을 강화할 것.",
      "cautions": [
        "폭력적 관계를 피할 것",
        "자신의 감정을 잘 관리할 것"
      ],
      "tags": [
        "여명",
        "편관",
        "배우자",
        "갈등",
        "소통"
      ]
    },
    {
      "id": "RC-f373b66608",
      "topic": "RELATION",
      "priority": 7,
      "trigger": {
        "type": "재관",
        "exists": true,
        "note": "생설 여부"
      },
      "mechanism": "재관은 생설이 이루어져야 안정적인 관계를 유지할 수 있음.",
      "interpretation": "재관이 생설되지 않으면 배우자와의 소통이 단절될 가능성이 있음.",
      "action": "배우자와의 소통을 강화하고, 서로의 역할을 명확히 할 것.",
      "cautions": [
        "소통 단절을 방지할 것",
        "상호 이해를 우선시할 것"
      ],
      "tags": [
        "재관",
        "생설",
        "소통",
        "배우자",
        "관계유지"
      ]
    },
    {
      "id": "RC-c8dbce5842",
      "topic": "RELATION",
      "priority": 8,
      "trigger": {
        "type": "편관",
        "location": "지지",
        "note": "남명"
      },
      "mechanism": "남명의 지지에 편관이 있으면 가족 내에서 폭력적 성향을 보일 가능성이 있음.",
      "interpretation": "남명의 지지에 편관이 있으면 가족을 보호하기보다는 갈등을 유발할 가능성이 있음.",
      "action": "가족과의 관계에서 폭력적 성향을 억제하고, 소통을 강화할 것.",
      "cautions": [
        "가족 내 갈등을 방지할 것",
        "자신의 행동을 성찰할 것"
      ],
      "tags": [
        "남명",
        "편관",
        "가족갈등",
        "폭력성",
        "소통"
      ]
    },
    {
      "id": "RC-48839d3db4",
      "topic": "RELATION",
      "priority": 9,
      "trigger": {
        "type": "재관",
        "exists": true,
        "note": "결혼 여부"
      },
      "mechanism": "재관이 뚜렷하면 결혼을 통해 인생의 안정과 성장을 도모할 수 있음.",
      "interpretation": "재관이 뚜렷한 사람은 결혼을 통해 더 큰 성취를 이룰 가능성이 높음.",
      "action": "결혼을 통해 안정적인 삶을 추구할 것.",
      "cautions": [
        "결혼 시기를 지나치게 늦추지 말 것",
        "배우자 선택에 신중할 것"
      ],
      "tags": [
        "재관",
        "결혼",
        "안정",
        "성장",
        "배우자"
      ]
    },
    {
      "id": "RC-5a42961748",
      "topic": "RELATION",
      "priority": 6,
      "trigger": {
        "type": "재관",
        "exists": false
      },
      "mechanism": "재관이 없으면 배우자와의 관계에서 소통과 안정이 부족할 수 있음.",
      "interpretation": "재관이 없는 사람은 배우자와의 관계에서 외로움을 느낄 가능성이 있음.",
      "action": "배우자와의 관계를 강화하고, 소통을 우선시할 것.",
      "cautions": [
        "외로움을 방치하지 말 것",
        "소통을 통해 관계를 개선할 것"
      ],
      "tags": [
        "재관",
        "소통",
        "외로움",
        "배우자",
        "관계개선"
      ]
    },
    {
      "id": "RC-7161ea67d2",
      "topic": "RELATION",
      "priority": 7,
      "trigger": {
        "type": "재관",
        "exists": true,
        "note": "격국 완성도"
      },
      "mechanism": "격국의 완성도가 높으면 재관이 유력해지고, 결혼 생활에서 안정감을 얻을 수 있음.",
      "interpretation": "격국이 완성된 사람은 결혼을 통해 안정적이고 조화로운 삶을 살 가능성이 높음.",
      "action": "결혼을 통해 안정적인 삶을 추구하고, 격국의 완성도를 유지할 것.",
      "cautions": [
        "결혼 생활에서 균형을 유지할 것",
        "격국의 완성도를 저해하지 말 것"
      ],
      "tags": [
        "재관",
        "격국",
        "결혼",
        "안정",
        "조화"
      ]
    },
    {
      "id": "RC-7913249f39",
      "topic": "RELATION",
      "priority": 8,
      "trigger": {
        "type": "재관",
        "exists": true,
        "note": "생설 여부"
      },
      "mechanism": "재관이 생설되지 않으면 배우자와의 관계에서 갈등이 발생할 가능성이 높음.",
      "interpretation": "재관이 생설되지 않으면 배우자와의 관계에서 소통이 단절될 가능성이 있음.",
      "action": "배우자와의 소통을 강화하고, 생설을 통해 관계를 개선할 것.",
      "cautions": [
        "소통 단절을 방지할 것",
        "생설을 통해 관계를 조화롭게 유지할 것"
      ],
      "tags": [
        "재관",
        "생설",
        "소통",
        "갈등",
        "관계개선"
      ]
    }
  ],
  "notes": [],
  "schema_version": "rulecards.v1",
  "module_code": "SajuOS_APPL_040",
  "updated_at": "2025-12-23T20:27:26"
}