{
  "title": "SajuOS_Logic_APPL_019",
  "rulecards": [
    {
      "id": "RC-a50c2254e8",
      "topic": "WEALTH",
      "priority": 9,
      "trigger": {
        "관": true,
        "재": true
      },
      "mechanism": "관은 지위와 권력을, 재는 재물을 상징하며, 두 요소가 결합하면 현실적 이익을 추구하는 성향이 강해진다.",
      "interpretation": "권력과 재물을 동시에 추구하며, 비즈니스 관계를 중시한다.",
      "action": "재와 관의 조화를 통해 사회적 위치와 재물을 동시에 강화할 방법을 모색하라.",
      "cautions": [
        "과도한 계산적 태도로 인간관계가 소원해질 수 있음"
      ],
      "tags": [
        "관",
        "재",
        "권력",
        "재물",
        "비즈니스",
        "현실적",
        "사회적위치",
        "이익",
        "조화",
        "관계"
      ]
    },
    {
      "id": "RC-25ba2edb20",
      "topic": "WEALTH",
      "priority": 8,
      "trigger": {
        "관": true,
        "재": false
      },
      "mechanism": "관만 있고 재가 없으면 지위는 있으나 재물적 안정이 부족하다.",
      "interpretation": "사회적 지위는 유지되지만 재물적 어려움이 있을 수 있다.",
      "action": "재물적 기반을 강화하기 위한 추가적인 노력을 기울여라.",
      "cautions": [
        "재물 부족으로 인해 지위 유지가 어려워질 수 있음"
      ],
      "tags": [
        "관",
        "재물부족",
        "지위",
        "안정",
        "노력",
        "기반",
        "사회적위치",
        "재정적문제",
        "보완",
        "강화"
      ]
    },
    {
      "id": "RC-0e4d7dc53a",
      "topic": "WEALTH",
      "priority": 7,
      "trigger": {
        "관": true,
        "비겁": true
      },
      "mechanism": "비겁은 경쟁과 협력을 통해 관의 역할을 강화하거나 약화시킬 수 있다.",
      "interpretation": "비겁이 관과 함께 작용하면 경쟁 속에서 지위를 유지하려는 긴장감이 커진다.",
      "action": "경쟁 상황에서 자신의 지위를 유지하기 위한 전략을 세워라.",
      "cautions": [
        "과도한 경쟁으로 인해 스트레스가 증가할 수 있음"
      ],
      "tags": [
        "관",
        "비겁",
        "경쟁",
        "협력",
        "지위",
        "긴장감",
        "전략",
        "사회적위치",
        "스트레스",
        "유지"
      ]
    },
    {
      "id": "RC-d4a2ed509d",
      "topic": "WEALTH",
      "priority": 8,
      "trigger": {
        "관": true,
        "식신": true
      },
      "mechanism": "식신은 관을 활용하여 틀 밖에서 새로운 기회를 창출한다.",
      "interpretation": "기존의 틀을 넘어 새로운 방식으로 재물을 창출할 가능성이 높다.",
      "action": "창의적이고 독창적인 방법으로 재물을 얻는 방안을 모색하라.",
      "cautions": [
        "기존 틀을 벗어나는 과정에서 실패 가능성 존재"
      ],
      "tags": [
        "관",
        "식신",
        "창의성",
        "독창성",
        "재물",
        "기회",
        "틀밖",
        "혁신",
        "위험",
        "성공"
      ]
    },
    {
      "id": "RC-47d4ba3037",
      "topic": "WEALTH",
      "priority": 6,
      "trigger": {
        "관": true,
        "상관": true
      },
      "mechanism": "상관은 관을 극복하거나 활용하여 독특한 방식으로 재물을 창출한다.",
      "interpretation": "기존의 규칙을 깨거나 새로운 방식으로 재물을 얻으려는 경향이 있다.",
      "action": "규칙을 준수하면서도 창의적인 접근 방식을 개발하라.",
      "cautions": [
        "규칙을 어길 경우 법적 문제에 직면할 수 있음"
      ],
      "tags": [
        "관",
        "상관",
        "창의성",
        "규칙",
        "재물",
        "혁신",
        "위험",
        "법적문제",
        "도전",
        "극복"
      ]
    },
    {
      "id": "RC-a16c65a98c",
      "topic": "WEALTH",
      "priority": 7,
      "trigger": {
        "관": true,
        "편관": true
      },
      "mechanism": "편관은 예상치 못한 기회를 통해 재물을 창출한다.",
      "interpretation": "우연한 기회나 독특한 상황에서 재물을 얻을 가능성이 높다.",
      "action": "예상치 못한 기회를 적극적으로 활용하라.",
      "cautions": [
        "기회가 불확실할 수 있으므로 신중히 판단하라"
      ],
      "tags": [
        "관",
        "편관",
        "기회",
        "우연",
        "재물",
        "불확실성",
        "판단",
        "활용",
        "독특",
        "성공"
      ]
    },
    {
      "id": "RC-f8bd518f06",
      "topic": "WEALTH",
      "priority": 9,
      "trigger": {
        "관": true,
        "재": true,
        "비겁": true
      },
      "mechanism": "비겁은 관과 재의 균형을 깨뜨리거나 강화하여 재물 창출에 영향을 미친다.",
      "interpretation": "경쟁과 협력을 통해 재물과 지위를 동시에 강화할 수 있다.",
      "action": "경쟁 속에서 협력의 가치를 찾아 균형을 유지하라.",
      "cautions": [
        "경쟁이 지나치면 관계가 악화될 수 있음"
      ],
      "tags": [
        "관",
        "재",
        "비겁",
        "경쟁",
        "협력",
        "균형",
        "재물",
        "지위",
        "관계",
        "강화"
      ]
    },
    {
      "id": "RC-ff7d2b2bee",
      "topic": "WEALTH",
      "priority": 8,
      "trigger": {
        "관": true,
        "재": true,
        "식신": true
      },
      "mechanism": "식신은 관과 재를 연결하여 틀 안팎에서 재물을 창출한다.",
      "interpretation": "기존의 틀을 활용하거나 벗어나 새로운 방식으로 재물을 얻는다.",
      "action": "기존 자원을 활용하면서도 새로운 기회를 탐색하라.",
      "cautions": [
        "새로운 시도가 실패할 가능성을 고려하라"
      ],
      "tags": [
        "관",
        "재",
        "식신",
        "창의성",
        "재물",
        "기회",
        "틀",
        "혁신",
        "위험",
        "성공"
      ]
    },
    {
      "id": "RC-f0adc8200a",
      "topic": "WEALTH",
      "priority": 7,
      "trigger": {
        "관": true,
        "재": true,
        "상관": true
      },
      "mechanism": "상관은 관과 재를 극복하거나 활용하여 독특한 방식으로 재물을 창출한다.",
      "interpretation": "기존의 규칙을 깨거나 새로운 방식으로 재물을 얻으려는 경향이 있다.",
      "action": "규칙을 준수하면서도 창의적인 접근 방식을 개발하라.",
      "cautions": [
        "규칙을 어길 경우 법적 문제에 직면할 수 있음"
      ],
      "tags": [
        "관",
        "재",
        "상관",
        "창의성",
        "규칙",
        "재물",
        "혁신",
        "위험",
        "법적문제",
        "도전"
      ]
    },
    {
      "id": "RC-dfd21bdef6",
      "topic": "WEALTH",
      "priority": 6,
      "trigger": {
        "관": true,
        "재": true,
        "편관": true
      },
      "mechanism": "편관은 관과 재를 통해 예상치 못한 기회를 창출한다.",
      "interpretation": "우연한 기회나 독특한 상황에서 재물을 얻을 가능성이 높다.",
      "action": "예상치 못한 기회를 적극적으로 활용하라.",
      "cautions": [
        "기회가 불확실할 수 있으므로 신중히 판단하라"
      ],
      "tags": [
        "관",
        "재",
        "편관",
        "기회",
        "우연",
        "재물",
        "불확실성",
        "판단",
        "활용",
        "독특"
      ]
    },
    {
      "topic": "WEALTH",
      "priority": 9,
      "trigger": {
        "비겁": true
      },
      "mechanism": "비겁은 경쟁과 비교를 통해 전투력을 강화시킴.",
      "interpretation": "비겁이 있으면 경쟁 상황에서 더 적극적으로 행동하게 됨.",
      "action": "경쟁 상황을 활용해 자신의 능력을 극대화할 것.",
      "cautions": [
        "비교로 인해 스트레스를 받을 수 있음.",
        "경쟁이 지나치면 관계가 악화될 수 있음."
      ],
      "tags": [
        "비겁",
        "경쟁",
        "적극성",
        "전투력",
        "재물"
      ],
      "id": "RC-16ac604dff"
    },
    {
      "topic": "WEALTH",
      "priority": 8,
      "trigger": {
        "비겁": false
      },
      "mechanism": "비겁이 없으면 경쟁 의식이 약해짐.",
      "interpretation": "비겁이 없는 사람은 비교나 경쟁에 무관심할 수 있음.",
      "action": "자신만의 방식으로 목표를 설정하고 집중할 것.",
      "cautions": [
        "경쟁 부족으로 기회를 놓칠 수 있음."
      ],
      "tags": [
        "비겁 없음",
        "경쟁 부족",
        "목표 설정",
        "재물",
        "무관심"
      ],
      "id": "RC-6ec6cf5a5f"
    },
    {
      "topic": "WEALTH",
      "priority": 10,
      "trigger": {
        "비겁": true,
        "편재": true
      },
      "mechanism": "비겁과 편재의 조합은 적극성과 기회를 결합함.",
      "interpretation": "비겁과 편재가 있으면 기회를 적극적으로 활용해 재물을 얻을 가능성이 높음.",
      "action": "기회를 놓치지 않도록 적극적으로 행동할 것.",
      "cautions": [
        "과도한 투자로 손실을 볼 수 있음."
      ],
      "tags": [
        "비겁",
        "편재",
        "기회",
        "적극성",
        "재물"
      ],
      "id": "RC-246a1b7759"
    },
    {
      "topic": "WEALTH",
      "priority": 9,
      "trigger": {
        "비겁": true,
        "재생살": true
      },
      "mechanism": "비겁이 재생살을 통해 재물을 증대시킴.",
      "interpretation": "재생살이 있으면 투자 후 수확하는 형태로 재물이 증가함.",
      "action": "장기적인 관점에서 투자 계획을 세울 것.",
      "cautions": [
        "투자 기간 동안 인내심이 필요함."
      ],
      "tags": [
        "비겁",
        "재생살",
        "투자",
        "장기적",
        "재물"
      ],
      "id": "RC-da0054e559"
    },
    {
      "topic": "WEALTH",
      "priority": 8,
      "trigger": {
        "비겁": true,
        "정제": true
      },
      "mechanism": "비겁과 정제의 조합은 꾸준한 재물 축적을 가능하게 함.",
      "interpretation": "비겁과 정제가 있으면 안정적으로 재물을 축적할 수 있음.",
      "action": "꾸준히 노력하며 재물을 관리할 것.",
      "cautions": [
        "정제가 약하면 지속성이 떨어질 수 있음."
      ],
      "tags": [
        "비겁",
        "정제",
        "꾸준함",
        "재물",
        "안정성"
      ],
      "id": "RC-4eff2efd91"
    },
    {
      "topic": "WEALTH",
      "priority": 7,
      "trigger": {
        "비겁": true,
        "관성": true
      },
      "mechanism": "비겁과 관성의 조합은 과감한 재물 활동을 촉진함.",
      "interpretation": "관성이 있으면 과감한 행동으로 재물을 얻을 가능성이 높아짐.",
      "action": "과감한 결정을 내릴 때 신중하게 계획할 것.",
      "cautions": [
        "과감한 행동이 실패로 이어질 수 있음."
      ],
      "tags": [
        "비겁",
        "관성",
        "과감함",
        "재물",
        "결정"
      ],
      "id": "RC-2d84b50ba1"
    },
    {
      "topic": "WEALTH",
      "priority": 8,
      "trigger": {
        "비겁": true,
        "상관": true
      },
      "mechanism": "비겁과 상관의 조합은 사람을 이끄는 힘을 강화함.",
      "interpretation": "상관이 있으면 사람을 움직이는 능력을 통해 재물을 얻을 수 있음.",
      "action": "주변 사람들과의 협력을 통해 목표를 달성할 것.",
      "cautions": [
        "사람들과의 관계를 신중히 관리할 것."
      ],
      "tags": [
        "비겁",
        "상관",
        "리더십",
        "재물",
        "협력"
      ],
      "id": "RC-3af8d19aca"
    },
    {
      "topic": "WEALTH",
      "priority": 9,
      "trigger": {
        "겁제": true,
        "살": true,
        "상관": true
      },
      "mechanism": "겁제와 살, 상관의 조합은 강력한 재물 창출 능력을 제공함.",
      "interpretation": "겁제와 살, 상관이 있으면 사업화와 같은 큰 재물 활동이 가능함.",
      "action": "사업 기회를 적극적으로 탐색하고 실행할 것.",
      "cautions": [
        "살과 상관이 약하면 안정성이 떨어질 수 있음."
      ],
      "tags": [
        "겁제",
        "살",
        "상관",
        "사업",
        "재물"
      ],
      "id": "RC-4ce1b3c401"
    },
    {
      "topic": "WEALTH",
      "priority": 7,
      "trigger": {
        "비겁": true,
        "흉신": true
      },
      "mechanism": "흉신은 재물 활동의 변동성을 증가시킴.",
      "interpretation": "흉신이 강하면 재물 활동에서 큰 기복이 있을 수 있음.",
      "action": "재물 활동에서 안정성을 우선시할 것.",
      "cautions": [
        "흉신이 강할 때는 무리한 투자를 피할 것."
      ],
      "tags": [
        "비겁",
        "흉신",
        "변동성",
        "재물",
        "안정성"
      ],
      "id": "RC-afa910c2a4"
    },
    {
      "topic": "WEALTH",
      "priority": 8,
      "trigger": {
        "비겁": true,
        "편관": true
      },
      "mechanism": "비겁과 편관의 조합은 과감한 투자와 결단력을 강화함.",
      "interpretation": "편관이 있으면 과감한 투자로 재물을 얻을 가능성이 높아짐.",
      "action": "투자 결정을 내릴 때 전문가의 조언을 참고할 것.",
      "cautions": [
        "과도한 투자로 인해 손실을 볼 수 있음."
      ],
      "tags": [
        "비겁",
        "편관",
        "투자",
        "결단력",
        "재물"
      ],
      "id": "RC-9ba862e5e2"
    }
  ],
  "notes": [
    "비겁과 관련된 재물 활동은 경쟁과 비교를 통해 강화됨.",
    "흉신은 재물 활동에서 큰 기복을 초래할 수 있음."
  ],
  "schema_version": "rulecards.v1",
  "module_code": "SajuOS_APPL_019",
  "updated_at": "2025-12-23T20:27:26"
}