{
  "title": "SajuOS_Logic_APPL_008",
  "rulecards": [
    {
      "id": "RC-644dcb5df1",
      "topic": "LOVE",
      "priority": 9,
      "trigger": {
        "condition": "습한 성향"
      },
      "mechanism": "습한 성향은 성욕을 잘 느끼고 해소하려는 경향이 강함.",
      "interpretation": "습한 사람은 성적 욕구를 평범하게 느끼며, 조건이 유연함.",
      "action": "습한 성향을 가진 사람은 상대방과의 조화를 통해 욕구를 해소할 방법을 모색해야 함.",
      "cautions": [
        "습한 성향끼리 만나면 해소가 어려워질 수 있음.",
        "변질된 성적 행동으로 이어질 가능성 있음."
      ],
      "tags": [
        "습",
        "성욕",
        "조화",
        "해소",
        "성향",
        "조건",
        "유연성",
        "관계",
        "욕구",
        "성적"
      ]
    },
    {
      "id": "RC-b158d27baf",
      "topic": "LOVE",
      "priority": 8,
      "trigger": {
        "condition": "조한 성향"
      },
      "mechanism": "조한 성향은 성적 욕구를 느끼기 위해 특정 조건이 필요함.",
      "interpretation": "조한 사람은 성적 욕구를 느끼기 위해 안정감과 특정 분위기가 필요함.",
      "action": "조한 성향을 가진 사람은 근심과 걱정을 해소하고, 원하는 조건을 충족시켜야 함.",
      "cautions": [
        "조건이 충족되지 않으면 성적 욕구가 발현되지 않을 수 있음.",
        "상대방과의 관계에서 까다로울 수 있음."
      ],
      "tags": [
        "조한",
        "성욕",
        "조건",
        "안정감",
        "분위기",
        "성향",
        "관계",
        "욕구",
        "성적",
        "까다로움"
      ]
    },
    {
      "id": "RC-cdd647f786",
      "topic": "LOVE",
      "priority": 7,
      "trigger": {
        "condition": "조한 성향끼리의 만남"
      },
      "mechanism": "조한 성향끼리 만나면 서로의 조건을 충족시키기 어려움.",
      "interpretation": "조한 성향끼리의 만남은 성적 관계가 어려워질 가능성이 높음.",
      "action": "조한 성향끼리의 관계에서는 서로의 조건을 이해하고 조율하려는 노력이 필요함.",
      "cautions": [
        "성적 관계가 단절될 가능성이 있음.",
        "상대방과의 갈등이 심화될 수 있음."
      ],
      "tags": [
        "조한",
        "성향",
        "조건",
        "관계",
        "조율",
        "성적",
        "갈등",
        "단절",
        "이해",
        "노력"
      ]
    },
    {
      "id": "RC-12e8fdbf19",
      "topic": "LOVE",
      "priority": 8,
      "trigger": {
        "condition": "습한 성향과 조한 성향의 만남"
      },
      "mechanism": "습한 성향은 조한 성향을 자극하여 성적 욕구를 발현시킬 수 있음.",
      "interpretation": "습한 성향과 조한 성향의 만남은 상호 보완적일 수 있음.",
      "action": "습한 성향은 조한 성향의 조건을 이해하고, 조한 성향은 습한 성향의 욕구를 수용하려는 노력이 필요함.",
      "cautions": [
        "상호 이해가 부족하면 갈등이 발생할 수 있음.",
        "욕구와 조건의 균형이 중요함."
      ],
      "tags": [
        "습",
        "조한",
        "성향",
        "자극",
        "보완",
        "욕구",
        "조건",
        "이해",
        "균형",
        "관계"
      ]
    },
    {
      "id": "RC-707e80f02e",
      "topic": "LOVE",
      "priority": 9,
      "trigger": {
        "condition": "한습한 구조"
      },
      "mechanism": "한습한 구조는 성적 욕구가 해소되지 않아 중독적 성향으로 이어질 수 있음.",
      "interpretation": "한습한 구조는 성적 에너지의 해소가 어려워질 가능성이 있음.",
      "action": "한습한 구조를 가진 사람은 성적 욕구를 건강하게 해소할 방법을 찾아야 함.",
      "cautions": [
        "중독적 성향으로 발전할 가능성이 있음.",
        "성적 에너지의 불균형이 문제를 야기할 수 있음."
      ],
      "tags": [
        "한습",
        "구조",
        "성욕",
        "해소",
        "중독",
        "성향",
        "에너지",
        "불균형",
        "건강",
        "관계"
      ]
    },
    {
      "id": "RC-7a050d36c9",
      "topic": "LOVE",
      "priority": 7,
      "trigger": {
        "condition": "난습한 구조"
      },
      "mechanism": "난습한 구조는 성욕을 잘 느끼고 정상적으로 해소하려는 경향이 강함.",
      "interpretation": "난습한 구조는 성적 관계에서 활발하고 안정적인 성향을 보임.",
      "action": "난습한 구조를 가진 사람은 성적 욕구를 건강하게 유지하고 해소할 방법을 지속적으로 모색해야 함.",
      "cautions": [
        "과도한 성적 활동으로 인해 피로가 누적될 수 있음.",
        "상대방과의 조화가 중요함."
      ],
      "tags": [
        "난습",
        "구조",
        "성욕",
        "해소",
        "건강",
        "활발",
        "안정",
        "조화",
        "관계",
        "성향"
      ]
    },
    {
      "id": "RC-409535c95a",
      "topic": "LOVE",
      "priority": 8,
      "trigger": {
        "condition": "금수 발달"
      },
      "mechanism": "금수는 성적 에너지와 정력의 원천으로 작용함.",
      "interpretation": "금수 발달은 성적 회복력과 지속력을 높이는 데 기여함.",
      "action": "금수 발달이 부족한 경우, 체력과 정력을 보완할 방법을 찾아야 함.",
      "cautions": [
        "금수 발달이 부족하면 성적 회복력이 저하될 수 있음.",
        "정력과 체력의 균형이 중요함."
      ],
      "tags": [
        "금수",
        "정력",
        "성욕",
        "회복력",
        "지속력",
        "체력",
        "균형",
        "성향",
        "에너지",
        "관계"
      ]
    },
    {
      "id": "RC-9d8d043edb",
      "topic": "LOVE",
      "priority": 9,
      "trigger": {
        "condition": "화극금 구조"
      },
      "mechanism": "화극금은 성적 쾌락과 도파민 체계를 자극함.",
      "interpretation": "화극금 구조는 성적 관계에서 강한 쾌락과 만족감을 느끼게 함.",
      "action": "화극금 구조를 가진 사람은 성적 관계에서 쾌락을 건강하게 추구해야 함.",
      "cautions": [
        "도파민 체계의 과도한 자극은 중독으로 이어질 수 있음.",
        "쾌락 추구의 균형이 중요함."
      ],
      "tags": [
        "화극금",
        "쾌락",
        "도파민",
        "성욕",
        "만족감",
        "중독",
        "균형",
        "성향",
        "관계",
        "에너지"
      ]
    },
    {
      "id": "RC-fb41a6edbb",
      "topic": "LOVE",
      "priority": 7,
      "trigger": {
        "condition": "목화 발달"
      },
      "mechanism": "목화는 체력과 성적 에너지를 회복하는 데 기여함.",
      "interpretation": "목화 발달은 성적 관계에서 체력과 지속력을 높이는 데 도움을 줌.",
      "action": "목화 발달이 부족한 경우, 체력 회복과 에너지 관리를 위한 노력이 필요함.",
      "cautions": [
        "체력 부족으로 인해 성적 관계에서 피로를 느낄 수 있음.",
        "체력과 에너지의 균형이 중요함."
      ],
      "tags": [
        "목화",
        "체력",
        "성욕",
        "회복력",
        "지속력",
        "에너지",
        "균형",
        "성향",
        "관계",
        "성적"
      ]
    },
    {
      "id": "RC-fc88a8ed3f",
      "topic": "LOVE",
      "priority": 8,
      "trigger": {
        "condition": "토의 개입"
      },
      "mechanism": "토는 성적 에너지의 흐름을 조절하고 통제함.",
      "interpretation": "토의 개입은 성적 관계에서 자기 통제와 균형을 유지하는 데 도움을 줌.",
      "action": "토의 개입이 부족한 경우, 성적 에너지의 과도한 발산을 방지하기 위한 노력이 필요함.",
      "cautions": [
        "토의 개입이 과도하면 성적 욕구가 억제될 수 있음.",
        "에너지 흐름의 균형이 중요함."
      ],
      "tags": [
        "토",
        "조절",
        "통제",
        "성욕",
        "균형",
        "성향",
        "관계",
        "에너지",
        "통제력",
        "성적"
      ]
    },
    {
      "id": "RC-c44017ca08",
      "topic": "ELEMENTS",
      "priority": 9,
      "trigger": {
        "fire": true,
        "metal": true
      },
      "mechanism": "화극금은 금을 자극하여 성적 에너지를 활성화시킴.",
      "interpretation": "화와 금의 조화는 성적 자극과 만족을 증대시킴.",
      "action": "화와 금의 균형을 유지하며 관계를 조율할 것.",
      "cautions": [
        "화가 지나치면 중독적 성향이 나타날 수 있음.",
        "금이 약하면 화를 감당하지 못할 수 있음."
      ],
      "tags": [
        "화극금",
        "성적자극",
        "오행",
        "균형",
        "중독"
      ]
    },
    {
      "id": "RC-2a77343224",
      "topic": "ELEMENTS",
      "priority": 8,
      "trigger": {
        "earth": true
      },
      "mechanism": "토는 에너지를 조절하고 통제하는 역할을 함.",
      "interpretation": "토가 있으면 성적 에너지를 절제하고 조율 가능.",
      "action": "토의 강약을 확인하고 적절히 활용할 것.",
      "cautions": [
        "토가 없으면 절제력이 약해질 수 있음.",
        "토가 지나치면 억압적 성향이 나타날 수 있음."
      ],
      "tags": [
        "토",
        "조절",
        "통제",
        "절제",
        "오행"
      ]
    },
    {
      "id": "RC-281aa9d37f",
      "topic": "ELEMENTS",
      "priority": 7,
      "trigger": {
        "earth": false
      },
      "mechanism": "토가 없으면 성적 에너지가 왜곡될 가능성이 높음.",
      "interpretation": "토가 없으면 성적 욕구가 비정상적으로 발현될 수 있음.",
      "action": "토가 부족한 경우, 외부적 조율 방법을 고려할 것.",
      "cautions": [
        "왜곡된 성적 표현이 나타날 수 있음."
      ],
      "tags": [
        "토부족",
        "왜곡",
        "성적욕구",
        "조율",
        "오행"
      ]
    },
    {
      "id": "RC-b5ccf215f3",
      "topic": "ELEMENTS",
      "priority": 6,
      "trigger": {
        "water": true
      },
      "mechanism": "수는 감추고 부끄러워하는 에너지를 나타냄.",
      "interpretation": "수가 있으면 성적 활동에서 은밀함과 부끄러움이 강함.",
      "action": "수가 있는 사람은 은밀한 환경을 선호하므로 이를 고려할 것.",
      "cautions": [
        "수가 없으면 드러내는 성향이 강해질 수 있음."
      ],
      "tags": [
        "수",
        "감춤",
        "부끄러움",
        "은밀함",
        "오행"
      ]
    },
    {
      "id": "RC-21ec95318e",
      "topic": "ELEMENTS",
      "priority": 5,
      "trigger": {
        "water": true,
        "fire": true
      },
      "mechanism": "수국화는 감추고 드러내려는 욕구가 충돌함.",
      "interpretation": "수국화는 성적 자극에서 변태적 성향을 나타낼 수 있음.",
      "action": "수국화가 강한 경우, 상대방의 반응을 조율하며 관계를 유지할 것.",
      "cautions": [
        "과도한 자극 추구로 왜곡된 성향이 나타날 수 있음."
      ],
      "tags": [
        "수국화",
        "충돌",
        "성적자극",
        "변태성향",
        "오행"
      ]
    },
    {
      "id": "RC-b20208407b",
      "topic": "ELEMENTS",
      "priority": 7,
      "trigger": {
        "earth": true,
        "water": true
      },
      "mechanism": "토국수는 성적 에너지를 조절하고 템포를 조율함.",
      "interpretation": "토국수는 성적 활동에서 시간과 강약을 조절 가능.",
      "action": "토국수가 적절히 작동하도록 환경을 조성할 것.",
      "cautions": [
        "토국수가 약하면 조절이 어려워질 수 있음.",
        "토국수가 지나치면 억압적 성향이 나타날 수 있음."
      ],
      "tags": [
        "토국수",
        "조절",
        "템포",
        "시간",
        "오행"
      ]
    },
    {
      "id": "RC-3ef017c52e",
      "topic": "ELEMENTS",
      "priority": 6,
      "trigger": {
        "metal": true,
        "wood": true
      },
      "mechanism": "금극목은 결합 행위를 통제함.",
      "interpretation": "금극목이 강하면 성적 활동에서 다양한 시도를 할 수 있음.",
      "action": "금극목의 균형을 유지하며 관계를 조율할 것.",
      "cautions": [
        "금극목이 약하면 단조로운 패턴이 나타날 수 있음."
      ],
      "tags": [
        "금극목",
        "결합",
        "통제",
        "다양성",
        "오행"
      ]
    },
    {
      "id": "RC-a96b699c3d",
      "topic": "ELEMENTS",
      "priority": 5,
      "trigger": {
        "fire": true,
        "metal": true,
        "earth": true
      },
      "mechanism": "화극금과 토의 조화는 성적 에너지를 안정적으로 유지함.",
      "interpretation": "화와 금이 강하고 토가 적절히 개입하면 성적 만족도가 높아짐.",
      "action": "화, 금, 토의 균형을 확인하고 조율할 것.",
      "cautions": [
        "화가 지나치면 중독적 성향이 나타날 수 있음.",
        "토가 부족하면 조율이 어려워질 수 있음."
      ],
      "tags": [
        "화극금",
        "토",
        "조화",
        "성적만족",
        "오행"
      ]
    },
    {
      "id": "RC-59909288db",
      "topic": "ELEMENTS",
      "priority": 4,
      "trigger": {
        "water": false
      },
      "mechanism": "수가 없으면 감추는 성향이 약해짐.",
      "interpretation": "수가 없으면 성적 활동에서 드러내는 성향이 강해질 수 있음.",
      "action": "수가 부족한 경우, 은밀함을 유지하려는 노력이 필요함.",
      "cautions": [
        "공공장소에서의 부적절한 행동 가능성."
      ],
      "tags": [
        "수부족",
        "드러냄",
        "성적활동",
        "은밀함",
        "오행"
      ]
    },
    {
      "id": "RC-376682ce24",
      "topic": "ELEMENTS",
      "priority": 3,
      "trigger": {
        "fire": true,
        "water": true
      },
      "mechanism": "화와 수의 조화는 성적 자극과 은밀함을 동시에 제공함.",
      "interpretation": "화와 수가 균형을 이루면 성적 만족도가 높아짐.",
      "action": "화와 수의 균형을 유지하며 관계를 조율할 것.",
      "cautions": [
        "화가 지나치면 은밀함이 사라질 수 있음.",
        "수가 지나치면 자극이 부족할 수 있음."
      ],
      "tags": [
        "화",
        "수",
        "조화",
        "성적만족",
        "오행"
      ]
    }
  ],
  "notes": [],
  "schema_version": "rulecards.v1",
  "module_code": "SajuOS_APPL_008",
  "updated_at": "2025-12-23T20:27:26"
}