{
  "title": "SajuOS_Logic_APPL_009",
  "rulecards": [
    {
      "id": "RC-7b22fa8562",
      "topic": "STRUCTURE",
      "priority": 9,
      "trigger": {
        "condition": "신약",
        "관살": "강함"
      },
      "mechanism": "관살이 강하면 일관이 약해져 주도권을 잃음.",
      "interpretation": "신약한 사람은 주변 환경에 의해 끌려가기 쉬움.",
      "action": "일관의 힘을 강화하거나 관살을 제어할 방법을 찾아야 함.",
      "cautions": [
        "관살이 강할수록 허세나 소심함이 나타날 수 있음."
      ],
      "tags": [
        "신약",
        "관살",
        "주도권",
        "허세",
        "소심"
      ]
    },
    {
      "id": "RC-340dfabba1",
      "topic": "STRUCTURE",
      "priority": 8,
      "trigger": {
        "condition": "신약",
        "근": "없음"
      },
      "mechanism": "근이 없으면 관살의 압박을 직접적으로 받음.",
      "interpretation": "근이 없는 경우 허세가 강하게 나타날 수 있음.",
      "action": "근을 보완하거나 관살을 제어할 방안을 모색.",
      "cautions": [
        "허세로 인해 실제 능력보다 과대평가될 위험 있음."
      ],
      "tags": [
        "신약",
        "근",
        "허세",
        "압박",
        "보완"
      ]
    },
    {
      "id": "RC-fb07fb29a4",
      "topic": "STRUCTURE",
      "priority": 7,
      "trigger": {
        "condition": "신약",
        "근": "있음"
      },
      "mechanism": "근이 있으면 관살의 압박을 조절 가능.",
      "interpretation": "근이 있는 경우 소심하지만 조심성이 높아짐.",
      "action": "근을 활용해 안정적인 환경을 구축.",
      "cautions": [
        "조심성이 지나치면 기회를 놓칠 수 있음."
      ],
      "tags": [
        "신약",
        "근",
        "조심성",
        "안정",
        "기회"
      ]
    },
    {
      "id": "RC-3d26e3d34e",
      "topic": "STRUCTURE",
      "priority": 8,
      "trigger": {
        "condition": "신약",
        "식상": "존재"
      },
      "mechanism": "식상은 문제 해결 능력을 제공.",
      "interpretation": "식상이 있으면 문제를 해결하고 실행할 수 있음.",
      "action": "식상을 활용해 문제 해결에 집중.",
      "cautions": [
        "식상이 약하면 실행력이 부족할 수 있음."
      ],
      "tags": [
        "신약",
        "식상",
        "문제해결",
        "실행력",
        "집중"
      ]
    },
    {
      "id": "RC-08f362331a",
      "topic": "STRUCTURE",
      "priority": 7,
      "trigger": {
        "condition": "신약",
        "인성": "존재"
      },
      "mechanism": "인성은 관살의 압박을 완화하고 학습을 지원.",
      "interpretation": "인성이 있으면 관살과 공생하며 안정적인 기반을 마련.",
      "action": "인성을 활용해 학습과 자기계발에 집중.",
      "cautions": [
        "인성이 약하면 관살의 압박을 완화하기 어려움."
      ],
      "tags": [
        "신약",
        "인성",
        "공생",
        "학습",
        "안정"
      ]
    },
    {
      "id": "RC-1c9887628a",
      "topic": "STRUCTURE",
      "priority": 6,
      "trigger": {
        "condition": "신약",
        "관살": "혼잡"
      },
      "mechanism": "관살 혼잡은 불안정한 환경을 초래.",
      "interpretation": "관살 혼잡 시 음지로 빠질 가능성이 높음.",
      "action": "관살을 정리하고 양지로 나아갈 방안을 모색.",
      "cautions": [
        "음지에서 벗어나지 못하면 불법적 활동에 연루될 위험 있음."
      ],
      "tags": [
        "신약",
        "관살",
        "혼잡",
        "음지",
        "양지"
      ]
    },
    {
      "id": "RC-77978c936b",
      "topic": "STRUCTURE",
      "priority": 9,
      "trigger": {
        "condition": "신약",
        "식상": "강함"
      },
      "mechanism": "식상이 강하면 문제 해결 능력이 강화됨.",
      "interpretation": "식상이 강하면 혁신적이고 진취적인 성향을 보임.",
      "action": "식상을 활용해 새로운 기회를 창출.",
      "cautions": [
        "식상이 과도하면 방향성을 잃을 수 있음."
      ],
      "tags": [
        "신약",
        "식상",
        "혁신",
        "진취",
        "기회"
      ]
    },
    {
      "id": "RC-33df160488",
      "topic": "STRUCTURE",
      "priority": 8,
      "trigger": {
        "condition": "신약",
        "인성": "강함"
      },
      "mechanism": "인성이 강하면 관살의 압박을 효과적으로 완화.",
      "interpretation": "인성이 강하면 안정적이고 지속 가능한 기반을 마련.",
      "action": "인성을 활용해 장기적인 목표를 설정.",
      "cautions": [
        "인성이 과도하면 소극적이 될 수 있음."
      ],
      "tags": [
        "신약",
        "인성",
        "안정",
        "지속가능",
        "목표"
      ]
    },
    {
      "id": "RC-ec84dce7f6",
      "topic": "STRUCTURE",
      "priority": 7,
      "trigger": {
        "condition": "신약",
        "식상": "없음"
      },
      "mechanism": "식상이 없으면 문제 해결 능력이 부족.",
      "interpretation": "식상이 없으면 실행력이 약해지고 무기력해질 가능성 있음.",
      "action": "운에서 식상이 들어올 때 기회를 활용.",
      "cautions": [
        "식상이 없으면 문제를 방치할 위험 있음."
      ],
      "tags": [
        "신약",
        "식상",
        "문제해결",
        "실행력",
        "무기력"
      ]
    },
    {
      "id": "RC-13e67b8221",
      "topic": "STRUCTURE",
      "priority": 6,
      "trigger": {
        "condition": "신약",
        "인성": "없음"
      },
      "mechanism": "인성이 없으면 관살의 압박을 완화하기 어려움.",
      "interpretation": "인성이 없으면 안정적인 기반을 마련하기 어려움.",
      "action": "운에서 인성이 들어올 때 학습과 자기계발에 집중.",
      "cautions": [
        "인성이 없으면 장기적인 안정성을 확보하기 어려움."
      ],
      "tags": [
        "신약",
        "인성",
        "안정",
        "학습",
        "기반"
      ]
    },
    {
      "topic": "STRUCTURE",
      "priority": 9,
      "trigger": {
        "condition": "신왕",
        "note": "신왕의 기준은 비겁이 강하고 힘자랑 경력이 있는 경우"
      },
      "mechanism": "신왕은 강한 에너지를 가지고 있으며, 이를 활용할 수 있는 구조가 필요함.",
      "interpretation": "신왕은 강한 에너지를 기반으로 사람을 다루거나 조직을 이끄는 데 적합.",
      "action": "신왕의 에너지를 긍정적으로 활용할 수 있는 환경을 조성하라.",
      "cautions": [
        "신왕이지만 근이 없으면 약할 수 있음.",
        "신왕적 기질이 있어도 실제 행동이 다를 수 있음."
      ],
      "tags": [
        "신왕",
        "비겁",
        "강약",
        "조직",
        "리더십",
        "에너지",
        "구조",
        "격국",
        "운용",
        "판단"
      ],
      "id": "RC-093cb2c627"
    },
    {
      "topic": "STRUCTURE",
      "priority": 8,
      "trigger": {
        "condition": "식상이 많음",
        "note": "식상이 과다하여 설기가 강한 경우"
      },
      "mechanism": "과도한 식상은 에너지를 분산시키고 마무리를 어렵게 만듦.",
      "interpretation": "식상이 많으면 시작은 잘하지만 마무리가 어렵고, 다변성과 번복이 많음.",
      "action": "식상의 에너지를 조절하고 우선순위를 정해 실행하라.",
      "cautions": [
        "체력이 부족해질 수 있음.",
        "작심삼일로 끝날 가능성이 높음."
      ],
      "tags": [
        "식상",
        "설기",
        "다변성",
        "번복",
        "마무리",
        "체력",
        "조절",
        "우선순위",
        "효율성",
        "집중"
      ],
      "id": "RC-571abaa22e"
    },
    {
      "topic": "STRUCTURE",
      "priority": 7,
      "trigger": {
        "condition": "인성이 없음",
        "note": "인성이 부족하여 식상을 조절하지 못하는 경우"
      },
      "mechanism": "인성은 식상을 조절하고 일관을 생하는 역할을 함.",
      "interpretation": "인성이 없으면 자기 반성이 부족하고, 행동의 가치가 떨어짐.",
      "action": "인성을 강화하거나 인성운을 활용해 식상의 가치를 높여라.",
      "cautions": [
        "자기 반성 부족으로 실수를 반복할 수 있음.",
        "행동이 비효율적으로 흘러갈 가능성 있음."
      ],
      "tags": [
        "인성",
        "식상",
        "조절",
        "자기반성",
        "효율성",
        "가치",
        "운용",
        "정보화",
        "피드백",
        "성장"
      ],
      "id": "RC-02d2bdd7b6"
    },
    {
      "topic": "STRUCTURE",
      "priority": 8,
      "trigger": {
        "condition": "비겁이 많음",
        "note": "비겁이 강하여 에너지가 넘치는 경우"
      },
      "mechanism": "비겁은 에너지를 분산시키지만 끝까지 해내는 힘을 가짐.",
      "interpretation": "비겁이 많으면 부지런하고 실행력이 강하지만 안정성이 부족함.",
      "action": "비겁의 에너지를 체계적으로 활용하고, 장기적인 계획을 세워라.",
      "cautions": [
        "직장이 자주 바뀔 수 있음.",
        "감정적 에너지로 인해 충동적인 결정 가능성 있음."
      ],
      "tags": [
        "비겁",
        "에너지",
        "실행력",
        "안정성",
        "계획",
        "부지런함",
        "조직",
        "운용",
        "충동",
        "변화"
      ],
      "id": "RC-7b859067fa"
    },
    {
      "topic": "STRUCTURE",
      "priority": 7,
      "trigger": {
        "condition": "비겁과 식상이 모두 있음",
        "note": "비겁과 식상이 균형을 이루는 경우"
      },
      "mechanism": "비겁은 에너지를 제공하고, 식상은 이를 활용하여 사회적 활동을 가능하게 함.",
      "interpretation": "비겁과 식상이 균형을 이루면 에너지를 효율적으로 사용하며 성취 가능.",
      "action": "비겁과 식상의 균형을 유지하며, 에너지를 긍정적으로 활용하라.",
      "cautions": [
        "비겁과 식상의 균형이 깨지면 에너지 낭비가 발생할 수 있음."
      ],
      "tags": [
        "비겁",
        "식상",
        "균형",
        "에너지",
        "활용",
        "사회적 활동",
        "성취",
        "운용",
        "효율성",
        "조화"
      ],
      "id": "RC-ab55823123"
    },
    {
      "topic": "STRUCTURE",
      "priority": 6,
      "trigger": {
        "condition": "관살운이 비겁에 영향을 미침",
        "note": "관살운이 비겁을 억제하는 경우"
      },
      "mechanism": "관살운은 비겁의 에너지를 억제하여 식상의 활용을 제한함.",
      "interpretation": "관살운이 비겁을 억제하면 에너지 활용이 어려워지고 운이 저하됨.",
      "action": "관살운에서는 비겁의 에너지를 보완할 방법을 찾아라.",
      "cautions": [
        "관살운에서 비겁이 억제되면 식상의 활용이 제한될 수 있음."
      ],
      "tags": [
        "관살",
        "비겁",
        "운용",
        "억제",
        "식상",
        "에너지",
        "조절",
        "운세",
        "제약",
        "보완"
      ],
      "id": "RC-67893ceac6"
    },
    {
      "topic": "STRUCTURE",
      "priority": 7,
      "trigger": {
        "condition": "식상이 많고 인성이 있음",
        "note": "식상이 많지만 인성이 이를 조절하는 경우"
      },
      "mechanism": "인성은 식상의 과잉 에너지를 조절하고, 이를 가치 있는 행동으로 전환함.",
      "interpretation": "식상이 많아도 인성이 이를 조절하면 행동의 가치가 높아지고 성과를 낼 수 있음.",
      "action": "인성을 활용해 식상의 에너지를 체계적으로 관리하라.",
      "cautions": [
        "인성이 약하면 식상의 과잉 에너지가 통제되지 않을 수 있음."
      ],
      "tags": [
        "식상",
        "인성",
        "조절",
        "가치",
        "성과",
        "관리",
        "체계",
        "운용",
        "효율성",
        "조화"
      ],
      "id": "RC-787244a8ea"
    },
    {
      "topic": "STRUCTURE",
      "priority": 6,
      "trigger": {
        "condition": "식상이 많고 비겁운이 옴",
        "note": "식상이 많고 비겁운이 들어오는 경우"
      },
      "mechanism": "비겁운은 식상의 에너지를 보완하여 체력을 강화하고 실행력을 높임.",
      "interpretation": "비겁운이 들어오면 식상의 에너지가 보완되어 더 큰 성과를 낼 수 있음.",
      "action": "비겁운에서 체력을 강화하고, 실행력을 높이는 활동을 하라.",
      "cautions": [
        "비겁운에서 과도한 활동으로 체력이 소진될 수 있음."
      ],
      "tags": [
        "식상",
        "비겁",
        "운용",
        "보완",
        "체력",
        "실행력",
        "성과",
        "활동",
        "강화",
        "조화"
      ],
      "id": "RC-6856e686bf"
    },
    {
      "topic": "STRUCTURE",
      "priority": 5,
      "trigger": {
        "condition": "식상이 많고 관살운이 옴",
        "note": "식상이 많고 관살운이 들어오는 경우"
      },
      "mechanism": "관살운은 식상의 에너지를 억제하여 행동의 제약을 가져옴.",
      "interpretation": "관살운에서 식상의 에너지가 억제되면 행동의 제약이 생기고 운이 저하됨.",
      "action": "관살운에서는 식상의 에너지를 보완할 방법을 찾아라.",
      "cautions": [
        "관살운에서 식상의 에너지가 억제되면 성과가 저하될 수 있음."
      ],
      "tags": [
        "식상",
        "관살",
        "운용",
        "억제",
        "제약",
        "성과",
        "보완",
        "운세",
        "조절",
        "관리"
      ],
      "id": "RC-bfada4c8bf"
    },
    {
      "topic": "STRUCTURE",
      "priority": 6,
      "trigger": {
        "condition": "신왕이면서 인성이 없음",
        "note": "신왕인데 인성이 부족한 경우"
      },
      "mechanism": "인성은 신왕의 강한 에너지를 조절하고 방향성을 제공함.",
      "interpretation": "신왕이면서 인성이 없으면 에너지가 분산되고 방향성을 잃음.",
      "action": "인성을 강화하거나 인성운을 활용해 에너지를 조절하라.",
      "cautions": [
        "인성이 없으면 신왕의 에너지가 비효율적으로 사용될 수 있음."
      ],
      "tags": [
        "신왕",
        "인성",
        "조절",
        "방향성",
        "에너지",
        "운용",
        "효율성",
        "관리",
        "조화",
        "성장"
      ],
      "id": "RC-994fff762a"
    }
  ],
  "notes": [],
  "schema_version": "rulecards.v1",
  "module_code": "SajuOS_APPL_009",
  "updated_at": "2025-12-23T20:27:26"
}