{
  "title": "SajuOS_Logic_APPL_039",
  "rulecards": [
    {
      "id": "RC-aba3c47950",
      "topic": "LOVE",
      "priority": 9,
      "trigger": {
        "relationship_stage": "marriage",
        "elements": [
          "재",
          "관"
        ]
      },
      "mechanism": "재와 관은 부부관계에서 현실적이고 생활적인 측면을 강조한다.",
      "interpretation": "결혼은 연애와 달리 수직적 관계로 전환되며, 현실적이고 안정적인 관계를 추구한다.",
      "action": "결혼 후에는 상대방과의 역할 분담과 현실적인 기대치를 명확히 설정하라.",
      "cautions": [
        "결혼 전과 후의 관계 변화에 대한 이해 부족",
        "재관만 있는 경우 결혼 생활의 어려움 가능성"
      ],
      "tags": [
        "결혼",
        "재관",
        "현실적",
        "수직관계",
        "역할분담"
      ]
    },
    {
      "id": "RC-3df4bd1aef",
      "topic": "LOVE",
      "priority": 8,
      "trigger": {
        "elements": [
          "재관"
        ],
        "strength": "dominant"
      },
      "mechanism": "재관이 강하면 결혼 생활에 대한 안정성과 책임감이 높아진다.",
      "interpretation": "결혼을 잘 유지하며, 결혼 상대를 현실적으로 평가하는 경향이 있다.",
      "action": "결혼 상대를 선택할 때 경제력과 직업 안정성을 중점적으로 고려하라.",
      "cautions": [
        "연애 시 감정적 연결 부족 가능성",
        "결혼 상대 평가 기준이 지나치게 현실적일 수 있음"
      ],
      "tags": [
        "결혼",
        "재관강",
        "책임감",
        "현실적평가",
        "경제력"
      ]
    },
    {
      "id": "RC-22e6d4c4fa",
      "topic": "LOVE",
      "priority": 7,
      "trigger": {
        "elements": [
          "인성",
          "식상"
        ],
        "relationship_stage": "dating"
      },
      "mechanism": "인성과 식상은 연애에서 감정적 연결과 즐거움을 극대화한다.",
      "interpretation": "연애는 수평적 관계로, 감정적 교류와 즐거움이 중심이 된다.",
      "action": "연애 시 상대방과의 감정적 교류를 중시하고, 즐거움을 공유하라.",
      "cautions": [
        "결혼으로 전환 시 관계 변화에 대한 준비 부족 가능성"
      ],
      "tags": [
        "연애",
        "인성",
        "식상",
        "감정적교류",
        "즐거움"
      ]
    },
    {
      "id": "RC-dcd647e141",
      "topic": "LOVE",
      "priority": 8,
      "trigger": {
        "elements": [
          "정재"
        ],
        "gender": "male"
      },
      "mechanism": "남성 사주에 정재가 있으면 배우자의 소비 습관을 중요하게 여긴다.",
      "interpretation": "절약적이고 실용적인 배우자를 선호한다.",
      "action": "배우자 선택 시 소비 습관과 경제적 가치관을 확인하라.",
      "cautions": [
        "지나치게 경제적 기준에만 의존할 위험"
      ],
      "tags": [
        "정재",
        "남성",
        "소비습관",
        "경제적",
        "배우자선호"
      ]
    },
    {
      "id": "RC-8ab8b4e571",
      "topic": "LOVE",
      "priority": 7,
      "trigger": {
        "elements": [
          "정재"
        ],
        "gender": "female"
      },
      "mechanism": "여성 사주에 정재가 있으면 살림과 절약을 중시한다.",
      "interpretation": "가정 유지와 관리에 강한 책임감을 가진다.",
      "action": "가정 관리와 절약을 통해 안정적인 가정을 유지하라.",
      "cautions": [
        "가정 외 활동에 소홀할 가능성"
      ],
      "tags": [
        "정재",
        "여성",
        "살림",
        "절약",
        "가정관리"
      ]
    },
    {
      "id": "RC-6f0523b1d6",
      "topic": "LOVE",
      "priority": 9,
      "trigger": {
        "elements": [
          "편재"
        ],
        "gender": "female"
      },
      "mechanism": "여성 사주에 편재가 있으면 사회적 활동과 외부 관계를 중시한다.",
      "interpretation": "가정보다는 외부 활동과 관계 확장에 더 관심이 많다.",
      "action": "사회적 활동과 가정의 균형을 유지하라.",
      "cautions": [
        "가정 내 역할 부족으로 인한 갈등 가능성"
      ],
      "tags": [
        "편재",
        "여성",
        "사회활동",
        "외부관계",
        "균형"
      ]
    },
    {
      "id": "RC-3e7f338e56",
      "topic": "LOVE",
      "priority": 8,
      "trigger": {
        "elements": [
          "편재"
        ],
        "gender": "male"
      },
      "mechanism": "남성 사주에 편재가 있으면 배우자와의 소통과 가치관 공유를 중시한다.",
      "interpretation": "가치관과 비전을 공유할 수 있는 배우자를 선호한다.",
      "action": "배우자 선택 시 소통과 가치관의 일치를 확인하라.",
      "cautions": [
        "소통 부족 시 관계 유지 어려움"
      ],
      "tags": [
        "편재",
        "남성",
        "소통",
        "가치관",
        "배우자선호"
      ]
    },
    {
      "id": "RC-bce19bcc7e",
      "topic": "LOVE",
      "priority": 7,
      "trigger": {
        "elements": [
          "정재",
          "천간"
        ]
      },
      "mechanism": "천간에 정재가 있으면 배우자의 영향력이 크다.",
      "interpretation": "배우자의 의견과 존재를 중요하게 여긴다.",
      "action": "배우자와의 협력과 조화를 중시하라.",
      "cautions": [
        "배우자에게 지나치게 의존할 가능성"
      ],
      "tags": [
        "정재",
        "천간",
        "배우자영향",
        "협력",
        "조화"
      ]
    },
    {
      "id": "RC-1812ab2216",
      "topic": "LOVE",
      "priority": 6,
      "trigger": {
        "elements": [
          "정재",
          "지지"
        ]
      },
      "mechanism": "지지에 정재가 있으면 배우자와의 관계가 안정적이다.",
      "interpretation": "가정 내에서 조화롭고 헌신적인 역할을 한다.",
      "action": "가정 내 안정과 조화를 유지하라.",
      "cautions": [
        "외부 활동 부족으로 인한 자기계발 저하 가능성"
      ],
      "tags": [
        "정재",
        "지지",
        "안정",
        "조화",
        "헌신"
      ]
    },
    {
      "id": "RC-725ed4a8b8",
      "topic": "LOVE",
      "priority": 8,
      "trigger": {
        "elements": [
          "편재",
          "천간"
        ]
      },
      "mechanism": "천간에 편재가 있으면 배우자와의 동등한 관계를 중시한다.",
      "interpretation": "배우자와의 소통과 협력을 통해 동반자로서의 관계를 형성한다.",
      "action": "배우자와의 동등한 관계를 유지하며 협력하라.",
      "cautions": [
        "동등한 관계를 지나치게 강조하여 갈등 유발 가능성"
      ],
      "tags": [
        "편재",
        "천간",
        "동등관계",
        "소통",
        "협력"
      ]
    },
    {
      "id": "RC-baa3080fe8",
      "topic": "LOVE",
      "priority": 9,
      "trigger": {
        "placement": "청간",
        "type": "편재"
      },
      "mechanism": "청간의 편재는 배우자와 동등한 관계를 형성하려는 태도를 나타냄.",
      "interpretation": "배우자와 수직적 관계보다는 동등한 입장에서 관계를 유지하려는 경향이 강함.",
      "action": "배우자와의 관계에서 상호 존중을 기반으로 대화와 협력을 강화할 것.",
      "cautions": [
        "수직적 관계를 지나치게 무너뜨리지 않도록 주의"
      ],
      "tags": [
        "편재",
        "청간",
        "동등",
        "배우자",
        "관계"
      ]
    },
    {
      "id": "RC-16e843b391",
      "topic": "LOVE",
      "priority": 8,
      "trigger": {
        "placement": "지지",
        "type": "편재"
      },
      "mechanism": "지지의 편재는 배우자와의 관계에서 감정적 지지와 응원을 제공함.",
      "interpretation": "배우자가 연인처럼 다정하고 감정적으로 지지해주는 역할을 함.",
      "action": "배우자와의 관계에서 감정적 교류와 데이트 같은 활동을 유지할 것.",
      "cautions": [
        "지나치게 감정적 의존에 치우치지 않도록 주의"
      ],
      "tags": [
        "편재",
        "지지",
        "감정",
        "응원",
        "배우자"
      ]
    },
    {
      "id": "RC-b7d7b68b60",
      "topic": "LOVE",
      "priority": 7,
      "trigger": {
        "placement": "청간",
        "type": "정재"
      },
      "mechanism": "청간의 정재는 배우자를 경제적으로 대우하려는 태도를 나타냄.",
      "interpretation": "배우자에게 경제적 지원을 아끼지 않으며, 재정적 안정감을 제공함.",
      "action": "배우자와의 재정적 계획을 명확히 하고 신뢰를 쌓을 것.",
      "cautions": [
        "경제적 지원이 과도하지 않도록 조절"
      ],
      "tags": [
        "정재",
        "청간",
        "경제",
        "배우자",
        "지원"
      ]
    },
    {
      "id": "RC-779195d8d7",
      "topic": "LOVE",
      "priority": 6,
      "trigger": {
        "placement": "지지",
        "type": "정재"
      },
      "mechanism": "지지의 정재는 배우자와의 관계에서 경제적 관리와 신뢰를 중시함.",
      "interpretation": "배우자에게 경제적 지원을 제공하되, 관리와 통제를 병행함.",
      "action": "배우자와의 재정적 투명성을 유지하고 신뢰를 강화할 것.",
      "cautions": [
        "과도한 통제로 인해 갈등이 발생하지 않도록 주의"
      ],
      "tags": [
        "정재",
        "지지",
        "경제",
        "관리",
        "배우자"
      ]
    },
    {
      "id": "RC-72b1e7607e",
      "topic": "LOVE",
      "priority": 8,
      "trigger": {
        "placement": "지지",
        "type": "편재"
      },
      "mechanism": "지지의 편재는 배우자가 자기관리를 잘하는 경향을 나타냄.",
      "interpretation": "배우자가 외모와 건강을 잘 관리하며 매력을 유지함.",
      "action": "배우자의 자기관리 노력을 인정하고 칭찬할 것.",
      "cautions": [
        "외모나 건강 관리에 대한 과도한 기대를 하지 않도록 주의"
      ],
      "tags": [
        "편재",
        "지지",
        "자기관리",
        "배우자",
        "매력"
      ]
    },
    {
      "id": "RC-4bce4743a1",
      "topic": "LOVE",
      "priority": 7,
      "trigger": {
        "placement": "청간",
        "type": "정재"
      },
      "mechanism": "청간의 정재는 배우자에게 경제적 안정감을 제공하려는 태도를 나타냄.",
      "interpretation": "배우자에게 경제적 지원을 통해 신뢰를 쌓고 안정감을 제공함.",
      "action": "배우자와의 재정적 계획을 명확히 하고 신뢰를 쌓을 것.",
      "cautions": [
        "경제적 지원이 과도하지 않도록 조절"
      ],
      "tags": [
        "정재",
        "청간",
        "경제",
        "배우자",
        "안정"
      ]
    }
  ],
  "notes": [],
  "schema_version": "rulecards.v1",
  "module_code": "SajuOS_APPL_039",
  "updated_at": "2025-12-23T20:27:26"
}