{
  "title": "SajuOS_Logic_APPL_012",
  "rulecards": [
    {
      "id": "RC-774b147ecd",
      "topic": "LOVE",
      "priority": 9,
      "trigger": {
        "note": "배우자 궁과 배우자 성의 조화 여부"
      },
      "mechanism": "배우자 궁(일지)와 배우자 성의 조화가 덕과 복의 크기를 결정함.",
      "interpretation": "배우자와의 소통과 애정의 안정성이 높아짐.",
      "action": "배우자 궁과 성의 조화를 확인하고, 관계를 강화할 방법을 모색.",
      "cautions": [
        "배우자 궁이 강하지 않으면 관계 안정성이 낮아질 수 있음."
      ],
      "tags": [
        "배우자궁",
        "배우자성",
        "소통",
        "애정",
        "안정성"
      ]
    },
    {
      "id": "RC-1e22b2637c",
      "topic": "LOVE",
      "priority": 8,
      "trigger": {
        "note": "인성과 식상의 균형 여부"
      },
      "mechanism": "인성은 애정을 받고자 하는 에너지, 식상은 애정을 표현하는 에너지.",
      "interpretation": "인성과 식상이 균형을 이루면 관계가 안정적이고 지속 가능.",
      "action": "인성과 식상의 균형을 유지하도록 노력.",
      "cautions": [
        "한쪽 에너지만 강하면 관계가 불안정해질 수 있음."
      ],
      "tags": [
        "인성",
        "식상",
        "애정",
        "균형",
        "관계"
      ]
    },
    {
      "id": "RC-eb3fc60785",
      "topic": "LOVE",
      "priority": 7,
      "trigger": {
        "note": "배우자 궁에 합이 있는 경우"
      },
      "mechanism": "합은 배우자와의 관계 안정성을 높이는 요소.",
      "interpretation": "배우자와의 관계가 안정적이고 지속 가능성이 높음.",
      "action": "합의 에너지를 활용해 관계를 강화.",
      "cautions": [
        "합이 없으면 관계 안정성이 낮아질 수 있음."
      ],
      "tags": [
        "합",
        "배우자궁",
        "안정성",
        "관계",
        "지속성"
      ]
    },
    {
      "id": "RC-04846cda04",
      "topic": "LOVE",
      "priority": 6,
      "trigger": {
        "note": "인성이 강하고 식상이 약한 경우"
      },
      "mechanism": "인성이 강하면 애정을 받고자 하는 욕구가 크지만, 식상이 약하면 표현이 부족.",
      "interpretation": "애정 결핍으로 인해 외로움을 느낄 가능성이 높음.",
      "action": "애정을 표현하는 방법을 배우고 실천.",
      "cautions": [
        "상대방이 애정을 느끼지 못할 수 있음."
      ],
      "tags": [
        "인성",
        "식상",
        "애정결핍",
        "외로움",
        "표현"
      ]
    },
    {
      "id": "RC-00cd3a331b",
      "topic": "LOVE",
      "priority": 6,
      "trigger": {
        "note": "식상이 강하고 인성이 약한 경우"
      },
      "mechanism": "식상이 강하면 애정을 표현하려는 욕구가 크지만, 인성이 약하면 반응이 부족.",
      "interpretation": "상대방의 반응 부족으로 인해 관계가 소원해질 가능성이 있음.",
      "action": "상대방의 반응을 이끌어낼 방법을 모색.",
      "cautions": [
        "상대방의 무반응으로 관계가 악화될 수 있음."
      ],
      "tags": [
        "식상",
        "인성",
        "애정표현",
        "반응",
        "관계"
      ]
    },
    {
      "id": "RC-e54bf70f46",
      "topic": "LOVE",
      "priority": 7,
      "trigger": {
        "note": "배우자 궁에 극합이 있는 경우"
      },
      "mechanism": "극합은 배우자와의 관계에서 강한 상호작용을 의미.",
      "interpretation": "배우자와의 관계가 매우 강렬하고 깊음.",
      "action": "극합의 에너지를 긍정적으로 활용.",
      "cautions": [
        "극합이 부정적으로 작용하면 갈등이 심화될 수 있음."
      ],
      "tags": [
        "극합",
        "배우자궁",
        "강렬",
        "상호작용",
        "관계"
      ]
    },
    {
      "id": "RC-ce8566baa7",
      "topic": "LOVE",
      "priority": 8,
      "trigger": {
        "note": "재관이 강한 경우"
      },
      "mechanism": "재관은 현실적이고 안정적인 관계를 추구.",
      "interpretation": "경제적 안정과 책임감이 높은 관계를 형성.",
      "action": "재관의 에너지를 활용해 현실적인 관계를 구축.",
      "cautions": [
        "재관이 약하면 경제적 안정성이 낮아질 수 있음."
      ],
      "tags": [
        "재관",
        "현실적",
        "안정성",
        "책임감",
        "경제"
      ]
    },
    {
      "id": "RC-152be9c142",
      "topic": "LOVE",
      "priority": 6,
      "trigger": {
        "note": "인성과 식상이 모두 없는 경우"
      },
      "mechanism": "애정 표현과 수용의 에너지가 부족.",
      "interpretation": "관계에서 애정 결핍과 소통 부족이 발생할 가능성이 높음.",
      "action": "애정 표현과 수용을 의식적으로 연습.",
      "cautions": [
        "관계가 소원해질 위험이 있음."
      ],
      "tags": [
        "인성",
        "식상",
        "애정결핍",
        "소통",
        "관계"
      ]
    },
    {
      "id": "RC-6f3ead9ba6",
      "topic": "LOVE",
      "priority": 7,
      "trigger": {
        "note": "배우자 궁이 강한 경우"
      },
      "mechanism": "배우자 궁이 강하면 배우자와의 관계가 중심이 됨.",
      "interpretation": "배우자와의 관계가 삶의 중요한 부분이 됨.",
      "action": "배우자와의 관계를 우선시하고 강화.",
      "cautions": [
        "배우자 궁이 약하면 관계가 불안정해질 수 있음."
      ],
      "tags": [
        "배우자궁",
        "관계중심",
        "안정성",
        "우선순위",
        "강화"
      ]
    },
    {
      "id": "RC-cc6f5db77e",
      "topic": "LOVE",
      "priority": 5,
      "trigger": {
        "note": "운에서 필요한 오행이 들어오는 경우"
      },
      "mechanism": "운에서 필요한 오행이 들어오면 관계가 강화됨.",
      "interpretation": "운의 흐름에 따라 관계의 변화가 발생.",
      "action": "운의 흐름을 분석하고 관계를 조정.",
      "cautions": [
        "운의 변화에 따라 관계가 불안정해질 수 있음."
      ],
      "tags": [
        "운",
        "오행",
        "관계변화",
        "강화",
        "조정"
      ]
    },
    {
      "id": "RC-acec3d36e3",
      "topic": "LOVE",
      "priority": 9,
      "trigger": {
        "condition": "복량 초과 또는 부족"
      },
      "mechanism": "복량은 결혼 가능성을 결정하는 기준으로 작용함.",
      "interpretation": "복량을 초과하거나 부족하면 결혼이 어려움.",
      "action": "자신의 복량을 파악하고 적합한 상대를 찾을 것.",
      "cautions": [
        "복량 초과나 부족은 연애는 가능하나 결혼은 어려움."
      ],
      "tags": [
        "복량",
        "결혼",
        "연애",
        "기준",
        "상대"
      ]
    },
    {
      "id": "RC-c0dd7d1f00",
      "topic": "LOVE",
      "priority": 8,
      "trigger": {
        "age": "30대 이상",
        "gender": "남성",
        "재성 발달": true
      },
      "mechanism": "재성이 발달한 남성은 연하와의 인연이 강함.",
      "interpretation": "연하와의 결혼이 더 적합함.",
      "action": "연하의 상대를 우선적으로 고려할 것.",
      "cautions": [
        "20대 남성에게는 해당되지 않음."
      ],
      "tags": [
        "재성",
        "연하",
        "결혼",
        "남성",
        "나이"
      ]
    },
    {
      "id": "RC-9394e4cad6",
      "topic": "LOVE",
      "priority": 7,
      "trigger": {
        "재성": false,
        "인성": true
      },
      "mechanism": "재성이 없고 인성이 강하면 결혼 기준이 달라짐.",
      "interpretation": "연상이나 어머니 같은 상대를 선호함.",
      "action": "상대방의 성향을 이해하고 적합한 관계를 형성할 것.",
      "cautions": [
        "현대적 연상연하 개념과 다를 수 있음."
      ],
      "tags": [
        "재성",
        "인성",
        "연상",
        "결혼",
        "성향"
      ]
    },
    {
      "id": "RC-331d67d4d3",
      "topic": "LOVE",
      "priority": 8,
      "trigger": {
        "재환": true
      },
      "mechanism": "재환은 결혼 후 안정과 자산 증대를 가져옴.",
      "interpretation": "결혼이 재환의 성장을 촉진함.",
      "action": "결혼을 통해 재환의 안정과 성장을 도모할 것.",
      "cautions": [
        "결혼을 두려워하지 말 것."
      ],
      "tags": [
        "재환",
        "결혼",
        "안정",
        "성장",
        "자산"
      ]
    },
    {
      "id": "RC-9a1b059b43",
      "topic": "LOVE",
      "priority": 6,
      "trigger": {
        "인성": true,
        "식상": true
      },
      "mechanism": "인성과 식상이 결혼 후 안정에 영향을 미침.",
      "interpretation": "결혼 생활에서 안정과 갈등이 공존할 가능성이 있음.",
      "action": "상대와의 관계에서 균형을 유지할 것.",
      "cautions": [
        "갈등이 심화되지 않도록 주의."
      ],
      "tags": [
        "인성",
        "식상",
        "결혼",
        "안정",
        "갈등"
      ]
    },
    {
      "id": "RC-71a28da4cc",
      "topic": "LOVE",
      "priority": 7,
      "trigger": {
        "대운": true
      },
      "mechanism": "대운은 결혼과 인연 형성에 중요한 변수로 작용함.",
      "interpretation": "대운에서 결혼 상대를 결정하는 것이 유리함.",
      "action": "대운의 흐름을 분석하여 결혼 시기를 결정할 것.",
      "cautions": [
        "세운만으로는 큰 변화를 기대하기 어려움."
      ],
      "tags": [
        "대운",
        "결혼",
        "인연",
        "시기",
        "변수"
      ]
    },
    {
      "id": "RC-8f79f3b315",
      "topic": "LOVE",
      "priority": 9,
      "trigger": {
        "궁": true,
        "성": true
      },
      "mechanism": "궁과 성으로 결정된 글자는 결혼 안정성을 높임.",
      "interpretation": "궁과 성이 결정되면 결혼 생활이 안정적임.",
      "action": "궁과 성의 글자를 분석하여 결혼 가능성을 판단할 것.",
      "cautions": [
        "궁과 성이 불안정하면 결혼 생활이 어려울 수 있음."
      ],
      "tags": [
        "궁",
        "성",
        "결혼",
        "안정",
        "판단"
      ]
    },
    {
      "id": "RC-d12bd92b0f",
      "topic": "LOVE",
      "priority": 8,
      "trigger": {
        "일간 중심": true,
        "상대 희생": false
      },
      "mechanism": "일간 중심으로 사는 사람은 상대의 희생이 필요함.",
      "interpretation": "상대가 희생하지 않으면 결혼 생활이 어려움.",
      "action": "상대방의 희생 가능성을 평가할 것.",
      "cautions": [
        "상대의 희생이 없으면 결혼 생활이 불행할 수 있음."
      ],
      "tags": [
        "일간",
        "희생",
        "결혼",
        "생활",
        "평가"
      ]
    },
    {
      "id": "RC-8cbf2d1d6f",
      "topic": "LOVE",
      "priority": 7,
      "trigger": {
        "결핍": true
      },
      "mechanism": "결핍된 오행을 채우는 상대가 궁합에 유리함.",
      "interpretation": "결핍된 오행을 가진 상대와의 관계가 조화로움.",
      "action": "상대방의 오행 결핍 여부를 분석할 것.",
      "cautions": [
        "결핍 해소가 안 되면 관계가 불안정할 수 있음."
      ],
      "tags": [
        "결핍",
        "오행",
        "궁합",
        "조화",
        "분석"
      ]
    },
    {
      "id": "RC-2d146a457f",
      "topic": "LOVE",
      "priority": 6,
      "trigger": {
        "십성": true
      },
      "mechanism": "십성은 관계의 성격과 방향성을 결정함.",
      "interpretation": "십성을 통해 상대방의 성향을 파악할 수 있음.",
      "action": "십성을 분석하여 관계의 방향성을 설정할 것.",
      "cautions": [
        "십성만으로 모든 것을 판단하지 말 것."
      ],
      "tags": [
        "십성",
        "성향",
        "관계",
        "분석",
        "방향성"
      ]
    }
  ],
  "notes": [],
  "schema_version": "rulecards.v1",
  "module_code": "SajuOS_APPL_012",
  "updated_at": "2025-12-23T20:27:26"
}