{
  "title": "SajuOS_Logic_APPL_051",
  "rulecards": [
    {
      "topic": "GENERAL",
      "priority": 10,
      "trigger": {
        "note": "사주로 생사나 수명을 예측하려는 시도"
      },
      "mechanism": "생사와 수명은 사주로 결정되지 않음",
      "interpretation": "사주는 개인의 에너지 흐름을 보여줄 뿐, 생사와 같은 절대적인 결과를 예측할 수 없음",
      "action": "생사나 수명에 대한 질문은 피하고, 에너지 흐름에 집중",
      "cautions": [
        "사주를 과신하지 말 것",
        "생사 예측은 비윤리적일 수 있음"
      ],
      "tags": [
        "생사",
        "수명",
        "예측",
        "사주",
        "에너지"
      ],
      "id": "RC-a58171f622"
    },
    {
      "topic": "ELEMENTS",
      "priority": 9,
      "trigger": {
        "note": "조후조(함난도습)를 분석할 때"
      },
      "mechanism": "조후조는 개인의 건강 상태와 에너지 흐름을 파악하는 기본 요소",
      "interpretation": "조후조를 통해 건강의 기초적인 균형 상태를 이해할 수 있음",
      "action": "사주의 조후조를 분석하여 건강의 기본 흐름을 파악",
      "cautions": [
        "조후조만으로 모든 건강 문제를 설명할 수 없음"
      ],
      "tags": [
        "조후조",
        "함난도습",
        "건강",
        "에너지",
        "균형"
      ],
      "id": "RC-9888adea12"
    },
    {
      "topic": "STRUCTURE",
      "priority": 8,
      "trigger": {
        "note": "팔자에서 특정 기관의 위치를 분석할 때"
      },
      "mechanism": "팔자의 글자 위치가 신체 부위와 연관됨",
      "interpretation": "팔자를 통해 신체의 특정 부위에 문제가 있을 가능성을 추론 가능",
      "action": "팔자의 위치를 분석하여 건강 문제의 부위를 예측",
      "cautions": [
        "팔자 해석은 절대적이지 않음"
      ],
      "tags": [
        "팔자",
        "건강",
        "위치",
        "기관",
        "예측"
      ],
      "id": "RC-0d299b96d4"
    },
    {
      "topic": "ELEMENTS",
      "priority": 9,
      "trigger": {
        "note": "오행의 통색을 분석할 때"
      },
      "mechanism": "오행의 통색은 에너지의 흐름과 막힘을 나타냄",
      "interpretation": "오행의 통색을 통해 신체 에너지의 원활함과 문제를 파악 가능",
      "action": "오행의 통색을 분석하여 건강 문제의 원인을 찾음",
      "cautions": [
        "오행 해석은 종합적으로 접근해야 함"
      ],
      "tags": [
        "오행",
        "통색",
        "에너지",
        "건강",
        "흐름"
      ],
      "id": "RC-1a19aaa57e"
    },
    {
      "topic": "TEN_GODS",
      "priority": 8,
      "trigger": {
        "note": "십성을 통해 건강을 분석할 때"
      },
      "mechanism": "십성은 특정 신체 기관과 연관됨",
      "interpretation": "십성을 통해 특정 기관의 건강 상태를 추론 가능",
      "action": "십성을 분석하여 건강 문제를 예측",
      "cautions": [
        "십성 해석은 단편적이지 않음"
      ],
      "tags": [
        "십성",
        "건강",
        "기관",
        "예측",
        "분석"
      ],
      "id": "RC-299d3deee3"
    },
    {
      "topic": "TIMING",
      "priority": 7,
      "trigger": {
        "note": "대운과 건강의 연관성을 분석할 때"
      },
      "mechanism": "대운은 건강에 장기적인 영향을 미침",
      "interpretation": "대운의 흐름에 따라 건강 상태가 변화할 수 있음",
      "action": "대운을 분석하여 건강 관리 계획을 세움",
      "cautions": [
        "대운 해석은 개인의 생활 습관과 병행해야 함"
      ],
      "tags": [
        "대운",
        "건강",
        "변화",
        "장기적",
        "예측"
      ],
      "id": "RC-908b7bb0e2"
    },
    {
      "topic": "GENERAL",
      "priority": 6,
      "trigger": {
        "note": "운동과 건강의 상관성을 논할 때"
      },
      "mechanism": "운동은 에너지 흐름을 개선하고 건강을 유지함",
      "interpretation": "운동은 건강 문제를 예방하고 개선하는 데 효과적",
      "action": "개인에게 적합한 운동을 추천하고 실천하도록 유도",
      "cautions": [
        "운동 강도와 종류는 개인의 상태에 맞춰야 함"
      ],
      "tags": [
        "운동",
        "건강",
        "에너지",
        "예방",
        "유지"
      ],
      "id": "RC-5f466d10e0"
    },
    {
      "topic": "ELEMENTS",
      "priority": 7,
      "trigger": {
        "note": "한한명과 난한명을 구분할 때"
      },
      "mechanism": "한한명은 선천적, 난한명은 후천적 건강 특성을 가짐",
      "interpretation": "한한명은 변화가 느리지만 안정적, 난한명은 변화가 빠르지만 취약",
      "action": "한한명과 난한명에 맞는 건강 관리 방법을 제안",
      "cautions": [
        "한한명과 난한명의 특성을 혼동하지 말 것"
      ],
      "tags": [
        "한한명",
        "난한명",
        "건강",
        "선천적",
        "후천적"
      ],
      "id": "RC-9f09555d56"
    },
    {
      "topic": "GENERAL",
      "priority": 5,
      "trigger": {
        "note": "질병의 한난조습 특성을 분석할 때"
      },
      "mechanism": "질병도 한난조습의 에너지 특성을 가짐",
      "interpretation": "질병의 특성을 파악하여 적절한 대응책을 마련 가능",
      "action": "질병의 에너지 특성을 분석하여 치료 방향을 설정",
      "cautions": [
        "질병 특성 분석은 전문가와 상의 필요"
      ],
      "tags": [
        "질병",
        "한난조습",
        "에너지",
        "특성",
        "치료"
      ],
      "id": "RC-"
    },
    {
      "topic": "GENERAL",
      "priority": 6,
      "trigger": {
        "note": "조습과 피부 건강의 연관성을 논할 때"
      },
      "mechanism": "조습은 피부의 민감도와 방어력을 결정",
      "interpretation": "조습의 상태에 따라 피부 질환 발생 가능성 증가",
      "action": "조습 상태를 개선하여 피부 건강을 유지",
      "cautions": [
        "환경 요인도 함께 고려해야 함"
      ],
      "tags": [
        "조습",
        "피부",
        "건강",
        "민감도",
        "방어력"
      ],
      "id": "RC-dab8300471"
    },
    {
      "id": "RC-f49c332e1b",
      "topic": "STRUCTURE",
      "priority": 9,
      "trigger": {
        "condition": "조한명"
      },
      "mechanism": "조한명은 변화에 민감하고 몸의 변화를 잘 알아차림.",
      "interpretation": "건강 상태를 유지하기 쉽고, 변화가 적은 체질.",
      "action": "건강을 유지하려면 규칙적인 생활과 예방적 관리가 중요.",
      "cautions": [
        "변화에 민감하여 스트레스에 취약할 수 있음."
      ],
      "tags": [
        "조한명",
        "건강",
        "예민",
        "변화",
        "체질"
      ]
    },
    {
      "id": "RC-5dab7f4bb1",
      "topic": "STRUCTURE",
      "priority": 8,
      "trigger": {
        "condition": "습한명"
      },
      "mechanism": "습한명은 둔감하여 몸의 변화를 잘 느끼지 못함.",
      "interpretation": "질병이 만성화되기 쉬운 체질.",
      "action": "정기적인 건강검진과 체계적인 관리가 필요.",
      "cautions": [
        "질병을 방치하거나 약 복용을 중단할 가능성이 있음."
      ],
      "tags": [
        "습한명",
        "건강",
        "둔감",
        "만성질환",
        "체질"
      ]
    },
    {
      "id": "RC-df3ecdcf31",
      "topic": "STRUCTURE",
      "priority": 7,
      "trigger": {
        "condition": "한습한명"
      },
      "mechanism": "한습한명은 몸의 변화가 적고 둔감하여 질병을 느끼기 어려움.",
      "interpretation": "질병이 숨겨져 진행될 가능성이 높음.",
      "action": "건강검진을 반드시 정기적으로 받을 것.",
      "cautions": [
        "질병이 누적되거나 만성화될 위험이 큼."
      ],
      "tags": [
        "한습한명",
        "건강검진",
        "만성질환",
        "체질",
        "둔감"
      ]
    },
    {
      "id": "RC-f2e3af3a84",
      "topic": "STRUCTURE",
      "priority": 8,
      "trigger": {
        "condition": "난습한명"
      },
      "mechanism": "난습한명은 환경 적응력이 뛰어나지만 예민함.",
      "interpretation": "환경 변화에 민감하며 건강 유지가 어려울 수 있음.",
      "action": "환경 변화에 대비하고 철저한 건강 관리 필요.",
      "cautions": [
        "환경 변화에 따른 건강 악화 가능성."
      ],
      "tags": [
        "난습한명",
        "환경적응",
        "예민",
        "건강관리",
        "체질"
      ]
    },
    {
      "id": "RC-3d3390126f",
      "topic": "STRUCTURE",
      "priority": 7,
      "trigger": {
        "condition": "조한명과 습한명 조합"
      },
      "mechanism": "조한명은 예민하고 습한명은 둔감하여 상호 보완적.",
      "interpretation": "적절한 균형을 이루면 건강 유지에 유리.",
      "action": "생활 습관을 조화롭게 조정할 것.",
      "cautions": [
        "균형이 깨지면 건강 악화 가능성."
      ],
      "tags": [
        "조한명",
        "습한명",
        "균형",
        "건강",
        "체질"
      ]
    },
    {
      "id": "RC-22b18b491c",
      "topic": "STRUCTURE",
      "priority": 6,
      "trigger": {
        "condition": "습한명과 염증성 질환"
      },
      "mechanism": "습한명은 염증 에너지가 축적되기 쉬움.",
      "interpretation": "염증성 질환에 취약할 수 있음.",
      "action": "비타민C 등 항염증 영양소 섭취 권장.",
      "cautions": [
        "염증이 만성화될 위험."
      ],
      "tags": [
        "습한명",
        "염증",
        "비타민C",
        "건강관리",
        "체질"
      ]
    },
    {
      "id": "RC-455b4423e1",
      "topic": "STRUCTURE",
      "priority": 9,
      "trigger": {
        "condition": "조한명과 결벽증 경향"
      },
      "mechanism": "조한명은 외부 자극에 민감하여 결벽증으로 이어질 수 있음.",
      "interpretation": "결벽증이 오히려 건강에 부정적 영향을 미칠 수 있음.",
      "action": "적당한 공생과 유연한 태도를 유지할 것.",
      "cautions": [
        "결벽증이 건강을 악화시킬 가능성."
      ],
      "tags": [
        "조한명",
        "결벽증",
        "건강",
        "공생",
        "체질"
      ]
    },
    {
      "id": "RC-ea41864dea",
      "topic": "STRUCTURE",
      "priority": 8,
      "trigger": {
        "condition": "난한운과 건강 변화"
      },
      "mechanism": "난한운은 숨겨진 질병을 드러나게 함.",
      "interpretation": "건강 상태가 갑작스럽게 변화할 수 있음.",
      "action": "운의 변화를 주의 깊게 관찰하고 건강 관리에 신경 쓸 것.",
      "cautions": [
        "질병이 갑작스럽게 악화될 가능성."
      ],
      "tags": [
        "난한운",
        "건강변화",
        "질병",
        "운세",
        "체질"
      ]
    },
    {
      "id": "RC-7a6e200f2f",
      "topic": "STRUCTURE",
      "priority": 7,
      "trigger": {
        "condition": "한난조섭의 불균형"
      },
      "mechanism": "한난조섭의 균형이 건강에 중요한 영향을 미침.",
      "interpretation": "불균형은 건강 문제를 유발할 수 있음.",
      "action": "한난조섭의 균형을 유지하도록 노력할 것.",
      "cautions": [
        "불균형이 건강에 부정적 영향을 미칠 가능성."
      ],
      "tags": [
        "한난조섭",
        "균형",
        "건강",
        "체질",
        "운세"
      ]
    },
    {
      "id": "RC-8df1430e0f",
      "topic": "STRUCTURE",
      "priority": 6,
      "trigger": {
        "condition": "습한명과 스트레스"
      },
      "mechanism": "습한명은 스트레스가 축적되기 쉬움.",
      "interpretation": "스트레스가 건강 문제로 이어질 가능성이 높음.",
      "action": "스트레스 관리와 발산 방법을 찾을 것.",
      "cautions": [
        "스트레스가 만성 질환으로 이어질 위험."
      ],
      "tags": [
        "습한명",
        "스트레스",
        "건강",
        "체질",
        "관리"
      ]
    }
  ],
  "notes": [
    "텍스트가 매우 길고 복잡하여 일부 규칙은 요약 및 단순화됨",
    "건강 관련 규칙은 사주 외의 요인도 함께 고려해야 함"
  ],
  "schema_version": "rulecards.v1",
  "module_code": "SajuOS_APPL_051",
  "updated_at": "2025-12-23T20:27:26"
}