{
  "title": "SajuOS_Logic_STRU_M_147",
  "rulecards": [
    {
      "id": "RC-0cad515c17",
      "topic": "TEN_GODS",
      "priority": 9,
      "trigger": {
        "element": "계수",
        "context": "대상 중심"
      },
      "mechanism": "계수는 대상을 활용하거나 생명을 불어넣는 능력이 뛰어남.",
      "interpretation": "계수는 생산적 구조를 만들어내는 데 탁월하며, 사업이나 의사와 같은 직업에 적합.",
      "action": "계수의 능력을 활용해 사업이나 창의적 직업을 선택.",
      "cautions": [
        "속내를 드러내지 않으므로 신뢰를 쌓는 데 주의 필요."
      ],
      "tags": [
        "계수",
        "생산성",
        "사업",
        "활용",
        "창의성"
      ]
    },
    {
      "id": "RC-c05315d7e1",
      "topic": "STRUCTURE",
      "priority": 8,
      "trigger": {
        "month": "미월",
        "element": "계수"
      },
      "mechanism": "미월의 계수는 주변 환경을 조율하고 핵심 역할을 수행.",
      "interpretation": "미월 계수는 조직 내에서 핵심 인재로 인정받을 가능성이 높음.",
      "action": "조직 내에서 자신의 조율 능력을 발휘할 수 있는 역할을 맡을 것.",
      "cautions": [
        "환경 극복이 어려울 수 있으므로 금의 존재가 중요."
      ],
      "tags": [
        "미월",
        "계수",
        "조율",
        "핵심인재",
        "환경극복"
      ]
    },
    {
      "id": "RC-cf9325a4cd",
      "topic": "STRUCTURE",
      "priority": 7,
      "trigger": {
        "month": "미월",
        "element": "계수",
        "support": "금"
      },
      "mechanism": "금은 계수가 환경을 극복하고 독립할 수 있도록 도움.",
      "interpretation": "금이 있으면 계수는 환경을 극복하고 독립적인 삶을 살 수 있음.",
      "action": "금의 영향을 받을 수 있는 환경에서 성장하거나 금과 관련된 활동을 고려.",
      "cautions": [
        "금이 없으면 환경 극복이 어려워질 수 있음."
      ],
      "tags": [
        "미월",
        "계수",
        "금",
        "환경극복",
        "독립"
      ]
    },
    {
      "id": "RC-c9827d61b9",
      "topic": "TIMING",
      "priority": 6,
      "trigger": {
        "period": "대운",
        "element": "경금"
      },
      "mechanism": "경금 대운은 위기 인식과 극복을 촉진.",
      "interpretation": "경금 대운은 공부와 자격 취득을 통해 삶을 변화시킬 기회를 제공.",
      "action": "경금 대운 시기에 학업이나 자격증 취득에 집중.",
      "cautions": [
        "세운은 일시적 변화만 가져오므로 대운과 구분 필요."
      ],
      "tags": [
        "대운",
        "경금",
        "위기극복",
        "공부",
        "자격취득"
      ]
    },
    {
      "id": "RC-0157f2eaa2",
      "topic": "STRUCTURE",
      "priority": 7,
      "trigger": {
        "month": "미월",
        "element": "계수",
        "support": "간목"
      },
      "mechanism": "간목은 계수의 상관으로 작용하여 창의적 능력을 발휘하게 함.",
      "interpretation": "간목이 있으면 계수는 개인적 창의성을 발휘할 수 있음.",
      "action": "간목의 영향을 활용해 창의적 프로젝트나 개발에 집중.",
      "cautions": [
        "간목이 없으면 창의성 발휘가 제한될 수 있음."
      ],
      "tags": [
        "미월",
        "계수",
        "간목",
        "창의성",
        "상관"
      ]
    },
    {
      "id": "RC-32c79e0f65",
      "topic": "STRUCTURE",
      "priority": 7,
      "trigger": {
        "month": "미월",
        "element": "계수",
        "support": "무토"
      },
      "mechanism": "무토는 계수의 능력을 조직 내에서 발휘하게 함.",
      "interpretation": "무토가 있으면 계수는 조직 내에서 안정적으로 성장 가능.",
      "action": "무토의 영향을 활용해 조직 내에서 장기적인 목표를 설정.",
      "cautions": [
        "무토가 없으면 조직 내 안정성이 떨어질 수 있음."
      ],
      "tags": [
        "미월",
        "계수",
        "무토",
        "조직",
        "안정성"
      ]
    },
    {
      "id": "RC-6431b95b0e",
      "topic": "STRUCTURE",
      "priority": 8,
      "trigger": {
        "month": "미월",
        "element": "계수",
        "support": "금"
      },
      "mechanism": "금은 계수가 위기를 인식하고 극복할 수 있도록 도움.",
      "interpretation": "금이 있으면 계수는 위기를 인식하고 극복할 수 있음.",
      "action": "금의 영향을 받을 수 있는 환경에서 성장하거나 금과 관련된 활동을 고려.",
      "cautions": [
        "금이 없으면 위기 인식 능력이 떨어질 수 있음."
      ],
      "tags": [
        "미월",
        "계수",
        "금",
        "위기인식",
        "극복"
      ]
    },
    {
      "id": "RC-3f98235ca4",
      "topic": "STRUCTURE",
      "priority": 6,
      "trigger": {
        "month": "미월",
        "element": "계수",
        "support": "목"
      },
      "mechanism": "목은 계수의 임시방편적 극복 방식을 지원.",
      "interpretation": "목이 있으면 계수는 임시방편적으로 환경을 극복 가능.",
      "action": "목의 영향을 활용해 단기적인 문제 해결 방안을 모색.",
      "cautions": [
        "목이 없으면 장기적인 극복 방안이 필요."
      ],
      "tags": [
        "미월",
        "계수",
        "목",
        "임시방편",
        "극복"
      ]
    },
    {
      "id": "RC-6fb1ae1333",
      "topic": "STRUCTURE",
      "priority": 7,
      "trigger": {
        "month": "미월",
        "element": "계수",
        "support": "무토",
        "time": "무오시"
      },
      "mechanism": "무토와 계수의 조합은 조직 내에서 장기적인 안정성을 제공.",
      "interpretation": "무토와 계수의 조합은 정년까지 안정적으로 직장 생활 가능.",
      "action": "무토와 계수의 조합을 활용해 장기적인 직장 목표를 설정.",
      "cautions": [
        "무토가 없으면 안정성이 떨어질 수 있음."
      ],
      "tags": [
        "미월",
        "계수",
        "무토",
        "안정성",
        "직장"
      ]
    },
    {
      "id": "RC-46a6181502",
      "topic": "STRUCTURE",
      "priority": 8,
      "trigger": {
        "month": "미월",
        "element": "계수",
        "support": "금",
        "time": "대운"
      },
      "mechanism": "금 대운은 계수가 환경을 극복하고 독립할 수 있도록 도움.",
      "interpretation": "금 대운은 계수에게 환경 극복과 독립의 기회를 제공.",
      "action": "금 대운 시기에 독립적인 목표를 설정하고 실행.",
      "cautions": [
        "금 대운이 없으면 극복이 어려울 수 있음."
      ],
      "tags": [
        "미월",
        "계수",
        "금",
        "대운",
        "독립"
      ]
    },
    {
      "id": "RC-072f88ed44",
      "topic": "LOVE",
      "priority": 8,
      "trigger": {
        "spouse_luck": false,
        "metal_present": false
      },
      "mechanism": "배우자 복은 금의 존재와 관련이 깊음.",
      "interpretation": "금이 없으면 배우자 복이 약해질 가능성이 높음.",
      "action": "금이 부족하다면 목을 강하게 활용하거나 임시방편적인 대안을 모색.",
      "cautions": [
        "배우자 선택 시 신중해야 함.",
        "금이 부족하면 관계에서 어려움이 있을 수 있음."
      ],
      "tags": [
        "배우자복",
        "금",
        "목",
        "임시방편",
        "관계"
      ]
    },
    {
      "id": "RC-617820ff5c",
      "topic": "CAREER",
      "priority": 7,
      "trigger": {
        "metal_present": true,
        "fire_present": true
      },
      "mechanism": "금과 화의 조화가 직업적 생산성을 높임.",
      "interpretation": "금과 화가 조화를 이루면 직업적 성공 가능성이 높아짐.",
      "action": "금과 화의 에너지를 활용해 생산성을 극대화.",
      "cautions": [
        "금과 화의 균형이 중요함.",
        "과도한 화는 금을 약화시킬 수 있음."
      ],
      "tags": [
        "직업",
        "생산성",
        "금",
        "화",
        "조화"
      ]
    },
    {
      "id": "RC-54643ff6a3",
      "topic": "STRUCTURE",
      "priority": 9,
      "trigger": {
        "note": "편관이 두 개 이상 존재"
      },
      "mechanism": "편관은 위협이자 극복의 대상.",
      "interpretation": "편관을 잘 다루면 위기를 극복할 수 있는 능력이 됨.",
      "action": "편관을 인지하고 이를 극복하는 능력을 키움.",
      "cautions": [
        "편관을 흉신으로만 보지 말 것.",
        "문제 인식이 중요함."
      ],
      "tags": [
        "편관",
        "위기",
        "극복",
        "능력",
        "흉신"
      ]
    },
    {
      "id": "RC-6db9023ecc",
      "topic": "CAREER",
      "priority": 8,
      "trigger": {
        "wood_present": true,
        "fire_present": true
      },
      "mechanism": "목과 화의 조화는 사업적 성공을 가능하게 함.",
      "interpretation": "목과 화가 발달하면 사업적 코드가 강해짐.",
      "action": "목과 화를 활용해 프랜차이즈나 사업적 활동을 추진.",
      "cautions": [
        "목과 화의 균형이 중요함.",
        "과도한 목은 화를 약화시킬 수 있음."
      ],
      "tags": [
        "사업",
        "목",
        "화",
        "프랜차이즈",
        "성공"
      ]
    },
    {
      "id": "RC-502c0f6577",
      "topic": "RELATION",
      "priority": 7,
      "trigger": {
        "metal_absent": true,
        "wood_present": true
      },
      "mechanism": "목은 금의 보조를 받아야 효과적으로 작용.",
      "interpretation": "금이 없으면 목의 에너지가 약화됨.",
      "action": "목을 활용하려면 금을 보완적으로 사용.",
      "cautions": [
        "목과 금의 균형이 중요함.",
        "금이 없으면 목의 효과가 제한됨."
      ],
      "tags": [
        "목",
        "금",
        "균형",
        "보완",
        "관계"
      ]
    },
    {
      "id": "RC-b6a39a4891",
      "topic": "CAREER",
      "priority": 8,
      "trigger": {
        "earth_excessive": true,
        "metal_present": true
      },
      "mechanism": "과도한 토는 금의 활용을 필요로 함.",
      "interpretation": "금이 있으면 과도한 토를 조절하고 능력을 발휘할 수 있음.",
      "action": "금의 에너지를 활용해 과도한 토를 조화롭게 만듦.",
      "cautions": [
        "토가 과도하면 금의 효과가 제한될 수 있음.",
        "금의 활용이 중요함."
      ],
      "tags": [
        "토",
        "금",
        "조화",
        "능력",
        "조절"
      ]
    },
    {
      "id": "RC-bf0d3d19d0",
      "topic": "GENERAL",
      "priority": 6,
      "trigger": {
        "note": "미월의 개수와 축토의 조합"
      },
      "mechanism": "축토는 미월의 개수를 보완하며 환경을 개선.",
      "interpretation": "미월의 개수와 축토의 조합은 환경 개선의 가능성을 높임.",
      "action": "축토의 에너지를 활용해 환경을 개선.",
      "cautions": [
        "축토와 미월의 조화를 유지해야 함.",
        "과도한 토는 주의 필요."
      ],
      "tags": [
        "미월",
        "개수",
        "축토",
        "환경",
        "개선"
      ]
    },
    {
      "id": "RC-181589e235",
      "topic": "CAREER",
      "priority": 9,
      "trigger": {
        "wood_present": true,
        "metal_present": true
      },
      "mechanism": "목과 금의 조화는 전문적 능력을 발휘하게 함.",
      "interpretation": "목과 금이 조화를 이루면 전문적 직업에서 성공 가능성이 높아짐.",
      "action": "목과 금을 활용해 전문적 지식을 쌓고 활용.",
      "cautions": [
        "목과 금의 균형이 중요함.",
        "금이 부족하면 목의 효과가 제한됨."
      ],
      "tags": [
        "목",
        "금",
        "전문성",
        "직업",
        "성공"
      ]
    },
    {
      "id": "RC-ead84300bb",
      "topic": "TIMING",
      "priority": 7,
      "trigger": {
        "note": "미월의 수호가 마름"
      },
      "mechanism": "미월의 수호는 유지되어야 함.",
      "interpretation": "미월의 수호가 마르면 중요한 시기에 어려움이 발생.",
      "action": "미월의 수호를 유지하기 위해 금을 활용.",
      "cautions": [
        "미월의 수호가 마르지 않도록 주의.",
        "금의 활용이 중요함."
      ],
      "tags": [
        "미월",
        "수호",
        "금",
        "유지",
        "시기"
      ]
    },
    {
      "id": "RC-2ad7580be4",
      "topic": "CAREER",
      "priority": 8,
      "trigger": {
        "wood_present": true,
        "fire_present": true
      },
      "mechanism": "목과 화의 조화는 개인 능력을 극대화.",
      "interpretation": "목과 화가 조화를 이루면 개인 능력이 발휘됨.",
      "action": "목과 화를 활용해 개인 능력을 개발.",
      "cautions": [
        "목과 화의 균형이 중요함.",
        "과도한 화는 목을 약화시킬 수 있음."
      ],
      "tags": [
        "목",
        "화",
        "개인능력",
        "조화",
        "개발"
      ]
    }
  ],
  "notes": [],
  "schema_version": "rulecards.v1",
  "module_code": "SajuOS_STRU_147",
  "updated_at": "2025-12-23T20:27:24"
}