{
  "title": "SajuOS_Logic_STRU_M_144",
  "rulecards": [
    {
      "id": "RC-f462f5300f",
      "topic": "ELEMENTS",
      "priority": 9,
      "trigger": {
        "month": "미월",
        "element": "토"
      },
      "mechanism": "미월의 토는 에너지를 저장하고 복사열을 방출하는 역할을 한다.",
      "interpretation": "미월의 토는 목과 화의 에너지를 동시에 담고 있다.",
      "action": "미월의 토를 볼 때는 목과 화의 에너지가 어떻게 작용하는지 분석하라.",
      "cautions": [
        "미토는 빛의 에너지를 담지 못한다.",
        "술토와의 차이를 이해해야 한다."
      ],
      "tags": [
        "미월",
        "토",
        "복사열",
        "목",
        "화"
      ]
    },
    {
      "id": "RC-83009b9b7a",
      "topic": "RELATION",
      "priority": 8,
      "trigger": {
        "relation": "인오술"
      },
      "mechanism": "인오술은 빛의 에너지로 작용하며 열이 아닌 빛으로 전환된다.",
      "interpretation": "인오술은 불바다가 아니라 빛의 에너지로 이해해야 한다.",
      "action": "인오술의 작용을 열이 아닌 빛의 관점에서 해석하라.",
      "cautions": [
        "열로만 해석하면 오해할 수 있다."
      ],
      "tags": [
        "인오술",
        "빛",
        "열",
        "삼합",
        "방합"
      ]
    },
    {
      "id": "RC-d65f7078ee",
      "topic": "STRUCTURE",
      "priority": 7,
      "trigger": {
        "month": "미월",
        "element": "경금"
      },
      "mechanism": "미월의 경금은 정화와 감목의 도움으로 완성된다.",
      "interpretation": "경금은 정화로 재련되고 감목으로 지속성을 얻는다.",
      "action": "미월의 경금은 정화와 감목의 유무를 확인하라.",
      "cautions": [
        "정화가 없으면 경금의 완성이 어렵다.",
        "감목이 없으면 지속성이 부족하다."
      ],
      "tags": [
        "미월",
        "경금",
        "정화",
        "감목",
        "재련"
      ]
    },
    {
      "id": "RC-b250b02612",
      "topic": "TIMING",
      "priority": 6,
      "trigger": {
        "month": "미월",
        "element": "경금",
        "year": "수운"
      },
      "mechanism": "수운은 경금의 정화 작용을 방해할 수 있다.",
      "interpretation": "수운이 오면 경금의 완성이 지연될 가능성이 있다.",
      "action": "수운이 올 때는 경금의 정화 작용을 보완할 방법을 찾아라.",
      "cautions": [
        "수운은 정화의 작용을 약화시킬 수 있다."
      ],
      "tags": [
        "미월",
        "경금",
        "수운",
        "정화",
        "방해"
      ]
    },
    {
      "id": "RC-c49f7f492e",
      "topic": "STRUCTURE",
      "priority": 8,
      "trigger": {
        "month": "미월",
        "element": "경금",
        "support": "정화"
      },
      "mechanism": "정화는 경금을 재련하여 사회적 역할을 부여한다.",
      "interpretation": "정화는 경금에게 목표와 동기를 제공한다.",
      "action": "정화가 있는지 확인하고 경금의 사회적 역할을 분석하라.",
      "cautions": [
        "정화가 없으면 경금의 사회적 역할이 약화될 수 있다."
      ],
      "tags": [
        "미월",
        "경금",
        "정화",
        "재련",
        "목표"
      ]
    },
    {
      "id": "RC-37c9afdb30",
      "topic": "STRUCTURE",
      "priority": 7,
      "trigger": {
        "month": "미월",
        "element": "경금",
        "support": "감목"
      },
      "mechanism": "감목은 경금의 지속성과 완성도를 높인다.",
      "interpretation": "감목은 경금이 끝까지 완성될 수 있도록 돕는다.",
      "action": "감목의 유무를 확인하고 경금의 완성도를 평가하라.",
      "cautions": [
        "감목이 없으면 경금의 지속성이 약화될 수 있다."
      ],
      "tags": [
        "미월",
        "경금",
        "감목",
        "완성",
        "지속성"
      ]
    },
    {
      "id": "RC-e6beba68e1",
      "topic": "STRUCTURE",
      "priority": 6,
      "trigger": {
        "month": "미월",
        "element": "경금",
        "support": "임수"
      },
      "mechanism": "임수는 경금의 식신 작용을 활성화한다.",
      "interpretation": "임수는 경금의 업무 능력을 강화한다.",
      "action": "임수가 있는지 확인하고 경금의 업무 능력을 분석하라.",
      "cautions": [
        "임수가 없으면 경금의 식신 작용이 약화될 수 있다."
      ],
      "tags": [
        "미월",
        "경금",
        "임수",
        "식신",
        "업무능력"
      ]
    },
    {
      "id": "RC-52319bc222",
      "topic": "STRUCTURE",
      "priority": 5,
      "trigger": {
        "month": "미월",
        "element": "경금",
        "support": "개수"
      },
      "mechanism": "개수는 경금의 조화를 방해할 수 있다.",
      "interpretation": "개수는 경금의 안정성을 저해할 가능성이 있다.",
      "action": "개수가 있을 경우 경금의 안정성을 보완하라.",
      "cautions": [
        "개수는 경금의 조화를 깨뜨릴 수 있다."
      ],
      "tags": [
        "미월",
        "경금",
        "개수",
        "조화",
        "안정성"
      ]
    },
    {
      "id": "RC-a9d412799b",
      "topic": "STRUCTURE",
      "priority": 7,
      "trigger": {
        "month": "미월",
        "element": "경금",
        "support": "정화",
        "support2": "감목"
      },
      "mechanism": "정화와 감목의 조합은 경금의 완성과 지속성을 동시에 보장한다.",
      "interpretation": "정화와 감목이 함께 있으면 경금이 완벽히 작용한다.",
      "action": "정화와 감목의 조합 여부를 확인하라.",
      "cautions": [
        "둘 중 하나라도 없으면 경금의 작용이 약화될 수 있다."
      ],
      "tags": [
        "미월",
        "경금",
        "정화",
        "감목",
        "완성"
      ]
    },
    {
      "id": "RC-f4fdeecf85",
      "topic": "STRUCTURE",
      "priority": 6,
      "trigger": {
        "month": "미월",
        "element": "경금",
        "support": "임수",
        "support2": "감목"
      },
      "mechanism": "임수와 감목의 조합은 경금의 식신 작용을 안정화한다.",
      "interpretation": "임수와 감목이 함께 있으면 경금의 업무 능력이 극대화된다.",
      "action": "임수와 감목의 조합 여부를 확인하라.",
      "cautions": [
        "둘 중 하나라도 없으면 경금의 식신 작용이 약화될 수 있다."
      ],
      "tags": [
        "미월",
        "경금",
        "임수",
        "감목",
        "식신"
      ]
    },
    {
      "id": "RC-a41b8d6fcb",
      "topic": "STRUCTURE",
      "priority": 9,
      "trigger": {
        "month": "미월",
        "day": "경자"
      },
      "mechanism": "미월의 경자는 소심하고 자기 표현을 억제하며 주변 상황에 맞추려는 경향이 있다.",
      "interpretation": "자기 스타일대로 소화하고 발현하는 능력이 강하다.",
      "action": "자신의 고유한 스타일을 인정하고 활용하라.",
      "cautions": [
        "자기 표현 부족으로 기회를 놓칠 수 있음"
      ],
      "tags": [
        "미월",
        "경자",
        "소심",
        "자기표현",
        "스타일"
      ]
    },
    {
      "id": "RC-eaf24096d7",
      "topic": "TEN_GODS",
      "priority": 8,
      "trigger": {
        "ten_god": "식상",
        "note": "식상이 강한 경우"
      },
      "mechanism": "식상은 개인의 고유한 성격과 스타일을 나타낸다.",
      "interpretation": "식상이 강하면 군중심리에 휩쓸리지 않고 독립적인 판단을 한다.",
      "action": "자신의 독립적인 판단력을 신뢰하라.",
      "cautions": [
        "과도한 독립성으로 협업에 어려움이 있을 수 있음"
      ],
      "tags": [
        "식상",
        "독립성",
        "판단력",
        "군중심리",
        "개인성"
      ]
    },
    {
      "id": "RC-6ffcb80591",
      "topic": "STRUCTURE",
      "priority": 7,
      "trigger": {
        "month": "미월",
        "day": "경자",
        "heavenly_stem": [
          "임수",
          "정화"
        ]
      },
      "mechanism": "임수나 정화가 청간에 있으면 상관을 활용할 수 있다.",
      "interpretation": "임수는 개인 능력 개발에, 정화는 사회적 조건에 맞추는 데 유리하다.",
      "action": "임수와 정화를 활용해 자신의 강점을 극대화하라.",
      "cautions": [
        "정화만 있을 경우 학업이나 목표 달성에 어려움이 있을 수 있음"
      ],
      "tags": [
        "미월",
        "경자",
        "임수",
        "정화",
        "상관"
      ]
    },
    {
      "id": "RC-a361d15345",
      "topic": "CAREER",
      "priority": 8,
      "trigger": {
        "month": "미월",
        "day": "경자",
        "heavenly_stem": "임수"
      },
      "mechanism": "임수는 데이터, IT, 개발 등 현대적 분야와 연결된다.",
      "interpretation": "임수를 활용하면 천재적 개발자로 성장할 가능성이 높다.",
      "action": "데이터나 IT 관련 기술을 배우고 활용하라.",
      "cautions": [
        "사회적 조건보다는 개인적 성취에 집중할 가능성이 있음"
      ],
      "tags": [
        "임수",
        "IT",
        "개발",
        "현대적",
        "천재성"
      ]
    },
    {
      "id": "RC-1fa71055c3",
      "topic": "STRUCTURE",
      "priority": 9,
      "trigger": {
        "month": "미월",
        "day": "경자",
        "wood": "간목"
      },
      "mechanism": "간목은 경금의 외부 자극을 활성화시킨다.",
      "interpretation": "간목이 있으면 학업과 목표 달성에 유리하다.",
      "action": "간목의 영향을 받는 환경이나 사람과 교류하라.",
      "cautions": [
        "간목이 없으면 학업 중단 가능성이 높음"
      ],
      "tags": [
        "간목",
        "경금",
        "학업",
        "목표",
        "외부자극"
      ]
    },
    {
      "id": "RC-47d2c8cf05",
      "topic": "EXAM",
      "priority": 7,
      "trigger": {
        "month": "미월",
        "day": "경자",
        "ten_god": "비겁"
      },
      "mechanism": "비겁은 인성을 소화하는 데 도움을 준다.",
      "interpretation": "비겁이 있으면 학습 속도가 빠르고 효율적이다.",
      "action": "비겁이 강한 시기를 활용해 학습 계획을 세워라.",
      "cautions": [
        "비겁이 없으면 인성에 의존하게 될 수 있음"
      ],
      "tags": [
        "비겁",
        "인성",
        "학습",
        "속도",
        "효율성"
      ]
    },
    {
      "id": "RC-610bb13f2f",
      "topic": "CAREER",
      "priority": 8,
      "trigger": {
        "month": "미월",
        "day": "경자",
        "heavenly_stem": "정화"
      },
      "mechanism": "정화는 관과 연결되어 사회적 위치를 높이는 데 기여한다.",
      "interpretation": "정화를 활용하면 승진과 사회적 성공 가능성이 높다.",
      "action": "정화를 활용해 사회적 네트워크를 확장하라.",
      "cautions": [
        "정화만 있을 경우 갈등이 생길 수 있음"
      ],
      "tags": [
        "정화",
        "관",
        "승진",
        "사회적성공",
        "네트워크"
      ]
    },
    {
      "id": "RC-ab5305e65c",
      "topic": "RELATION",
      "priority": 6,
      "trigger": {
        "month": "미월",
        "day": "경자",
        "wood": "간목"
      },
      "mechanism": "간목은 경금의 방향성을 잡아준다.",
      "interpretation": "간목이 있으면 인생의 방향성이 명확해진다.",
      "action": "간목이 있는 사람과의 관계를 강화하라.",
      "cautions": [
        "간목이 없으면 인생의 방향성을 잃을 수 있음"
      ],
      "tags": [
        "간목",
        "경금",
        "방향성",
        "관계",
        "목"
      ]
    },
    {
      "id": "RC-c6b78a66d2",
      "topic": "EXAM",
      "priority": 7,
      "trigger": {
        "month": "미월",
        "day": "경자",
        "ten_god": "식신"
      },
      "mechanism": "식신은 학습 내용을 자기 방식으로 표현하게 한다.",
      "interpretation": "식신이 강하면 학습 효율이 높고 창의적이다.",
      "action": "식신의 영향을 활용해 창의적인 학습 방법을 개발하라.",
      "cautions": [
        "식신이 약하면 학습 동기가 부족할 수 있음"
      ],
      "tags": [
        "식신",
        "학습",
        "창의성",
        "효율성",
        "자기표현"
      ]
    },
    {
      "id": "RC-f43b3b7f73",
      "topic": "CAREER",
      "priority": 8,
      "trigger": {
        "month": "미월",
        "day": "경자",
        "heavenly_stem": "임수"
      },
      "mechanism": "임수는 프리랜서적 성향과 현대적 직업군에 적합하다.",
      "interpretation": "임수를 활용하면 유연한 직업 선택이 가능하다.",
      "action": "프리랜서나 현대적 직업군을 탐색하라.",
      "cautions": [
        "사회적 안정성이 낮을 수 있음"
      ],
      "tags": [
        "임수",
        "프리랜서",
        "현대적",
        "직업",
        "유연성"
      ]
    }
  ],
  "notes": [
    "텍스트가 매우 길고 복잡하여 일부 내용은 요약 및 구조화 과정에서 생략되었음."
  ],
  "schema_version": "rulecards.v1",
  "module_code": "SajuOS_STRU_144",
  "updated_at": "2025-12-23T20:27:24"
}