{
  "title": "SajuOS_Logic_STRU_M_161",
  "rulecards": [
    {
      "id": "RC-c218527e2f",
      "topic": "RELATION",
      "priority": 9,
      "trigger": {
        "condition": "편관이 월지와 일지에 중첩됨"
      },
      "mechanism": "편관은 외부의 압박과 어려움을 상징하며, 중첩될 경우 그 영향이 강해짐.",
      "interpretation": "초년의 어려움과 고생이 예상되며, 외부 환경과의 갈등이 심화될 가능성이 있음.",
      "action": "편관의 압박을 인정하고 받아들이는 태도를 가지며, 이를 통해 성장의 기회로 삼아야 함.",
      "cautions": [
        "편관의 영향으로 스스로를 과도하게 희생하거나 고립되지 않도록 주의"
      ],
      "tags": [
        "편관",
        "월지",
        "일지",
        "초년고생",
        "외부압박"
      ]
    },
    {
      "id": "RC-3eea05169c",
      "topic": "ELEMENTS",
      "priority": 8,
      "trigger": {
        "element": "화",
        "presence": false
      },
      "mechanism": "화는 살인상생의 역할을 하며, 어려운 조건을 타협하고 수용하는 데 도움을 줌.",
      "interpretation": "화가 없을 경우, 어려운 환경을 극복하는 데 시간이 더 걸릴 수 있음.",
      "action": "운에서 화가 들어오는 시기를 활용하여 어려움을 극복할 방안을 모색해야 함.",
      "cautions": [
        "화가 없을 경우, 타협과 수용의 과정이 지연될 수 있음"
      ],
      "tags": [
        "화",
        "살인상생",
        "타협",
        "수용",
        "환경극복"
      ]
    },
    {
      "id": "RC-88e76a2287",
      "topic": "STRUCTURE",
      "priority": 7,
      "trigger": {
        "structure": "재생살"
      },
      "mechanism": "재생살은 주어진 환경에 순응하며, 어려운 조건에서도 생존 가능성을 높임.",
      "interpretation": "재생살 구조는 어려운 환경에서도 생존하고 직업을 유지할 수 있는 힘을 제공함.",
      "action": "주어진 환경에 순응하며, 맡은 역할을 성실히 수행해야 함.",
      "cautions": [
        "재생살 구조는 선택권이 제한될 수 있음"
      ],
      "tags": [
        "재생살",
        "환경순응",
        "생존",
        "직업유지",
        "역할수행"
      ]
    },
    {
      "id": "RC-9756f293a4",
      "topic": "STRUCTURE",
      "priority": 8,
      "trigger": {
        "structure": "극설교과"
      },
      "mechanism": "극설교과는 지나친 극과 설로 인해 신체적, 정신적 어려움을 초래할 수 있음.",
      "interpretation": "극설교과는 질병, 사고 등 생명과 관련된 문제를 유발할 가능성이 있음.",
      "action": "극설교과를 완화하기 위해 균형 잡힌 환경을 조성해야 함.",
      "cautions": [
        "극설교과는 신체적, 정신적 건강에 부정적인 영향을 미칠 수 있음"
      ],
      "tags": [
        "극설교과",
        "질병",
        "사고",
        "균형",
        "건강"
      ]
    },
    {
      "id": "RC-3b279df24c",
      "topic": "RELATION",
      "priority": 6,
      "trigger": {
        "relation": "재생살",
        "emotion": "거부"
      },
      "mechanism": "재생살 구조에서 거부감이 강할 경우, 환경에 적응하지 못하고 갈등이 발생함.",
      "interpretation": "환경에 대한 거부는 생존과 직업 유지에 부정적인 영향을 미침.",
      "action": "환경에 대한 거부감을 줄이고, 순응하는 태도를 기를 필요가 있음.",
      "cautions": [
        "거부감이 강할 경우, 사회적 역할 수행이 어려워질 수 있음"
      ],
      "tags": [
        "재생살",
        "환경거부",
        "순응",
        "사회적역할",
        "갈등"
      ]
    },
    {
      "id": "RC-964ca57345",
      "topic": "STRUCTURE",
      "priority": 7,
      "trigger": {
        "structure": "관인상생"
      },
      "mechanism": "관인상생은 주어진 사회적 역할을 충실히 수행하며, 법과 제도를 잘 따르는 구조임.",
      "interpretation": "관인상생 구조는 사회적 안정과 신뢰를 얻는 데 유리함.",
      "action": "법과 제도를 준수하며, 맡은 역할을 성실히 수행해야 함.",
      "cautions": [
        "관인상생 구조는 융통성이 부족할 수 있음"
      ],
      "tags": [
        "관인상생",
        "사회적역할",
        "법준수",
        "안정",
        "신뢰"
      ]
    },
    {
      "id": "RC-fa7989c686",
      "topic": "ELEMENTS",
      "priority": 8,
      "trigger": {
        "element": "목",
        "presence": true
      },
      "mechanism": "목은 수의 흐름을 유지하고, 토의 과도한 억제를 완화함.",
      "interpretation": "목이 발달하면 환경의 흐름을 조화롭게 유지할 수 있음.",
      "action": "목의 에너지를 활용하여 환경과의 조화를 이루도록 노력해야 함.",
      "cautions": [
        "목이 부족할 경우, 환경의 흐름이 막힐 수 있음"
      ],
      "tags": [
        "목",
        "수의흐름",
        "조화",
        "환경유지",
        "완화"
      ]
    },
    {
      "id": "RC-3902367882",
      "topic": "TIMING",
      "priority": 7,
      "trigger": {
        "timing": "병화운"
      },
      "mechanism": "병화운은 수색목의 속도를 높여 사회적 진출을 가속화함.",
      "interpretation": "병화운이 들어오면 사회적 성공과 안정이 빨라질 가능성이 높음.",
      "action": "병화운을 활용하여 사회적 기회를 적극적으로 탐색해야 함.",
      "cautions": [
        "병화운이 없을 경우, 사회적 진출이 지연될 수 있음"
      ],
      "tags": [
        "병화운",
        "사회적진출",
        "속도",
        "성공",
        "안정"
      ]
    },
    {
      "id": "RC-1ad6cb8671",
      "topic": "STRUCTURE",
      "priority": 6,
      "trigger": {
        "structure": "상관패인"
      },
      "mechanism": "상관패인은 상관의 부정적 영향을 인성으로 조절하여 관에 맞추는 구조임.",
      "interpretation": "상관패인은 사회적 역할 수행과 직업 안정에 긍정적인 영향을 미침.",
      "action": "상관패인을 활용하여 관에 맞는 태도를 유지해야 함.",
      "cautions": [
        "상관패인이 없을 경우, 사회적 역할 수행이 어려워질 수 있음"
      ],
      "tags": [
        "상관패인",
        "사회적역할",
        "직업안정",
        "조절",
        "태도"
      ]
    },
    {
      "id": "RC-816f0f9ba1",
      "topic": "ELEMENTS",
      "priority": 7,
      "trigger": {
        "element": "기토",
        "presence": true
      },
      "mechanism": "기토는 목을 품어 생산적이고 실무적인 에너지를 발휘함.",
      "interpretation": "기토는 실무적이고 생산적인 역할을 수행하는 데 유리함.",
      "action": "기토의 에너지를 활용하여 실무적 성과를 높여야 함.",
      "cautions": [
        "기토가 과도할 경우, 갈등이 발생할 수 있음"
      ],
      "tags": [
        "기토",
        "목",
        "생산성",
        "실무",
        "갈등"
      ]
    },
    {
      "topic": "STRUCTURE",
      "priority": 9,
      "trigger": {
        "day_pillar": "기해"
      },
      "mechanism": "기해일주는 안정적인 삶의 구조를 형성하기 쉬움.",
      "interpretation": "삶이 비교적 안정적이고 균형 잡힌 형태를 가짐.",
      "action": "기해일주의 안정성을 활용하여 장기적인 계획을 세울 것.",
      "cautions": [
        "다른 요소와의 조합에 따라 안정성이 변할 수 있음."
      ],
      "tags": [
        "기해일주",
        "안정성",
        "삶의구조",
        "장기계획",
        "균형"
      ],
      "id": "RC-c73bf00d34"
    },
    {
      "topic": "RELATION",
      "priority": 8,
      "trigger": {
        "note": "관인 상생 구조가 형성된 경우"
      },
      "mechanism": "관인 상생은 사회적 관계와 조화를 이루는 데 유리함.",
      "interpretation": "사회나 직장에서 필요한 인물로 평가받음.",
      "action": "관인 상생의 장점을 활용하여 사회적 역할을 강화할 것.",
      "cautions": [
        "관인 상생이 강할 경우, 부모나 환경의 영향을 과도하게 받을 수 있음."
      ],
      "tags": [
        "관인상생",
        "사회적조화",
        "필요한인물",
        "직장",
        "가정"
      ],
      "id": "RC-1db28a49c8"
    },
    {
      "topic": "LOVE",
      "priority": 7,
      "trigger": {
        "note": "관인 상생 구조가 강한 경우"
      },
      "mechanism": "관인 상생은 애교와 조화로운 관계를 형성하는 데 도움을 줌.",
      "interpretation": "애교가 많고, 관계를 부드럽게 만드는 성향이 있음.",
      "action": "관계에서 애교와 유연성을 활용하여 갈등을 줄일 것.",
      "cautions": [
        "나이가 들수록 애교 표현이 줄어들 수 있음."
      ],
      "tags": [
        "관인상생",
        "애교",
        "조화",
        "관계",
        "갈등해소"
      ],
      "id": "RC-c35f5443e5"
    },
    {
      "topic": "CAREER",
      "priority": 8,
      "trigger": {
        "structure": "정관격"
      },
      "mechanism": "정관격은 직업 중심의 사고를 유도함.",
      "interpretation": "직업 선택 시 타이틀과 안정성을 중시함.",
      "action": "직업 선택 시 명확한 목표와 타이틀을 고려할 것.",
      "cautions": [
        "정관격이 강할 경우, 직업 선택의 폭이 좁아질 수 있음."
      ],
      "tags": [
        "정관격",
        "직업",
        "타이틀",
        "목표",
        "안정성"
      ],
      "id": "RC-471b82f036"
    },
    {
      "topic": "CAREER",
      "priority": 7,
      "trigger": {
        "structure": "정인격"
      },
      "mechanism": "정인격은 포괄적인 직업 선택 가능성을 제공함.",
      "interpretation": "직업 선택의 범위가 넓고, 다양한 가능성을 탐색함.",
      "action": "다양한 직업 옵션을 탐색하고, 적합한 분야를 찾을 것.",
      "cautions": [
        "직업 선택이 늦어질 수 있음."
      ],
      "tags": [
        "정인격",
        "직업",
        "포괄성",
        "다양성",
        "탐색"
      ],
      "id": "RC-995d650fa5"
    },
    {
      "topic": "CAREER",
      "priority": 9,
      "trigger": {
        "note": "상관 경관 구조가 형성된 경우"
      },
      "mechanism": "상관 경관은 기존 시스템을 견제하고 혁신하는 성향을 가짐.",
      "interpretation": "언론, 변호사, 정치적 활동 등 기존 시스템을 감시하거나 변화시키는 직업에 적합.",
      "action": "상관 경관의 특성을 활용하여 혁신적이고 비판적인 직업을 선택할 것.",
      "cautions": [
        "재성이 강하면 상관 경관의 성향이 약화될 수 있음."
      ],
      "tags": [
        "상관경관",
        "혁신",
        "언론",
        "변호사",
        "정치"
      ],
      "id": "RC-bf20d5db47"
    },
    {
      "topic": "RELATION",
      "priority": 6,
      "trigger": {
        "note": "원진 구조가 형성된 경우"
      },
      "mechanism": "원진은 갈등과 감정적 충돌을 유발할 수 있음.",
      "interpretation": "부모나 가까운 사람과의 갈등이 자주 발생할 가능성이 있음.",
      "action": "조습의 균형을 맞추고, 감정 해소를 위해 노력할 것.",
      "cautions": [
        "조습이 부족하면 갈등이 오래 지속될 수 있음."
      ],
      "tags": [
        "원진",
        "갈등",
        "감정",
        "조습",
        "해소"
      ],
      "id": "RC-e8d2dafd9c"
    },
    {
      "topic": "CAREER",
      "priority": 8,
      "trigger": {
        "note": "식신과 정관이 원진 관계에 있는 경우"
      },
      "mechanism": "식신과 정관의 갈등은 직업적 방향성에서 충돌을 유발함.",
      "interpretation": "직업 선택에서 갈등이 발생하거나, 부모와의 의견 차이가 클 수 있음.",
      "action": "조습의 균형을 맞추고, 직업 선택 시 신중히 고려할 것.",
      "cautions": [
        "갈등이 해결되지 않으면 직업적 안정성이 떨어질 수 있음."
      ],
      "tags": [
        "식신",
        "정관",
        "원진",
        "직업갈등",
        "조습"
      ],
      "id": "RC-6571ea7c96"
    },
    {
      "topic": "GENERAL",
      "priority": 7,
      "trigger": {
        "note": "조습의 균형이 맞지 않는 경우"
      },
      "mechanism": "조습 불균형은 감정적 상처와 갈등을 오래 지속시킴.",
      "interpretation": "감정적 해소가 어려워지고, 관계에서 문제가 발생할 가능성이 높음.",
      "action": "조습의 균형을 맞추기 위해 환경을 조정하거나, 감정 해소 방법을 찾을 것.",
      "cautions": [
        "조습 불균형이 지속되면 관계가 악화될 수 있음."
      ],
      "tags": [
        "조습",
        "감정",
        "균형",
        "갈등",
        "해소"
      ],
      "id": "RC-feec73d97a"
    },
    {
      "topic": "CAREER",
      "priority": 7,
      "trigger": {
        "note": "식신이 강하고 사회적 조건이 좋은 경우"
      },
      "mechanism": "식신은 개인의 창의성과 독립성을 강조함.",
      "interpretation": "사회적 요구와 별개로 자신만의 길을 추구하려는 경향이 강함.",
      "action": "자신의 창의성을 발휘할 수 있는 직업을 선택할 것.",
      "cautions": [
        "사회적 요구와 개인적 목표 간의 갈등이 발생할 수 있음."
      ],
      "tags": [
        "식신",
        "창의성",
        "독립성",
        "사회적조건",
        "직업"
      ],
      "id": "RC-55a2828acd"
    }
  ],
  "notes": [],
  "schema_version": "rulecards.v1",
  "module_code": "SajuOS_STRU_161",
  "updated_at": "2025-12-23T20:27:24"
}