{
  "title": "SajuOS_Logic_STRU_M_121",
  "rulecards": [
    {
      "id": "RC-70f7d766e1",
      "topic": "STRUCTURE",
      "priority": 9,
      "trigger": {
        "month": "4월",
        "day_master": "신금"
      },
      "mechanism": "4월의 신금은 외부의 자극을 통해 정관적 에너지를 드러내는 구조를 가짐.",
      "interpretation": "남들이 자신을 어떻게 평가하는지에 민감하며, 외부의 시선을 의식함.",
      "action": "칭찬과 격려를 통해 동기를 부여하고, 긍정적인 자극을 제공할 것.",
      "cautions": [
        "비판이나 부정적인 피드백은 동기를 상실하게 할 수 있음."
      ],
      "tags": [
        "신금",
        "4월",
        "정관",
        "외부자극",
        "칭찬"
      ]
    },
    {
      "id": "RC-b7db74faf4",
      "topic": "CAREER",
      "priority": 8,
      "trigger": {
        "month": "4월",
        "day_master": "신금",
        "element": "임수"
      },
      "mechanism": "임수가 상관경관적 코드를 활성화하여 직업적 결을 형성.",
      "interpretation": "수정, 검토, 감독 등 상관경관적 직업에 적합.",
      "action": "임수를 활용해 직업적 능력을 발휘할 수 있는 환경을 조성.",
      "cautions": [
        "임수가 없으면 직업적 방향성이 약해질 수 있음."
      ],
      "tags": [
        "신금",
        "4월",
        "임수",
        "상관경관",
        "직업"
      ]
    },
    {
      "id": "RC-3b859dd746",
      "topic": "GENERAL",
      "priority": 7,
      "trigger": {
        "note": "4월의 신금은 양 중의 극양인 4화의 영향을 받음."
      },
      "mechanism": "4화는 양의 에너지가 극대화된 상태로, 신금의 외부적 드러냄을 강화.",
      "interpretation": "자신의 모습을 외부에 강하게 드러내고자 하는 성향.",
      "action": "자신의 강점을 외부에 효과적으로 표현할 방법을 찾을 것.",
      "cautions": [
        "과도한 외부 의식은 스트레스를 유발할 수 있음."
      ],
      "tags": [
        "신금",
        "4월",
        "4화",
        "양기",
        "외부표현"
      ]
    },
    {
      "id": "RC-8276d92a7e",
      "topic": "RELATION",
      "priority": 6,
      "trigger": {
        "month": "4월",
        "day_master": "신금",
        "element": "임수"
      },
      "mechanism": "임수가 신금의 상관경관적 긴장감을 완화하고 조화롭게 만듦.",
      "interpretation": "사회적 관계에서 조화와 안정성을 유지할 수 있음.",
      "action": "임수를 통해 관계를 조율하고 긴장감을 완화할 것.",
      "cautions": [
        "임수가 없으면 관계에서 불안정성이 나타날 수 있음."
      ],
      "tags": [
        "신금",
        "4월",
        "임수",
        "상관경관",
        "관계"
      ]
    },
    {
      "id": "RC-793761ee06",
      "topic": "CAREER",
      "priority": 7,
      "trigger": {
        "month": "4월",
        "day_master": "신금",
        "element": "병화"
      },
      "mechanism": "병화가 재생관을 통해 직업적 안정성을 강화.",
      "interpretation": "병화가 투관되면 직업적 성공 가능성이 높아짐.",
      "action": "병화를 활용해 직업적 목표를 명확히 설정할 것.",
      "cautions": [
        "병화가 없으면 직업적 만족도가 낮아질 수 있음."
      ],
      "tags": [
        "신금",
        "4월",
        "병화",
        "재생관",
        "직업"
      ]
    },
    {
      "id": "RC-a7c81deec1",
      "topic": "LOVE",
      "priority": 6,
      "trigger": {
        "month": "4월",
        "day_master": "신금",
        "element": "임수"
      },
      "mechanism": "임수가 신금의 정관적 에너지를 활성화하여 관계에서 안정감을 제공.",
      "interpretation": "파트너와의 관계에서 신뢰와 조화를 중시.",
      "action": "파트너와의 관계에서 신뢰를 기반으로 한 소통을 강화.",
      "cautions": [
        "임수가 없으면 관계에서 불안정성이 나타날 수 있음."
      ],
      "tags": [
        "신금",
        "4월",
        "임수",
        "정관",
        "관계"
      ]
    },
    {
      "id": "RC-7bb9af075d",
      "topic": "STRUCTURE",
      "priority": 8,
      "trigger": {
        "month": "4월",
        "day_master": "신금",
        "element": "갑목"
      },
      "mechanism": "갑목이 신금의 상관적 에너지를 활성화하여 창의성을 발휘.",
      "interpretation": "창의적이고 독창적인 아이디어를 통해 문제를 해결.",
      "action": "갑목의 에너지를 활용해 창의적 프로젝트에 도전.",
      "cautions": [
        "갑목이 없으면 창의적 에너지가 제한될 수 있음."
      ],
      "tags": [
        "신금",
        "4월",
        "갑목",
        "창의성",
        "상관"
      ]
    },
    {
      "id": "RC-9c0e98a9bb",
      "topic": "TIMING",
      "priority": 7,
      "trigger": {
        "year": "임수",
        "month": "4월",
        "day_master": "신금"
      },
      "mechanism": "임수의 대운이 신금의 상관경관적 에너지를 활성화.",
      "interpretation": "임수 대운에서 직업적 성취 가능성이 높아짐.",
      "action": "임수 대운 동안 적극적으로 직업적 기회를 탐색.",
      "cautions": [
        "임수 대운이 지나면 에너지가 약화될 수 있음."
      ],
      "tags": [
        "신금",
        "4월",
        "임수",
        "대운",
        "직업"
      ]
    },
    {
      "id": "RC-2ef40a2a20",
      "topic": "GENERAL",
      "priority": 5,
      "trigger": {
        "note": "4월의 신금은 외부 자극에 민감하게 반응."
      },
      "mechanism": "외부 자극이 신금의 행동과 선택에 큰 영향을 미침.",
      "interpretation": "외부 환경에 따라 행동과 선택이 달라질 수 있음.",
      "action": "외부 자극을 긍정적으로 활용할 방법을 모색.",
      "cautions": [
        "부정적인 자극에 민감하게 반응할 수 있음."
      ],
      "tags": [
        "신금",
        "4월",
        "외부자극",
        "민감성",
        "행동"
      ]
    },
    {
      "id": "RC-c6fcb3c1f1",
      "topic": "CAREER",
      "priority": 6,
      "trigger": {
        "month": "4월",
        "day_master": "신금",
        "element": "임수",
        "element2": "병화"
      },
      "mechanism": "임수와 병화가 조화를 이루어 직업적 안정성과 성취를 강화.",
      "interpretation": "임수와 병화가 함께 있을 때 직업적 성공 가능성이 높아짐.",
      "action": "임수와 병화를 활용해 직업적 목표를 달성.",
      "cautions": [
        "임수와 병화가 없으면 직업적 방향성이 약해질 수 있음."
      ],
      "tags": [
        "신금",
        "4월",
        "임수",
        "병화",
        "직업"
      ]
    },
    {
      "id": "RC-f4da6ef272",
      "topic": "STRUCTURE",
      "priority": 9,
      "trigger": {
        "month": "4월",
        "day_master": "신금",
        "presence_of_water": false
      },
      "mechanism": "4월의 신금은 수(水)가 없으면 꾸준함이 부족하고 재능형으로 작용함.",
      "interpretation": "꾸준함이 부족하여 재능은 있지만 지속적인 성과를 내기 어려움.",
      "action": "임수와 같은 수(水)를 보완하여 꾸준함을 유지하도록 노력할 것.",
      "cautions": [
        "수(水)가 없으면 단기적인 성과에 그칠 수 있음."
      ],
      "tags": [
        "신금",
        "4월",
        "꾸준함",
        "재능형",
        "임수"
      ]
    },
    {
      "id": "RC-d0654ab9e9",
      "topic": "LOVE",
      "priority": 8,
      "trigger": {
        "focus": "관",
        "structure": "관인 중심"
      },
      "mechanism": "관인 중심 구조는 자신을 좋아하는 사람과의 인연을 중시함.",
      "interpretation": "자신을 좋아하는 사람과의 관계에서 안정감을 느끼고 결혼 가능성이 높음.",
      "action": "자신을 좋아하는 사람과의 관계를 긍정적으로 받아들일 것.",
      "cautions": [
        "자신이 좋아하는 사람과의 관계를 지나치게 배제하지 말 것."
      ],
      "tags": [
        "관",
        "관인",
        "결혼",
        "인연",
        "사랑"
      ]
    },
    {
      "id": "RC-125c5982f0",
      "topic": "CAREER",
      "priority": 7,
      "trigger": {
        "month": "4월",
        "day_master": "신금",
        "presence_of_water": true
      },
      "mechanism": "임수가 있으면 신금의 꾸준함과 직업적 안정성이 강화됨.",
      "interpretation": "꾸준히 노력하여 직업적 성과를 낼 가능성이 높아짐.",
      "action": "임수와 같은 수(水)를 활용하여 직업적 목표를 설정하고 지속적으로 노력할 것.",
      "cautions": [
        "임수가 없으면 직업적 안정성이 떨어질 수 있음."
      ],
      "tags": [
        "신금",
        "4월",
        "임수",
        "직업",
        "꾸준함"
      ]
    },
    {
      "id": "RC-41b2d82d89",
      "topic": "LOVE",
      "priority": 7,
      "trigger": {
        "focus": "재",
        "structure": "재 중심"
      },
      "mechanism": "재 중심 구조는 자신이 좋아하는 사람과의 인연을 중시함.",
      "interpretation": "자신이 좋아하는 사람과의 관계에서 만족감을 느끼고 결혼 가능성이 높음.",
      "action": "자신이 좋아하는 사람과의 관계를 적극적으로 추구할 것.",
      "cautions": [
        "상대방의 감정을 무시하지 않도록 주의할 것."
      ],
      "tags": [
        "재",
        "재 중심",
        "결혼",
        "인연",
        "사랑"
      ]
    },
    {
      "id": "RC-bf7fc9ade6",
      "topic": "CAREER",
      "priority": 6,
      "trigger": {
        "day_master": "신금",
        "month": "4월",
        "career_focus": "정관격"
      },
      "mechanism": "정관격은 사회적 조건에 부합하려는 성향이 강함.",
      "interpretation": "사회적 조건에 맞는 직업을 선택할 가능성이 높음.",
      "action": "사회적 조건과 자신의 능력을 고려하여 직업을 선택할 것.",
      "cautions": [
        "자신이 싫어하는 직업이라도 사회적 조건에 맞는 경우가 많음."
      ],
      "tags": [
        "정관격",
        "신금",
        "4월",
        "직업",
        "사회적 조건"
      ]
    },
    {
      "id": "RC-9fe46bd6d9",
      "topic": "LOVE",
      "priority": 6,
      "trigger": {
        "focus": "식상",
        "structure": "식상 중심"
      },
      "mechanism": "식상 중심 구조는 자신이 좋아하는 사람과의 관계를 중시함.",
      "interpretation": "자신이 좋아하는 사람과의 관계에서 행복감을 느끼고 결혼 가능성이 높음.",
      "action": "자신이 좋아하는 사람과의 관계를 적극적으로 발전시킬 것.",
      "cautions": [
        "상대방의 경제적 조건을 지나치게 중시하지 말 것."
      ],
      "tags": [
        "식상",
        "식상 중심",
        "결혼",
        "인연",
        "사랑"
      ]
    },
    {
      "id": "RC-20053061d6",
      "topic": "CAREER",
      "priority": 5,
      "trigger": {
        "day_master": "신금",
        "month": "4월",
        "career_focus": "상관"
      },
      "mechanism": "상관은 대변인 역할과 같은 직업에 적합함.",
      "interpretation": "순발력과 대응 능력을 요구하는 직업에서 두각을 나타낼 가능성이 높음.",
      "action": "상관의 특성을 살려 대변인, 방송, 유통 등 관련 직업을 고려할 것.",
      "cautions": [
        "상관이 없으면 순발력 있는 대응이 어려울 수 있음."
      ],
      "tags": [
        "상관",
        "신금",
        "4월",
        "직업",
        "대변인"
      ]
    },
    {
      "id": "RC-da2f15df1c",
      "topic": "CAREER",
      "priority": 5,
      "trigger": {
        "day_master": "경금",
        "month": "4월",
        "career_focus": "분석"
      },
      "mechanism": "경금은 분석적이고 미래지향적인 직업에 적합함.",
      "interpretation": "분석과 예측을 요구하는 직업에서 성과를 낼 가능성이 높음.",
      "action": "분석적 능력을 활용할 수 있는 직업을 선택할 것.",
      "cautions": [
        "자신을 드러내는 직업은 적합하지 않을 수 있음."
      ],
      "tags": [
        "경금",
        "4월",
        "분석",
        "미래지향",
        "직업"
      ]
    },
    {
      "id": "RC-ee991181d7",
      "topic": "TIMING",
      "priority": 7,
      "trigger": {
        "day_master": "신금",
        "presence_of_water": true,
        "timing": "대운"
      },
      "mechanism": "대운에서 임수가 오면 꾸준함과 성과를 낼 가능성이 높아짐.",
      "interpretation": "대운에서 임수가 오면 새로운 도전을 성공적으로 이끌 가능성이 있음.",
      "action": "대운에서 임수가 올 때 새로운 프로젝트나 도전을 계획할 것.",
      "cautions": [
        "세운에서는 단기적인 성과에 그칠 수 있음."
      ],
      "tags": [
        "대운",
        "임수",
        "신금",
        "꾸준함",
        "성과"
      ]
    },
    {
      "id": "RC-77611ee50e",
      "topic": "GENERAL",
      "priority": 6,
      "trigger": {
        "note": "4월의 신금과 경금의 차이"
      },
      "mechanism": "4월의 신금은 자신을 드러내는 직업에 적합하고, 경금은 분석적 직업에 적합함.",
      "interpretation": "같은 금이라도 월과 구조에 따라 직업적 성향이 달라짐.",
      "action": "자신의 월과 구조에 맞는 직업적 방향성을 설정할 것.",
      "cautions": [
        "자신의 특성을 무시한 직업 선택은 실패로 이어질 수 있음."
      ],
      "tags": [
        "신금",
        "경금",
        "4월",
        "직업",
        "차이"
      ]
    }
  ],
  "notes": [],
  "schema_version": "rulecards.v1",
  "module_code": "SajuOS_STRU_121",
  "updated_at": "2025-12-23T20:27:24"
}