{
  "title": "SajuOS_Logic_STRU_M_160",
  "rulecards": [
    {
      "id": "RC-229102b2cf",
      "topic": "GENERAL",
      "priority": 9,
      "trigger": {
        "note": "지장간의 존재와 역할"
      },
      "mechanism": "지장간은 천간의 정보를 담고 있으며, 통근의 근거를 제공한다.",
      "interpretation": "지장간은 사주 해석에서 중요한 연결고리로 작용한다.",
      "action": "지장간의 구성과 역할을 정확히 파악하여 해석에 반영하라.",
      "cautions": [
        "지장간을 무시하면 해석의 정확도가 떨어질 수 있다."
      ],
      "tags": [
        "지장간",
        "통근",
        "천간",
        "지지",
        "사주해석"
      ]
    },
    {
      "id": "RC-1f045b2d3d",
      "topic": "STRUCTURE",
      "priority": 8,
      "trigger": {
        "note": "생지의 중기와 정기"
      },
      "mechanism": "생지의 중기는 미래적 에너지를 나타내며, 정기는 가장 강한 에너지로 작용한다.",
      "interpretation": "생지는 미래지향적이고 역동적인 특성을 가진다.",
      "action": "생지의 중기와 정기를 활용하여 사주의 흐름을 분석하라.",
      "cautions": [
        "생지의 에너지를 과대평가하지 말 것."
      ],
      "tags": [
        "생지",
        "중기",
        "정기",
        "미래지향",
        "역동성"
      ]
    },
    {
      "id": "RC-65e338865c",
      "topic": "STRUCTURE",
      "priority": 7,
      "trigger": {
        "note": "왕지와 생지의 차이"
      },
      "mechanism": "왕지는 결과 중심적이고 명확한 에너지를 가지며, 생지는 초기 에너지에 집중한다.",
      "interpretation": "왕지는 명확한 결과를, 생지는 초기의 가능성을 나타낸다.",
      "action": "왕지와 생지의 특성을 구분하여 해석에 반영하라.",
      "cautions": [
        "왕지와 생지를 혼동하지 말 것."
      ],
      "tags": [
        "왕지",
        "생지",
        "결과",
        "초기",
        "구분"
      ]
    },
    {
      "id": "RC-e7e75dfb08",
      "topic": "RELATION",
      "priority": 8,
      "trigger": {
        "note": "충의 작용"
      },
      "mechanism": "충은 에너지의 변동과 변화를 나타내며, 결과를 명확히 한다.",
      "interpretation": "충은 변화를 통해 새로운 국면을 열 수 있다.",
      "action": "충의 방향성과 결과를 분석하여 해석에 반영하라.",
      "cautions": [
        "충을 단순히 부정적으로만 해석하지 말 것."
      ],
      "tags": [
        "충",
        "변동",
        "변화",
        "결과",
        "방향성"
      ]
    },
    {
      "id": "RC-ad73f0736e",
      "topic": "ELEMENTS",
      "priority": 7,
      "trigger": {
        "note": "유금의 특징"
      },
      "mechanism": "유금은 내부적으로 작용하며, 섬세하고 꼼꼼한 특성을 가진다.",
      "interpretation": "유금은 결과 중심적이고 디테일을 중시한다.",
      "action": "유금의 특성을 활용하여 세부적인 해석을 강화하라.",
      "cautions": [
        "유금의 섬세함을 과소평가하지 말 것."
      ],
      "tags": [
        "유금",
        "섬세함",
        "결과중심",
        "디테일",
        "내부작용"
      ]
    },
    {
      "id": "RC-8b0d5099b9",
      "topic": "RELATION",
      "priority": 6,
      "trigger": {
        "note": "묘유충의 특징"
      },
      "mechanism": "묘유충은 명확한 결과를 가져오며, 강한 에너지의 충돌을 나타낸다.",
      "interpretation": "묘유충은 강한 변화를 통해 새로운 국면을 연다.",
      "action": "묘유충의 결과를 분석하여 해석에 반영하라.",
      "cautions": [
        "묘유충의 강한 에너지를 신중히 다룰 것."
      ],
      "tags": [
        "묘유충",
        "결과",
        "변화",
        "강한에너지",
        "충돌"
      ]
    },
    {
      "id": "RC-a20d937b46",
      "topic": "TIMING",
      "priority": 7,
      "trigger": {
        "note": "월의 절기 변화"
      },
      "mechanism": "절기의 변화는 월의 에너지와 작용에 영향을 미친다.",
      "interpretation": "절기 변화는 사주의 흐름과 시기를 조정한다.",
      "action": "절기 변화를 정확히 파악하여 해석에 반영하라.",
      "cautions": [
        "절기 변화를 간과하지 말 것."
      ],
      "tags": [
        "절기",
        "월",
        "변화",
        "시기",
        "에너지"
      ]
    },
    {
      "id": "RC-1ee1533cb6",
      "topic": "ELEMENTS",
      "priority": 6,
      "trigger": {
        "note": "습금과 조금의 차이"
      },
      "mechanism": "습금은 유연성을 가지며, 조금은 고유성을 강조한다.",
      "interpretation": "습금은 상황에 따라 유연하게 작용하고, 조금은 강한 고유성을 나타낸다.",
      "action": "습금과 조금의 특성을 구분하여 해석하라.",
      "cautions": [
        "습금과 조금의 작용을 혼동하지 말 것."
      ],
      "tags": [
        "습금",
        "조금",
        "유연성",
        "고유성",
        "구분"
      ]
    },
    {
      "id": "RC-4883aa5cb0",
      "topic": "STRUCTURE",
      "priority": 8,
      "trigger": {
        "note": "월 중심 해석의 중요성"
      },
      "mechanism": "월은 격과 직업적 특성을 나타내는 중요한 기준이다.",
      "interpretation": "월 중심 해석은 사회적 역할과 직업적 방향성을 제시한다.",
      "action": "월의 특성을 중심으로 사주를 분석하라.",
      "cautions": [
        "월 중심 해석에만 의존하지 말 것."
      ],
      "tags": [
        "월",
        "격",
        "직업",
        "사회적역할",
        "해석"
      ]
    },
    {
      "id": "RC-b18fb4b3c7",
      "topic": "RELATION",
      "priority": 7,
      "trigger": {
        "note": "원진의 작용"
      },
      "mechanism": "원진은 감정적 갈등과 조화의 어려움을 나타낸다.",
      "interpretation": "원진은 관계에서의 긴장과 갈등을 의미한다.",
      "action": "원진의 작용을 분석하여 관계 문제를 해결하라.",
      "cautions": [
        "원진을 지나치게 부정적으로만 해석하지 말 것."
      ],
      "tags": [
        "원진",
        "갈등",
        "조화",
        "관계",
        "긴장"
      ]
    },
    {
      "id": "RC-2659f3f054",
      "topic": "ELEMENTS",
      "priority": 9,
      "trigger": {
        "element": "유금",
        "interaction": "사화"
      },
      "mechanism": "사화는 유금의 날카롭고 깔끔한 특성을 드러나게 함.",
      "interpretation": "유금의 특성이 사화에 의해 강조되어 입소문이나 품질 보장이 가능.",
      "action": "유금의 특성을 활용해 신뢰를 구축하고 홍보에 활용.",
      "cautions": [
        "사화가 지나치게 강하면 유금의 균형이 깨질 수 있음."
      ],
      "tags": [
        "유금",
        "사화",
        "날카로움",
        "품질",
        "홍보"
      ]
    },
    {
      "id": "RC-a42d2c4784",
      "topic": "ELEMENTS",
      "priority": 8,
      "trigger": {
        "element": "유금",
        "interaction": "오화"
      },
      "mechanism": "오화는 유금의 고유성을 깨뜨리는 강한 에너지를 가짐.",
      "interpretation": "유금이 오화의 강한 에너지로 인해 균형을 잃고 손상될 가능성이 있음.",
      "action": "오화의 영향을 완화하기 위해 수의 에너지를 보완적으로 활용.",
      "cautions": [
        "오화가 강할 경우 유금의 고유성이 손상될 수 있음."
      ],
      "tags": [
        "유금",
        "오화",
        "균형",
        "손상",
        "수"
      ]
    },
    {
      "id": "RC-dae31252fc",
      "topic": "RELATION",
      "priority": 7,
      "trigger": {
        "element": "유금",
        "interaction": "자수"
      },
      "mechanism": "자수는 유금의 에너지를 보호하고 안정화시킴.",
      "interpretation": "유금이 자수와 함께 있을 때 안정적이고 보호받는 상태를 유지.",
      "action": "유금이 자수와 조화를 이루도록 환경을 조성.",
      "cautions": [],
      "tags": [
        "유금",
        "자수",
        "안정",
        "보호",
        "조화"
      ]
    },
    {
      "id": "RC-20e0b0b562",
      "topic": "TIMING",
      "priority": 8,
      "trigger": {
        "year": "정유년",
        "season": "여름"
      },
      "mechanism": "정유년 여름에는 유금이 강한 화의 에너지로 인해 손상될 가능성이 높음.",
      "interpretation": "이 시기에는 유금의 균형이 깨지고 반복적인 문제 상황이 발생할 수 있음.",
      "action": "여름철에는 유금의 균형을 유지하기 위한 대비책을 마련.",
      "cautions": [
        "반복적인 문제 상황에 대비 필요."
      ],
      "tags": [
        "정유년",
        "여름",
        "유금",
        "균형",
        "문제"
      ]
    },
    {
      "id": "RC-bb9bc3db51",
      "topic": "LOVE",
      "priority": 7,
      "trigger": {
        "element": "유금",
        "interaction": "화"
      },
      "mechanism": "화가 강해지면 유금의 관계가 깨질 가능성이 높아짐.",
      "interpretation": "화의 강한 에너지는 유금의 관계를 불안정하게 만듦.",
      "action": "화의 영향을 완화하고 관계를 안정화시키는 노력이 필요.",
      "cautions": [
        "화의 강한 에너지가 관계에 부정적 영향을 미칠 수 있음."
      ],
      "tags": [
        "유금",
        "화",
        "관계",
        "불안정",
        "사랑"
      ]
    },
    {
      "id": "RC-4070836b15",
      "topic": "STRUCTURE",
      "priority": 6,
      "trigger": {
        "element": "유금",
        "interaction": "진토"
      },
      "mechanism": "진토는 유금의 날카롭고 예리한 특성을 무력화시킴.",
      "interpretation": "유금의 장점이 진토에 의해 가려지고 드러나지 않음.",
      "action": "진토의 영향을 줄이고 유금의 특성을 강조할 방법을 모색.",
      "cautions": [
        "진토가 유금의 능력을 숨길 수 있음."
      ],
      "tags": [
        "유금",
        "진토",
        "무력화",
        "특성",
        "장점"
      ]
    },
    {
      "id": "RC-dbe5b69c61",
      "topic": "ELEMENTS",
      "priority": 7,
      "trigger": {
        "element": "유금",
        "interaction": "술토"
      },
      "mechanism": "술토는 유금의 특성을 담아내고 강화함.",
      "interpretation": "유금이 술토와 함께 있을 때 그 특성이 더욱 뚜렷해짐.",
      "action": "술토와의 조화를 통해 유금의 특성을 극대화.",
      "cautions": [],
      "tags": [
        "유금",
        "술토",
        "강화",
        "조화",
        "특성"
      ]
    },
    {
      "id": "RC-69e485e5bb",
      "topic": "ELEMENTS",
      "priority": 6,
      "trigger": {
        "element": "유금",
        "interaction": "미토"
      },
      "mechanism": "미토는 유금의 에너지를 숙성시키거나 부패시킬 가능성이 있음.",
      "interpretation": "유금이 미토와 함께 있을 때 긍정적이면 숙성, 부정적이면 부패.",
      "action": "미토의 영향을 조절하여 긍정적인 결과를 유도.",
      "cautions": [
        "미토의 온도와 습도에 따라 결과가 달라질 수 있음."
      ],
      "tags": [
        "유금",
        "미토",
        "숙성",
        "부패",
        "조절"
      ]
    },
    {
      "id": "RC-1683f36130",
      "topic": "GENERAL",
      "priority": 5,
      "trigger": {
        "note": "유금과 신금의 차이"
      },
      "mechanism": "유금은 개별적이고 독립적인 특성을 가짐.",
      "interpretation": "유금은 개별 포장된 상태로, 신금과는 다른 독립성을 나타냄.",
      "action": "유금의 독립적 특성을 이해하고 활용.",
      "cautions": [],
      "tags": [
        "유금",
        "신금",
        "독립성",
        "개별성",
        "특성"
      ]
    },
    {
      "id": "RC-66f92ece64",
      "topic": "RELATION",
      "priority": 6,
      "trigger": {
        "element": "유금",
        "interaction": "해수"
      },
      "mechanism": "유금은 해수의 다양한 에너지를 분류하고 정리함.",
      "interpretation": "유금이 해수와 함께 있을 때 해수의 복잡성을 정리.",
      "action": "유금의 정리 능력을 활용해 해수의 에너지를 체계화.",
      "cautions": [],
      "tags": [
        "유금",
        "해수",
        "정리",
        "체계화",
        "복잡성"
      ]
    }
  ],
  "notes": [],
  "schema_version": "rulecards.v1",
  "module_code": "SajuOS_STRU_160",
  "updated_at": "2025-12-23T20:27:24"
}