{
  "title": "SajuOS_Logic_STRU_M_110",
  "rulecards": [
    {
      "id": "RC-240c1af7b6",
      "topic": "ELEMENTS",
      "priority": 8,
      "trigger": {
        "element": "임수",
        "month": "진월"
      },
      "mechanism": "진월은 물이 고갈되기 쉬운 시기로, 임수는 흐름과 모임을 유지해야 한다.",
      "interpretation": "임수는 진월에서 고갈되지 않도록 금과 목의 조화가 필요하다.",
      "action": "임수의 흐름을 유지하기 위해 금과 목의 조화를 고려한 환경을 조성하라.",
      "cautions": [
        "진월에서 임수는 고갈되기 쉬움",
        "목과 금의 균형이 중요"
      ],
      "tags": [
        "임수",
        "진월",
        "금생수",
        "목극토",
        "흐름"
      ]
    },
    {
      "id": "RC-c963fe823e",
      "topic": "STRUCTURE",
      "priority": 7,
      "trigger": {
        "element": "임수",
        "month": "진월",
        "support": "갑목"
      },
      "mechanism": "갑목은 임수의 흐름을 보장하며 자정작용을 강화한다.",
      "interpretation": "갑목은 임수의 흐름을 안정화하고 지속성을 부여한다.",
      "action": "갑목을 통해 임수의 흐름을 강화하고 지속성을 유지하라.",
      "cautions": [
        "갑목이 없으면 흐름이 불안정해질 수 있음"
      ],
      "tags": [
        "임수",
        "갑목",
        "흐름",
        "지속성",
        "자정작용"
      ]
    },
    {
      "id": "RC-5dac6067e1",
      "topic": "STRUCTURE",
      "priority": 6,
      "trigger": {
        "element": "임수",
        "month": "진월",
        "support": "경금"
      },
      "mechanism": "경금은 임수의 흐름을 유지하고 살을 극복하는 데 도움을 준다.",
      "interpretation": "경금은 임수의 지속성과 전문성을 강화한다.",
      "action": "경금을 통해 임수의 흐름을 안정화하고 살을 극복하라.",
      "cautions": [
        "경금이 없으면 지속성이 약해질 수 있음"
      ],
      "tags": [
        "임수",
        "경금",
        "흐름",
        "살극복",
        "지속성"
      ]
    },
    {
      "id": "RC-e3f1fdde81",
      "topic": "STRUCTURE",
      "priority": 5,
      "trigger": {
        "element": "임수",
        "month": "진월",
        "support": "목"
      },
      "mechanism": "목은 임수의 흐름을 형성하고 방향성을 제공한다.",
      "interpretation": "목은 임수의 흐름을 안정화하고 방향성을 부여한다.",
      "action": "목을 통해 임수의 흐름을 형성하고 방향성을 유지하라.",
      "cautions": [
        "목이 없으면 흐름이 불안정해질 수 있음"
      ],
      "tags": [
        "임수",
        "목",
        "흐름",
        "방향성",
        "안정성"
      ]
    },
    {
      "id": "RC-3ae6d3e845",
      "topic": "STRUCTURE",
      "priority": 7,
      "trigger": {
        "element": "임수",
        "month": "진월",
        "support": "무토"
      },
      "mechanism": "무토는 임수의 용도를 한정하고 활용 가능성을 높인다.",
      "interpretation": "무토는 임수의 흐름을 조절하고 실용성을 강화한다.",
      "action": "무토를 통해 임수의 용도를 명확히 하고 활용도를 높여라.",
      "cautions": [
        "무토가 없으면 임수의 흐름이 산만해질 수 있음"
      ],
      "tags": [
        "임수",
        "무토",
        "흐름",
        "조절",
        "실용성"
      ]
    },
    {
      "id": "RC-8a78878dc0",
      "topic": "STRUCTURE",
      "priority": 6,
      "trigger": {
        "element": "임수",
        "month": "진월",
        "support": "병화"
      },
      "mechanism": "병화는 임수의 흐름을 분산시키고 고갈을 초래할 수 있다.",
      "interpretation": "병화는 임수의 안정성을 저해할 수 있다.",
      "action": "병화의 영향을 최소화하고 임수의 흐름을 유지하라.",
      "cautions": [
        "병화가 강하면 임수의 흐름이 약화될 수 있음"
      ],
      "tags": [
        "임수",
        "병화",
        "흐름",
        "분산",
        "고갈"
      ]
    },
    {
      "id": "RC-741417db2e",
      "topic": "STRUCTURE",
      "priority": 8,
      "trigger": {
        "element": "임수",
        "month": "진월",
        "support": "갑목",
        "support2": "경금"
      },
      "mechanism": "갑목과 경금의 조화는 임수의 흐름을 안정화하고 지속성을 부여한다.",
      "interpretation": "갑목과 경금은 임수의 흐름과 지속성을 강화한다.",
      "action": "갑목과 경금을 조화롭게 배치하여 임수의 흐름을 유지하라.",
      "cautions": [
        "갑목과 경금의 균형이 중요"
      ],
      "tags": [
        "임수",
        "갑목",
        "경금",
        "흐름",
        "지속성"
      ]
    },
    {
      "id": "RC-2e757a1139",
      "topic": "STRUCTURE",
      "priority": 6,
      "trigger": {
        "element": "임수",
        "month": "진월",
        "support": "을목"
      },
      "mechanism": "을목은 임수의 흐름을 형성하지만 지속성이 약하다.",
      "interpretation": "을목은 임수의 흐름을 형성하지만 안정성이 부족하다.",
      "action": "을목의 영향을 보완하여 임수의 흐름을 안정화하라.",
      "cautions": [
        "을목은 지속성이 약할 수 있음"
      ],
      "tags": [
        "임수",
        "을목",
        "흐름",
        "형성",
        "안정성"
      ]
    },
    {
      "id": "RC-528489eab4",
      "topic": "STRUCTURE",
      "priority": 7,
      "trigger": {
        "element": "임수",
        "month": "진월",
        "support": "신금"
      },
      "mechanism": "신금은 임수의 흐름을 유지하지만 주변 환경에 대한 고려가 부족할 수 있다.",
      "interpretation": "신금은 임수의 흐름을 유지하지만 주변 환경에 대한 조화가 필요하다.",
      "action": "신금의 영향을 보완하여 임수의 흐름을 안정화하라.",
      "cautions": [
        "신금은 주변 환경을 고려하지 않을 수 있음"
      ],
      "tags": [
        "임수",
        "신금",
        "흐름",
        "안정성",
        "조화"
      ]
    },
    {
      "id": "RC-0cf5a2edd5",
      "topic": "STRUCTURE",
      "priority": 8,
      "trigger": {
        "element": "임수",
        "month": "진월",
        "support": "갑목",
        "support2": "병화"
      },
      "mechanism": "갑목과 병화의 조화는 임수의 흐름을 형성하고 방향성을 부여한다.",
      "interpretation": "갑목과 병화는 임수의 흐름과 방향성을 강화한다.",
      "action": "갑목과 병화를 조화롭게 배치하여 임수의 흐름을 유지하라.",
      "cautions": [
        "갑목과 병화의 균형이 중요"
      ],
      "tags": [
        "임수",
        "갑목",
        "병화",
        "흐름",
        "방향성"
      ]
    },
    {
      "id": "RC-eda7755595",
      "topic": "RELATION",
      "priority": 8,
      "trigger": {
        "relation": "충",
        "elements": [
          "진토",
          "술토"
        ]
      },
      "mechanism": "진토와 술토의 충은 갈등적 에너지를 유발하며, 환경 변화와 관련됨.",
      "interpretation": "충은 현재 상황을 바꾸려는 갈등과 변화를 의미.",
      "action": "충을 목극토나 금설기로 해소하여 갈등을 해결.",
      "cautions": [
        "충이 해소되지 않으면 갈등이 지속될 수 있음.",
        "변화가 항상 긍정적이지 않을 수 있음."
      ],
      "tags": [
        "충",
        "진토",
        "술토",
        "갈등",
        "변화",
        "목극토",
        "금설기",
        "환경변화"
      ]
    },
    {
      "id": "RC-1f223ad2a6",
      "topic": "STRUCTURE",
      "priority": 9,
      "trigger": {
        "month": "진월",
        "element": "임수"
      },
      "mechanism": "진월의 임수는 토국수의 구조에서 수의 에너지를 지원받음.",
      "interpretation": "진월의 임수는 직업적 안정성과 자격을 갖춘 상태를 의미.",
      "action": "목을 활용하여 전공과 직업을 연결하고 능력을 발휘.",
      "cautions": [
        "목이 없으면 전공과 직업의 연결이 어려움.",
        "스펙이 무의미해질 수 있음."
      ],
      "tags": [
        "진월",
        "임수",
        "토국수",
        "직업",
        "안정성",
        "목",
        "전공",
        "능력발휘"
      ]
    },
    {
      "id": "RC-07212148cb",
      "topic": "CAREER",
      "priority": 7,
      "trigger": {
        "month": "진월",
        "element": "목"
      },
      "mechanism": "목은 진월의 토를 조절하며 직업적 안정성을 제공.",
      "interpretation": "목이 있으면 직업에서 능력을 발휘하고 만족도가 높아짐.",
      "action": "목을 활용하여 직업적 목표를 명확히 설정.",
      "cautions": [
        "목이 없으면 직업적 안정성이 떨어질 수 있음.",
        "환경 변화에 취약할 수 있음."
      ],
      "tags": [
        "진월",
        "목",
        "직업",
        "안정성",
        "목표설정",
        "조절",
        "능력발휘"
      ]
    },
    {
      "id": "RC-62a67a42c5",
      "topic": "RELATION",
      "priority": 6,
      "trigger": {
        "relation": "가합",
        "elements": [
          "임수",
          "진토"
        ]
      },
      "mechanism": "임수와 진토의 가합은 살인상생의 구조를 형성.",
      "interpretation": "가합은 에너지의 조화를 통해 자격과 전문성을 갖추는 것을 의미.",
      "action": "가합의 에너지를 활용하여 전문성을 키우고 자격을 강화.",
      "cautions": [
        "가합이 깨지면 조화가 무너질 수 있음.",
        "목이 없으면 전공과 직업의 연결이 어려움."
      ],
      "tags": [
        "가합",
        "임수",
        "진토",
        "살인상생",
        "조화",
        "전문성",
        "자격",
        "목"
      ]
    },
    {
      "id": "RC-ac9dbcd0f2",
      "topic": "TIMING",
      "priority": 5,
      "trigger": {
        "year": "개면연",
        "element": "겁재"
      },
      "mechanism": "겁재는 외부 요인에 의해 충동적 변화를 유발.",
      "interpretation": "겁재의 개입은 자신의 의지와 무관한 변화와 이동을 의미.",
      "action": "변화의 결과를 신중히 검토하고 결정.",
      "cautions": [
        "겁재로 인한 변화가 항상 긍정적이지 않을 수 있음.",
        "외부 요인에 휘둘리지 않도록 주의."
      ],
      "tags": [
        "겁재",
        "개면연",
        "변화",
        "이동",
        "충동",
        "외부요인",
        "신중함"
      ]
    },
    {
      "id": "RC-21e97ba610",
      "topic": "STRUCTURE",
      "priority": 8,
      "trigger": {
        "month": "진월",
        "element": "간목"
      },
      "mechanism": "간목은 진월의 토를 조절하며 환경을 정리.",
      "interpretation": "간목이 있으면 복잡한 상황을 정리하고 안정된 방향으로 나아감.",
      "action": "간목을 활용하여 환경을 정리하고 목표를 설정.",
      "cautions": [
        "간목이 없으면 복잡한 상황이 지속될 수 있음.",
        "환경 변화에 취약할 수 있음."
      ],
      "tags": [
        "진월",
        "간목",
        "환경정리",
        "목표설정",
        "안정성",
        "조절",
        "복잡한상황"
      ]
    },
    {
      "id": "RC-e2b51959b2",
      "topic": "RELATION",
      "priority": 7,
      "trigger": {
        "relation": "충",
        "elements": [
          "진토",
          "술토"
        ],
        "year": "묘"
      },
      "mechanism": "묘가 충을 해소하여 갈등을 해결.",
      "interpretation": "묘가 들어오면 충으로 인한 갈등이 해소되고 환경이 안정됨.",
      "action": "묘의 에너지를 활용하여 갈등을 해결하고 환경을 개선.",
      "cautions": [
        "묘가 없으면 충으로 인한 갈등이 지속될 수 있음.",
        "해결 과정에서 신중함이 필요."
      ],
      "tags": [
        "충",
        "진토",
        "술토",
        "묘",
        "갈등해소",
        "환경개선",
        "안정성"
      ]
    },
    {
      "id": "RC-2e0703ceea",
      "topic": "CAREER",
      "priority": 6,
      "trigger": {
        "month": "진월",
        "element": "금"
      },
      "mechanism": "금은 진월의 토를 설기하며 직업적 안정성을 제공.",
      "interpretation": "금이 있으면 직업적 안정성과 지속성이 높아짐.",
      "action": "금의 에너지를 활용하여 직업적 목표를 달성.",
      "cautions": [
        "금이 과도하면 탁해져서 목을 쓰기 어려움.",
        "직업적 목표가 흐려질 수 있음."
      ],
      "tags": [
        "진월",
        "금",
        "직업",
        "안정성",
        "설기",
        "목표달성",
        "탁함"
      ]
    }
  ],
  "notes": [],
  "schema_version": "rulecards.v1",
  "module_code": "SajuOS_STRU_110",
  "updated_at": "2025-12-23T20:27:24"
}