{
  "title": "SajuOS_Logic_STRU_M_079",
  "rulecards": [
    {
      "id": "RC-760e721868",
      "topic": "ELEMENTS",
      "priority": 9,
      "trigger": {
        "element": "정화",
        "month": "좌월"
      },
      "mechanism": "정화는 특정 대상에 집중하는 성향이 강함.",
      "interpretation": "정화는 전체보다는 특정한 대상을 따뜻하게 하거나 밝히는 역할을 함.",
      "action": "정화의 에너지를 활용해 구체적인 목표를 설정하고 집중하라.",
      "cautions": [
        "정화의 에너지가 분산되면 효과가 떨어질 수 있음."
      ],
      "tags": [
        "정화",
        "좌월",
        "집중",
        "목표",
        "특정성"
      ]
    },
    {
      "id": "RC-9adfd372a2",
      "topic": "ELEMENTS",
      "priority": 8,
      "trigger": {
        "element": "병화",
        "month": "좌월"
      },
      "mechanism": "병화는 전체를 따뜻하게 하고 밝히는 성향이 있음.",
      "interpretation": "병화는 모든 사람에게 호감을 주고, 넓은 범위에서 영향력을 발휘함.",
      "action": "병화의 에너지를 활용해 대중적이고 포괄적인 활동을 계획하라.",
      "cautions": [
        "병화의 에너지가 과도하면 피로감을 줄 수 있음."
      ],
      "tags": [
        "병화",
        "좌월",
        "대중성",
        "포괄성",
        "호감"
      ]
    },
    {
      "id": "RC-43aec14769",
      "topic": "STRUCTURE",
      "priority": 7,
      "trigger": {
        "element": "정화",
        "month": "좌월",
        "support": "간목"
      },
      "mechanism": "간목은 정화가 자수의 조건을 수용하고 활용할 수 있도록 돕는다.",
      "interpretation": "간목이 있으면 정화가 안정적으로 자신의 역할을 수행할 수 있음.",
      "action": "간목의 에너지를 활용해 정화의 잠재력을 극대화하라.",
      "cautions": [
        "간목이 없으면 정화의 에너지가 불안정해질 수 있음."
      ],
      "tags": [
        "정화",
        "간목",
        "좌월",
        "안정성",
        "자수"
      ]
    },
    {
      "id": "RC-10d36b1d56",
      "topic": "STRUCTURE",
      "priority": 8,
      "trigger": {
        "element": "정화",
        "month": "좌월",
        "support": "견금"
      },
      "mechanism": "견금은 정화의 에너지를 승화시켜 예술적 경지로 끌어올림.",
      "interpretation": "견금이 있으면 정화가 기술을 예술로 승화시킬 수 있음.",
      "action": "견금을 활용해 정화의 창의성과 예술성을 발휘하라.",
      "cautions": [
        "견금이 없으면 정화의 에너지가 단순 기술에 머물 수 있음."
      ],
      "tags": [
        "정화",
        "견금",
        "예술성",
        "창의성",
        "승화"
      ]
    },
    {
      "id": "RC-f6228aa52c",
      "topic": "STRUCTURE",
      "priority": 9,
      "trigger": {
        "element": "정화",
        "month": "좌월",
        "support": "무토"
      },
      "mechanism": "무토는 정화를 보호하고 안정적인 직업적 기반을 제공함.",
      "interpretation": "무토가 있으면 정화가 안정적으로 자신의 역할을 수행할 수 있음.",
      "action": "무토의 에너지를 활용해 정화의 직업적 안정성을 확보하라.",
      "cautions": [
        "무토가 없으면 정화의 에너지가 불안정해질 수 있음."
      ],
      "tags": [
        "정화",
        "무토",
        "안정성",
        "직업",
        "보호"
      ]
    },
    {
      "id": "RC-b8edc03468",
      "topic": "RELATION",
      "priority": 7,
      "trigger": {
        "element": "정화",
        "relation": "살",
        "month": "좌월"
      },
      "mechanism": "정화가 살을 무시하면 살에 의해 피해를 입을 가능성이 높음.",
      "interpretation": "살을 무시하지 않고 다루는 능력이 필요함.",
      "action": "살을 다룰 수 있는 재생살 구조를 구축하라.",
      "cautions": [
        "살을 무시하면 위험에 노출될 수 있음."
      ],
      "tags": [
        "정화",
        "살",
        "재생살",
        "위험",
        "좌월"
      ]
    },
    {
      "id": "RC-978bb75df8",
      "topic": "STRUCTURE",
      "priority": 8,
      "trigger": {
        "element": "정화",
        "month": "좌월",
        "support": "감목"
      },
      "mechanism": "감목은 정화가 자수의 에너지를 활용할 수 있도록 돕는다.",
      "interpretation": "감목이 있으면 정화가 자수의 에너지를 효과적으로 활용할 수 있음.",
      "action": "감목의 에너지를 활용해 정화의 잠재력을 극대화하라.",
      "cautions": [
        "감목이 없으면 정화의 에너지가 불안정해질 수 있음."
      ],
      "tags": [
        "정화",
        "감목",
        "자수",
        "좌월",
        "안정성"
      ]
    },
    {
      "id": "RC-e26bcf09a1",
      "topic": "STRUCTURE",
      "priority": 7,
      "trigger": {
        "element": "정화",
        "month": "좌월",
        "support": "경금"
      },
      "mechanism": "경금은 정화가 살을 다룰 수 있도록 돕는다.",
      "interpretation": "경금이 있으면 정화가 살을 효과적으로 다룰 수 있음.",
      "action": "경금을 활용해 정화의 살 다루는 능력을 강화하라.",
      "cautions": [
        "경금이 없으면 살을 다루는 데 어려움을 겪을 수 있음."
      ],
      "tags": [
        "정화",
        "경금",
        "살",
        "좌월",
        "안정성"
      ]
    },
    {
      "id": "RC-517ae5f3b4",
      "topic": "STRUCTURE",
      "priority": 6,
      "trigger": {
        "element": "정화",
        "month": "좌월",
        "support": "을목"
      },
      "mechanism": "을목은 정화가 자신의 조건에 맞는 활동을 하도록 돕는다.",
      "interpretation": "을목이 있으면 정화가 자신의 조건에 맞는 활동을 할 수 있음.",
      "action": "을목의 에너지를 활용해 정화의 활동을 조율하라.",
      "cautions": [
        "을목이 없으면 정화의 활동이 제한될 수 있음."
      ],
      "tags": [
        "정화",
        "을목",
        "활동",
        "조건",
        "좌월"
      ]
    },
    {
      "id": "RC-22772a98dd",
      "topic": "STRUCTURE",
      "priority": 8,
      "trigger": {
        "element": "정화",
        "month": "좌월",
        "support": "무토",
        "relation": "상관"
      },
      "mechanism": "무토는 정화를 보호하고 상관은 정화의 직업적 안정성을 강화함.",
      "interpretation": "무토와 상관이 있으면 정화가 안정적으로 직업적 역할을 수행할 수 있음.",
      "action": "무토와 상관의 에너지를 활용해 정화의 직업적 안정성을 확보하라.",
      "cautions": [
        "무토와 상관이 없으면 직업적 안정성이 떨어질 수 있음."
      ],
      "tags": [
        "정화",
        "무토",
        "상관",
        "직업",
        "안정성"
      ]
    },
    {
      "topic": "STRUCTURE",
      "priority": 9,
      "trigger": {
        "day_master": "정사",
        "elements": [
          "갑목",
          "무토"
        ]
      },
      "mechanism": "갑목과 무토가 직업적 안정성을 제공함.",
      "interpretation": "정사일주는 갑목과 무토가 있으면 직업적 안정성이 높아진다.",
      "action": "갑목과 무토의 조화를 통해 직업적 기반을 강화하라.",
      "cautions": [
        "직업의 퀄리티는 낮을 수 있음."
      ],
      "tags": [
        "정사일주",
        "갑목",
        "무토",
        "직업",
        "안정성"
      ],
      "id": "RC-2f4e190dc1"
    },
    {
      "topic": "RELATION",
      "priority": 8,
      "trigger": {
        "elements": [
          "해수",
          "자수"
        ]
      },
      "mechanism": "해수와 자수가 합쳐지며 수의 에너지가 커짐.",
      "interpretation": "해수와 자수의 조합은 혼잡한 에너지를 형성한다.",
      "action": "혼잡한 에너지를 정리하고 활용 방안을 모색하라.",
      "cautions": [
        "혼잡한 에너지가 과도하면 혼란을 초래할 수 있음."
      ],
      "tags": [
        "해수",
        "자수",
        "합",
        "혼잡",
        "에너지"
      ],
      "id": "RC-4ad1857d8a"
    },
    {
      "topic": "CAREER",
      "priority": 9,
      "trigger": {
        "elements": [
          "경금",
          "갑목"
        ],
        "roles": [
          "의사",
          "변호사"
        ]
      },
      "mechanism": "경금이 갑목을 조절하며 전문직 수행 능력을 강화함.",
      "interpretation": "경금이 있으면 전문직 자격증 취득과 수행이 가능하다.",
      "action": "경금을 활용해 전문직 자격증 취득을 목표로 하라.",
      "cautions": [
        "경금이 없으면 전문직 수행이 어려울 수 있음."
      ],
      "tags": [
        "경금",
        "갑목",
        "전문직",
        "의사",
        "변호사"
      ],
      "id": "RC-1d9438f466"
    },
    {
      "topic": "STRUCTURE",
      "priority": 8,
      "trigger": {
        "elements": [
          "무토",
          "정관"
        ]
      },
      "mechanism": "무토가 정관을 활용해 혼잡한 에너지를 정리함.",
      "interpretation": "무토는 안정적인 직업을 보장하는 역할을 한다.",
      "action": "무토를 활용해 직업적 안정성을 확보하라.",
      "cautions": [
        "무토가 없으면 혼잡한 에너지를 다루기 어려움."
      ],
      "tags": [
        "무토",
        "정관",
        "직업",
        "안정성",
        "혼잡"
      ],
      "id": "RC-a15a5a3b18"
    },
    {
      "topic": "TIMING",
      "priority": 7,
      "trigger": {
        "period": [
          "사",
          "오",
          "미"
        ]
      },
      "mechanism": "사오미의 시기가 인성을 소화하는 데 도움을 줌.",
      "interpretation": "사오미 시기는 학습과 성장에 유리하다.",
      "action": "사오미 시기를 활용해 학습과 자기계발에 집중하라.",
      "cautions": [
        "사오미 시기를 놓치면 학습 기회가 줄어들 수 있음."
      ],
      "tags": [
        "사오미",
        "인성",
        "학습",
        "성장",
        "시기"
      ],
      "id": "RC-c4e78e74e1"
    },
    {
      "topic": "EXAM",
      "priority": 8,
      "trigger": {
        "elements": [
          "병화",
          "금"
        ]
      },
      "mechanism": "병화와 금의 조합이 인성을 소화하며 학습 효율을 높임.",
      "interpretation": "병화와 금이 있으면 학습과 시험 준비가 원활하다.",
      "action": "병화와 금의 조화를 통해 학습 계획을 세워라.",
      "cautions": [
        "병화와 금이 없으면 학습 효율이 떨어질 수 있음."
      ],
      "tags": [
        "병화",
        "금",
        "인성",
        "학습",
        "시험"
      ],
      "id": "RC-98d0fdd23f"
    },
    {
      "topic": "LOVE",
      "priority": 6,
      "trigger": {
        "elements": [
          "계수",
          "정화"
        ]
      },
      "mechanism": "계수와 정화의 조합이 감정적 예민함을 유발함.",
      "interpretation": "계수와 정화가 있으면 감정적으로 예민해질 수 있다.",
      "action": "감정 관리를 위해 명상이나 심리적 안정 활동을 시도하라.",
      "cautions": [
        "감정적 예민함이 대인관계에 영향을 줄 수 있음."
      ],
      "tags": [
        "계수",
        "정화",
        "감정",
        "예민함",
        "대인관계"
      ],
      "id": "RC-fcf4907fc6"
    },
    {
      "topic": "STRUCTURE",
      "priority": 7,
      "trigger": {
        "elements": [
          "한습",
          "병화"
        ]
      },
      "mechanism": "병화가 한습한 구조를 해소하며 에너지를 순환시킴.",
      "interpretation": "병화는 한습한 구조를 개선하는 데 필수적이다.",
      "action": "병화를 활용해 한습한 환경을 개선하라.",
      "cautions": [
        "병화가 없으면 한습한 구조가 지속될 수 있음."
      ],
      "tags": [
        "한습",
        "병화",
        "구조",
        "에너지",
        "개선"
      ],
      "id": "RC-c070e448ee"
    },
    {
      "topic": "CAREER",
      "priority": 8,
      "trigger": {
        "elements": [
          "금",
          "한의학"
        ]
      },
      "mechanism": "금이 실용적 학문과 직업적 안정성을 제공함.",
      "interpretation": "금이 있으면 한의학 등 실용적 학문에서 성공 가능성이 높다.",
      "action": "금의 에너지를 활용해 실용적 학문을 탐구하라.",
      "cautions": [
        "금이 없으면 실용적 학문에서 어려움을 겪을 수 있음."
      ],
      "tags": [
        "금",
        "한의학",
        "실용적 학문",
        "직업",
        "안정성"
      ],
      "id": "RC-46dd04139a"
    },
    {
      "topic": "RELATION",
      "priority": 6,
      "trigger": {
        "elements": [
          "을목",
          "병화"
        ]
      },
      "mechanism": "을목이 병화와 조화를 이루며 생존력을 강화함.",
      "interpretation": "을목과 병화의 조합은 생존력과 적응력을 높인다.",
      "action": "을목과 병화의 조화를 통해 목표를 설정하라.",
      "cautions": [
        "을목이 병화와 조화를 이루지 못하면 갈등이 생길 수 있음."
      ],
      "tags": [
        "을목",
        "병화",
        "생존력",
        "적응력",
        "조화"
      ],
      "id": "RC-d62337d7d0"
    }
  ],
  "notes": [
    "텍스트가 매우 길고 복잡하여 일부 규칙은 요약 및 단순화됨.",
    "정화와 병화의 차이점 및 좌월의 조건에 대한 상세한 설명 포함."
  ],
  "schema_version": "rulecards.v1",
  "module_code": "SajuOS_STRU_079",
  "updated_at": "2025-12-23T20:27:24"
}