{
  "title": "SajuOS_Logic_STRU_M_134",
  "rulecards": [
    {
      "id": "RC-cb2dc6b294",
      "topic": "TIMING",
      "priority": 9,
      "trigger": {
        "month": "5월",
        "day_master": "임수"
      },
      "mechanism": "5월의 임수는 온도가 높아 수의 본질이 약화됨.",
      "interpretation": "임수는 5월의 조건에서 본능적으로 개입하려는 경향이 강함.",
      "action": "5월의 임수는 상황에 과도하게 개입하지 않도록 자제력을 기를 것.",
      "cautions": [
        "과도한 개입으로 문제를 악화시킬 수 있음."
      ],
      "tags": [
        "임수",
        "5월",
        "온도",
        "개입",
        "조절"
      ]
    },
    {
      "id": "RC-e995845286",
      "topic": "RELATION",
      "priority": 8,
      "trigger": {
        "month": "5월",
        "day_master": "임수",
        "relation": "금"
      },
      "mechanism": "경금은 5월의 임수에게 안정감을 제공하며 재를 다룰 능력을 강화함.",
      "interpretation": "경금이 있으면 임수가 재를 효과적으로 다룰 수 있음.",
      "action": "경금의 영향을 활용해 재를 관리하고 부를 축적할 것.",
      "cautions": [
        "경금이 없으면 재를 다루는 데 어려움이 있을 수 있음."
      ],
      "tags": [
        "임수",
        "5월",
        "경금",
        "재",
        "관리"
      ]
    },
    {
      "id": "RC-c188ea5395",
      "topic": "WEALTH",
      "priority": 7,
      "trigger": {
        "month": "5월",
        "day_master": "임수",
        "wealth": "재"
      },
      "mechanism": "임수는 5월의 재를 다루는 데 있어 온도 조절이 중요함.",
      "interpretation": "온도가 조절되지 않으면 재를 다루는 데 실패할 가능성이 높음.",
      "action": "개수로 온도를 조절하여 재를 안정적으로 관리할 것.",
      "cautions": [
        "온도 조절 실패 시 재를 잃을 위험이 있음."
      ],
      "tags": [
        "임수",
        "5월",
        "재",
        "온도",
        "조절"
      ]
    },
    {
      "id": "RC-7b3cc180d9",
      "topic": "GENERAL",
      "priority": 6,
      "trigger": {
        "note": "임수와 5월의 조합에 대한 일반적 조건"
      },
      "mechanism": "임수는 5월의 높은 온도에서 본질을 잃기 쉬움.",
      "interpretation": "임수는 본질을 유지하기 위해 외부적 조절이 필요함.",
      "action": "자신의 본질을 유지하기 위해 환경적 조절을 고려할 것.",
      "cautions": [
        "본질을 잃으면 신뢰를 잃을 수 있음."
      ],
      "tags": [
        "임수",
        "5월",
        "본질",
        "조절",
        "환경"
      ]
    },
    {
      "id": "RC-17edf51a3f",
      "topic": "RELATION",
      "priority": 7,
      "trigger": {
        "month": "5월",
        "day_master": "임수",
        "relation": "개수"
      },
      "mechanism": "개수는 5월의 임수에게 온도 조절 역할을 함.",
      "interpretation": "개수가 있으면 임수가 안정적으로 재를 다룰 수 있음.",
      "action": "개수를 활용해 온도를 조절하고 재를 관리할 것.",
      "cautions": [
        "개수가 없으면 온도 조절이 어려워질 수 있음."
      ],
      "tags": [
        "임수",
        "5월",
        "개수",
        "온도",
        "조절"
      ]
    },
    {
      "id": "RC-2d4aba3543",
      "topic": "WEALTH",
      "priority": 8,
      "trigger": {
        "month": "5월",
        "day_master": "임수",
        "wealth": "재",
        "relation": "경금"
      },
      "mechanism": "경금은 5월의 임수에게 재를 다룰 수 있는 힘을 제공함.",
      "interpretation": "경금이 있으면 재를 효과적으로 다룰 수 있음.",
      "action": "경금을 활용해 재를 안정적으로 관리할 것.",
      "cautions": [
        "경금이 없으면 재를 다루는 데 어려움이 있을 수 있음."
      ],
      "tags": [
        "임수",
        "5월",
        "경금",
        "재",
        "관리"
      ]
    },
    {
      "id": "RC-8b01ee0aa7",
      "topic": "CAREER",
      "priority": 7,
      "trigger": {
        "month": "5월",
        "day_master": "임수",
        "relation": "경금"
      },
      "mechanism": "경금은 임수에게 직업적 안정성과 재능을 제공함.",
      "interpretation": "경금이 있으면 직업적 성공 가능성이 높아짐.",
      "action": "경금을 활용해 직업적 목표를 달성할 것.",
      "cautions": [
        "경금이 없으면 직업적 안정성이 낮아질 수 있음."
      ],
      "tags": [
        "임수",
        "5월",
        "경금",
        "직업",
        "안정성"
      ]
    },
    {
      "id": "RC-5621f5a30a",
      "topic": "GENERAL",
      "priority": 6,
      "trigger": {
        "note": "임수와 5월의 조합에서의 일반적 특성"
      },
      "mechanism": "임수는 5월의 높은 온도에서 본질을 잃기 쉬움.",
      "interpretation": "임수는 본질을 유지하기 위해 외부적 조절이 필요함.",
      "action": "자신의 본질을 유지하기 위해 환경적 조절을 고려할 것.",
      "cautions": [
        "본질을 잃으면 신뢰를 잃을 수 있음."
      ],
      "tags": [
        "임수",
        "5월",
        "본질",
        "조절",
        "환경"
      ]
    },
    {
      "id": "RC-ce2d330869",
      "topic": "STRUCTURE",
      "priority": 9,
      "trigger": {
        "month": 5,
        "element": "병화",
        "structure": "관운"
      },
      "mechanism": "병화와 관운이 결합하면 확장성과 법인화 가능성이 높아짐.",
      "interpretation": "프랜차이즈화, 법인 전환, 해외 진출 가능성을 의미.",
      "action": "사업 확장 계획을 구체화하고 실행에 옮길 것.",
      "cautions": [
        "무리한 확장은 피할 것",
        "재정적 리스크 관리 필요"
      ],
      "tags": [
        "병화",
        "관운",
        "프랜차이즈",
        "법인화",
        "해외진출",
        "사업확장",
        "5월",
        "구조"
      ]
    },
    {
      "id": "RC-a5047c4add",
      "topic": "RELATION",
      "priority": 8,
      "trigger": {
        "month": 5,
        "relation": "5술 3합",
        "condition": "왕지가 월에 있음"
      },
      "mechanism": "왕지가 월에 있을 때 3합이 성립.",
      "interpretation": "월의 지지가 3합을 형성하여 강력한 구조를 만듦.",
      "action": "3합 구조를 활용해 안정적인 기반을 마련할 것.",
      "cautions": [
        "왕지가 월에 없으면 3합이 성립하지 않음"
      ],
      "tags": [
        "5술",
        "3합",
        "왕지",
        "월",
        "구조",
        "안정성",
        "기반"
      ]
    },
    {
      "id": "RC-b0ae2daddc",
      "topic": "CAREER",
      "priority": 7,
      "trigger": {
        "daymaster": "임수",
        "month": 5,
        "element": "토",
        "structure": "편관"
      },
      "mechanism": "토가 투관되면 직업의 방향성이 명확해짐.",
      "interpretation": "직업의 틀이 초년에 결정되고, 편관 중심의 직업군으로 연결됨.",
      "action": "초기에 직업 방향을 명확히 설정하고 준비할 것.",
      "cautions": [
        "토가 투관되지 않으면 직업 방향성이 약해질 수 있음"
      ],
      "tags": [
        "임수",
        "5월",
        "토",
        "편관",
        "직업",
        "초년",
        "투관",
        "방향성"
      ]
    },
    {
      "id": "RC-8a03740e30",
      "topic": "CAREER",
      "priority": 8,
      "trigger": {
        "daymaster": "임수",
        "month": 5,
        "element": "토",
        "structure": "재생관"
      },
      "mechanism": "재생관 구조는 공기업이나 공무원 직업군과 연결됨.",
      "interpretation": "공기업, 공무원, 특히 5급 이상 직급에 적합.",
      "action": "공무원 시험 준비나 공기업 취업을 목표로 설정할 것.",
      "cautions": [
        "토가 없으면 해당 구조가 성립되지 않음"
      ],
      "tags": [
        "임수",
        "5월",
        "토",
        "재생관",
        "공기업",
        "공무원",
        "5급",
        "직업"
      ]
    },
    {
      "id": "RC-ebfd246956",
      "topic": "CAREER",
      "priority": 7,
      "trigger": {
        "daymaster": "임수",
        "month": 5,
        "element": "목",
        "structure": "식상"
      },
      "mechanism": "목과 식상이 결합하면 교육계통에 적합한 자질을 형성.",
      "interpretation": "교육, 출판, 설계 등 목을 기르는 직업군에 적합.",
      "action": "교육 관련 직업이나 출판업계로 진출을 고려할 것.",
      "cautions": [
        "현대 교육계의 현실을 고려할 것"
      ],
      "tags": [
        "임수",
        "5월",
        "목",
        "식상",
        "교육",
        "출판",
        "설계",
        "직업"
      ]
    },
    {
      "id": "RC-b53613a080",
      "topic": "CAREER",
      "priority": 6,
      "trigger": {
        "daymaster": "임수",
        "month": 5,
        "element": "토",
        "structure": "편관"
      },
      "mechanism": "토 중심의 편관 구조는 사기업과 연결됨.",
      "interpretation": "사기업, 대기업, 경영 관련 직업에 적합.",
      "action": "경영학과 진학이나 경영기획 관련 직업을 목표로 설정할 것.",
      "cautions": [
        "토가 없으면 해당 구조가 성립되지 않음"
      ],
      "tags": [
        "임수",
        "5월",
        "토",
        "편관",
        "사기업",
        "대기업",
        "경영",
        "직업"
      ]
    },
    {
      "id": "RC-728123fde5",
      "topic": "GENERAL",
      "priority": 5,
      "trigger": {
        "note": "조후가 잘 된 경우"
      },
      "mechanism": "조후가 잘 되면 치우침 없이 균형 잡힌 삶을 살게 됨.",
      "interpretation": "평균적인 인생을 살기에 적합.",
      "action": "균형 잡힌 삶을 유지하며 지나친 욕심을 피할 것.",
      "cautions": [
        "극상 성취는 어려울 수 있음"
      ],
      "tags": [
        "조후",
        "균형",
        "평균",
        "삶",
        "욕심",
        "극상",
        "조화"
      ]
    },
    {
      "id": "RC-121c9dfce3",
      "topic": "GENERAL",
      "priority": 5,
      "trigger": {
        "note": "조후가 안 된 경우"
      },
      "mechanism": "조후가 안 되면 악바리 근성과 극단적인 성향이 나타남.",
      "interpretation": "극단적인 성취나 실패를 경험할 가능성이 높음.",
      "action": "악바리 근성을 긍정적으로 활용할 방안을 모색할 것.",
      "cautions": [
        "균형 잡힌 삶을 유지하기 어려움"
      ],
      "tags": [
        "조후",
        "극단",
        "악바리",
        "성취",
        "실패",
        "균형",
        "삶"
      ]
    }
  ],
  "notes": [
    "텍스트가 매우 길고 복잡하여 일부 규칙은 요약 및 단순화됨.",
    "추가적인 규칙은 다음 청크에서 계속될 수 있음.",
    "텍스트에서 일부 조건은 구체적이지 않아 note로 처리함."
  ],
  "schema_version": "rulecards.v1",
  "module_code": "SajuOS_STRU_134",
  "updated_at": "2025-12-23T20:27:24"
}