{
  "title": "SajuOS_Logic_STRU_M_157",
  "rulecards": [
    {
      "id": "RC-9ff562f87d",
      "topic": "ELEMENTS",
      "priority": 9,
      "trigger": {
        "element": "신금",
        "season": "신월"
      },
      "mechanism": "신금은 화의 에너지를 수로 전환하는 역할을 가진다.",
      "interpretation": "신금은 재구성, 전환 능력이 뛰어나며, 전체를 분류하고 체계화하는 데 적합하다.",
      "action": "신금의 특성을 살려 재구성, 분류, 전환이 필요한 직업군을 선택하라.",
      "cautions": [
        "신금은 창조보다는 재창조에 가깝다.",
        "과도한 디테일 추구로 인해 전체를 놓칠 수 있다."
      ],
      "tags": [
        "신금",
        "신월",
        "전환",
        "재구성",
        "분류",
        "화",
        "수",
        "에너지",
        "체계화",
        "재창조"
      ]
    },
    {
      "id": "RC-346eaf2a8a",
      "topic": "STRUCTURE",
      "priority": 8,
      "trigger": {
        "element": "신금",
        "season": "신월",
        "relation": "겁재"
      },
      "mechanism": "겁재는 타인과의 접점을 만들어내는 능력을 제공한다.",
      "interpretation": "신월의 신금은 겁재를 통해 타인의 능력을 활용하고 인맥을 확장할 수 있다.",
      "action": "겁재의 특성을 활용해 타인과의 협력과 네트워크를 강화하라.",
      "cautions": [
        "겁재가 과도하면 타인 의존도가 높아질 수 있다.",
        "타인과의 관계에서 균형을 유지하라."
      ],
      "tags": [
        "신금",
        "신월",
        "겁재",
        "타인",
        "협력",
        "네트워크",
        "관계",
        "능력",
        "확장",
        "균형"
      ]
    },
    {
      "id": "RC-23e23d34ef",
      "topic": "STRUCTURE",
      "priority": 7,
      "trigger": {
        "element": "신금",
        "season": "신월",
        "relation": "상관",
        "presence": true
      },
      "mechanism": "상관은 외부 자극에 민감하게 반응하며 순발력을 발휘한다.",
      "interpretation": "신월의 신금이 상관을 가지면 순발력과 반응성이 뛰어나며, 외교나 즉각적인 판단이 필요한 직군에 적합하다.",
      "action": "상관의 순발력을 활용할 수 있는 직업군을 선택하라.",
      "cautions": [
        "외부 자극에 과도하게 반응하지 않도록 주의하라.",
        "감정적 반응을 조절하라."
      ],
      "tags": [
        "신금",
        "신월",
        "상관",
        "순발력",
        "반응성",
        "외교",
        "판단",
        "직업",
        "자극",
        "조절"
      ]
    },
    {
      "id": "RC-ca5a391c7b",
      "topic": "STRUCTURE",
      "priority": 6,
      "trigger": {
        "element": "신금",
        "season": "신월",
        "relation": "경금",
        "presence": true
      },
      "mechanism": "경금은 신금의 능력을 제한하거나 끌려가게 만든다.",
      "interpretation": "신월의 신금이 경금을 만나면 자신의 능력을 제대로 발휘하지 못할 수 있다.",
      "action": "경금의 영향을 최소화할 수 있는 환경을 조성하라.",
      "cautions": [
        "경금이 강하면 신금의 독립성이 약화될 수 있다.",
        "능력 발휘에 방해가 되는 요소를 제거하라."
      ],
      "tags": [
        "신금",
        "신월",
        "경금",
        "능력",
        "제한",
        "발휘",
        "환경",
        "독립성",
        "방해",
        "조정"
      ]
    },
    {
      "id": "RC-3dc9d2da67",
      "topic": "STRUCTURE",
      "priority": 7,
      "trigger": {
        "element": "신금",
        "season": "신월",
        "relation": "무토",
        "presence": true
      },
      "mechanism": "무토는 신금의 상관 능력을 억제한다.",
      "interpretation": "신월의 신금이 무토를 만나면 자신의 능력을 발휘하기 어려워진다.",
      "action": "무토의 영향을 극복할 수 있는 방안을 마련하라.",
      "cautions": [
        "무토가 강하면 상관의 능력이 억제될 수 있다.",
        "능력 발휘를 방해하는 요소를 극복하라."
      ],
      "tags": [
        "신금",
        "신월",
        "무토",
        "상관",
        "억제",
        "능력",
        "발휘",
        "극복",
        "방해",
        "조정"
      ]
    },
    {
      "id": "RC-1bfe55172b",
      "topic": "STRUCTURE",
      "priority": 8,
      "trigger": {
        "element": "신금",
        "season": "신월",
        "relation": "임수",
        "presence": true
      },
      "mechanism": "임수는 신금의 능력을 드러내고 활용할 수 있게 한다.",
      "interpretation": "신월의 신금이 임수를 만나면 자신의 능력을 극대화할 수 있다.",
      "action": "임수의 에너지를 활용해 자신의 능력을 발휘하라.",
      "cautions": [
        "임수가 부족하면 능력 발휘가 제한될 수 있다.",
        "임수의 흐름을 유지하라."
      ],
      "tags": [
        "신금",
        "신월",
        "임수",
        "능력",
        "발휘",
        "극대화",
        "활용",
        "에너지",
        "흐름",
        "조정"
      ]
    },
    {
      "id": "RC-9643c4aa4f",
      "topic": "STRUCTURE",
      "priority": 7,
      "trigger": {
        "element": "신금",
        "season": "신월",
        "relation": "병화",
        "presence": true
      },
      "mechanism": "병화는 신금의 상관 능력을 직장에서 발휘하게 한다.",
      "interpretation": "신월의 신금이 병화를 만나면 직장에서 자신의 능력을 발휘할 수 있다.",
      "action": "병화의 에너지를 활용해 직장에서 성과를 내라.",
      "cautions": [
        "병화가 약하면 직장에서의 성과가 제한될 수 있다.",
        "병화의 흐름을 유지하라."
      ],
      "tags": [
        "신금",
        "신월",
        "병화",
        "상관",
        "직장",
        "능력",
        "발휘",
        "성과",
        "에너지",
        "흐름"
      ]
    },
    {
      "id": "RC-34b102f384",
      "topic": "STRUCTURE",
      "priority": 6,
      "trigger": {
        "element": "신금",
        "season": "신월",
        "relation": "감목",
        "presence": true
      },
      "mechanism": "감목은 신금의 상관 능력을 자영업이나 사업으로 연결시킨다.",
      "interpretation": "신월의 신금이 감목을 만나면 자영업이나 사업에서 성공할 가능성이 높다.",
      "action": "감목의 에너지를 활용해 사업을 계획하고 실행하라.",
      "cautions": [
        "감목이 약하면 사업 성공 가능성이 낮아질 수 있다.",
        "감목의 흐름을 유지하라."
      ],
      "tags": [
        "신금",
        "신월",
        "감목",
        "상관",
        "사업",
        "자영업",
        "성공",
        "계획",
        "실행",
        "흐름"
      ]
    },
    {
      "id": "RC-203f0a4a00",
      "topic": "STRUCTURE",
      "priority": 5,
      "trigger": {
        "element": "신금",
        "season": "신월",
        "relation": "비겁",
        "presence": true
      },
      "mechanism": "비겁은 신금이 타인과의 관계에서 사건을 유발하게 한다.",
      "interpretation": "신월의 신금이 비겁을 만나면 타인과의 관계에서 사건이 발생할 가능성이 높다.",
      "action": "비겁의 에너지를 조율해 관계를 원활히 유지하라.",
      "cautions": [
        "비겁이 강하면 타인과의 갈등이 심화될 수 있다.",
        "관계 조율에 신경 써라."
      ],
      "tags": [
        "신금",
        "신월",
        "비겁",
        "관계",
        "사건",
        "갈등",
        "조율",
        "유지",
        "타인",
        "조정"
      ]
    },
    {
      "topic": "WEALTH",
      "priority": 9,
      "trigger": {
        "element": "임수",
        "exists": true
      },
      "mechanism": "임수는 투자와 재물 운용에 강한 감각을 제공함.",
      "interpretation": "임수가 있으면 투자 전문가로서 성공 가능성이 높음.",
      "action": "투자 관련 직업을 고려하거나 재테크에 집중하라.",
      "cautions": [
        "임수만으로 모든 재물 문제가 해결되지는 않음."
      ],
      "tags": [
        "임수",
        "투자",
        "재물",
        "성공",
        "감각"
      ],
      "id": "RC-c7003af13c"
    },
    {
      "topic": "WEALTH",
      "priority": 8,
      "trigger": {
        "element": "병화",
        "exists": true
      },
      "mechanism": "병화는 직장에서의 성공과 명성을 지원함.",
      "interpretation": "병화가 있으면 투자보다는 직업적 성공에 유리함.",
      "action": "직장에서의 성과를 극대화할 방법을 모색하라.",
      "cautions": [
        "직업적 성공이 재물로 바로 연결되지 않을 수 있음."
      ],
      "tags": [
        "병화",
        "직업",
        "성공",
        "명성",
        "재물"
      ],
      "id": "RC-a7001a0ec0"
    },
    {
      "topic": "WEALTH",
      "priority": 7,
      "trigger": {
        "elements": [
          "겁재",
          "편재"
        ],
        "exists": true
      },
      "mechanism": "겁재와 편재는 과감한 투자 결정을 가능하게 함.",
      "interpretation": "겁재와 편재가 있으면 큰 투자로 부를 창출할 가능성이 높음.",
      "action": "과감한 투자 전략을 세우되, 리스크 관리에 유의하라.",
      "cautions": [
        "무리한 투자로 손실을 볼 위험이 있음."
      ],
      "tags": [
        "겁재",
        "편재",
        "투자",
        "부",
        "리스크"
      ],
      "id": "RC-ce2b0da011"
    },
    {
      "topic": "WEALTH",
      "priority": 6,
      "trigger": {
        "elements": [
          "정재",
          "비겁"
        ],
        "exists": false
      },
      "mechanism": "정재와 비겁이 없으면 보수적 투자 성향을 보임.",
      "interpretation": "큰 결단보다는 소규모 투자에 머무를 가능성이 큼.",
      "action": "투자 결정을 내릴 때 신중함을 유지하라.",
      "cautions": [
        "기회를 놓칠 수 있음."
      ],
      "tags": [
        "정재",
        "비겁",
        "보수적",
        "투자",
        "결단"
      ],
      "id": "RC-984f5de2c7"
    },
    {
      "topic": "CAREER",
      "priority": 8,
      "trigger": {
        "element": "미토",
        "exists": true
      },
      "mechanism": "미토는 화의 세력을 조절하고 안정화시킴.",
      "interpretation": "미토가 있으면 교육업이나 스타트업에서 성공 가능성이 높음.",
      "action": "교육 관련 사업이나 창업을 고려하라.",
      "cautions": [
        "미토의 영향이 과도하면 균형을 잃을 수 있음."
      ],
      "tags": [
        "미토",
        "교육",
        "스타트업",
        "창업",
        "안정"
      ],
      "id": "RC-cb5140cdc3"
    },
    {
      "topic": "RELATION",
      "priority": 7,
      "trigger": {
        "element": "겁재",
        "exists": true
      },
      "mechanism": "겁재는 경쟁자이자 협업 대상으로 작용함.",
      "interpretation": "겁재가 있으면 경쟁과 협업을 통해 성장 가능.",
      "action": "경쟁자를 적으로만 보지 말고 협력 가능성을 탐색하라.",
      "cautions": [
        "경쟁이 지나치면 갈등이 심화될 수 있음."
      ],
      "tags": [
        "겁재",
        "경쟁",
        "협업",
        "성장",
        "갈등"
      ],
      "id": "RC-ee1824120c"
    },
    {
      "topic": "RELATION",
      "priority": 6,
      "trigger": {
        "element": "임수",
        "exists": true
      },
      "mechanism": "임수는 겁재와의 연결을 강화함.",
      "interpretation": "임수가 있으면 겁재와의 협업이 원활해짐.",
      "action": "임수를 활용해 협력 관계를 구축하라.",
      "cautions": [
        "임수의 영향이 약하면 협업이 어려울 수 있음."
      ],
      "tags": [
        "임수",
        "겁재",
        "협업",
        "연결",
        "관계"
      ],
      "id": "RC-c4c8a9d4b0"
    },
    {
      "topic": "CAREER",
      "priority": 7,
      "trigger": {
        "element": "신금",
        "exists": true
      },
      "mechanism": "신금은 자격과 능력을 상징하며, 겁재와의 관계를 통해 발휘됨.",
      "interpretation": "신금이 있으면 고학력자나 능력 있는 사람들과의 연결이 강화됨.",
      "action": "능력 있는 사람들과의 네트워크를 확장하라.",
      "cautions": [
        "신금의 영향이 약하면 자격이 발휘되지 않을 수 있음."
      ],
      "tags": [
        "신금",
        "자격",
        "능력",
        "네트워크",
        "고학력"
      ],
      "id": "RC-6c67b28da9"
    },
    {
      "topic": "CAREER",
      "priority": 6,
      "trigger": {
        "element": "축토",
        "exists": true
      },
      "mechanism": "축토는 자신의 능력을 강화시키는 역할을 함.",
      "interpretation": "축토가 있으면 자신의 능력을 발휘하는 데 유리함.",
      "action": "자신의 강점을 활용할 수 있는 환경을 찾으라.",
      "cautions": [
        "축토의 영향이 과도하면 타인과의 협력이 어려울 수 있음."
      ],
      "tags": [
        "축토",
        "능력",
        "강점",
        "환경",
        "발휘"
      ],
      "id": "RC-02b6c9fa3c"
    },
    {
      "topic": "GENERAL",
      "priority": 5,
      "trigger": {
        "note": "임수, 병화, 간목의 조합"
      },
      "mechanism": "이 조합은 조직 내 권위와 개별 업적을 동시에 가능하게 함.",
      "interpretation": "임수는 조직에서, 병화와 간목은 개별 업적에서 강점을 발휘함.",
      "action": "조직과 개인의 균형을 유지하며 목표를 설정하라.",
      "cautions": [
        "조합이 불균형하면 한쪽에 치우칠 위험이 있음."
      ],
      "tags": [
        "임수",
        "병화",
        "간목",
        "조직",
        "업적"
      ],
      "id": "RC-232ad1d172"
    }
  ],
  "notes": [],
  "schema_version": "rulecards.v1",
  "module_code": "SajuOS_STRU_157",
  "updated_at": "2025-12-23T20:27:24"
}