{
  "title": "SajuOS_Logic_STRU_M_119",
  "rulecards": [
    {
      "id": "RC-12a93e4793",
      "topic": "ELEMENTS",
      "priority": 9,
      "trigger": {
        "month": "사월",
        "day_master": "기토"
      },
      "mechanism": "사월의 기토는 비옥한 여름의 땅으로 목이 잘 자라는 환경을 타고남.",
      "interpretation": "목이 잘 자라는 환경은 부와 귀를 논할 수 있는 조건을 제공.",
      "action": "목의 발달 여부를 확인하고 이를 활용할 방안을 모색.",
      "cautions": [
        "목이 없으면 부의 조건이 약화될 수 있음."
      ],
      "tags": [
        "사월",
        "기토",
        "목",
        "환경",
        "부"
      ]
    },
    {
      "id": "RC-9c89d1d9bd",
      "topic": "TEN_GODS",
      "priority": 8,
      "trigger": {
        "ten_god": "정인"
      },
      "mechanism": "정인은 수용성과 상식을 기반으로 작용.",
      "interpretation": "정인은 상식을 바탕으로 수용하지만, 잘못된 신념을 받아들일 가능성도 있음.",
      "action": "정인의 수용성을 활용하되, 신념의 옳고 그름을 판단.",
      "cautions": [
        "도덕적 우월성을 내세우는 사람을 경계."
      ],
      "tags": [
        "정인",
        "수용성",
        "상식",
        "신념",
        "도덕성"
      ]
    },
    {
      "id": "RC-af5ca69aed",
      "topic": "STRUCTURE",
      "priority": 7,
      "trigger": {
        "month": "사월",
        "day_master": "기토",
        "elements": [
          "목",
          "화"
        ]
      },
      "mechanism": "목과 화가 조화를 이루면 생산성과 부의 조건이 강화됨.",
      "interpretation": "목과 화가 조화를 이루면 부와 직업적 성공 가능성이 높아짐.",
      "action": "목과 화의 조화를 이루는 환경을 조성.",
      "cautions": [
        "목과 화가 부족하면 가난하거나 어려움이 있을 수 있음."
      ],
      "tags": [
        "사월",
        "기토",
        "목",
        "화",
        "생산성",
        "부"
      ]
    },
    {
      "id": "RC-afbccc8330",
      "topic": "CAREER",
      "priority": 6,
      "trigger": {
        "month": "사월",
        "day_master": "기토",
        "elements": [
          "간목",
          "병화"
        ]
      },
      "mechanism": "간목과 병화는 조직 내에서의 성공과 부를 보장.",
      "interpretation": "간목과 병화가 있으면 조직 내에서의 성공 가능성이 높음.",
      "action": "간목과 병화를 활용할 수 있는 직업을 선택.",
      "cautions": [
        "간목과 병화가 없으면 조직 내 성공이 어려울 수 있음."
      ],
      "tags": [
        "사월",
        "기토",
        "간목",
        "병화",
        "조직",
        "성공"
      ]
    },
    {
      "id": "RC-36e65398ce",
      "topic": "TIMING",
      "priority": 5,
      "trigger": {
        "elements": [
          "간목"
        ],
        "timing": "대운/세운"
      },
      "mechanism": "간목이 오는 시기에 합격, 승진 등의 긍정적 변화가 발생.",
      "interpretation": "간목이 오는 시기는 성공과 발전의 기회.",
      "action": "간목이 오는 시기를 활용해 중요한 결정을 내림.",
      "cautions": [
        "간목이 없는 시기에는 기회를 놓칠 수 있음."
      ],
      "tags": [
        "간목",
        "대운",
        "세운",
        "합격",
        "승진"
      ]
    },
    {
      "id": "RC-3aa7eee11d",
      "topic": "ELEMENTS",
      "priority": 7,
      "trigger": {
        "day_master": "기토",
        "elements": [
          "화",
          "목"
        ]
      },
      "mechanism": "화는 목의 성장을 돕고, 목은 화의 에너지를 보충.",
      "interpretation": "화와 목의 균형은 지속적인 성장과 발전을 의미.",
      "action": "화와 목의 균형을 유지하도록 환경을 조성.",
      "cautions": [
        "화와 목의 불균형은 에너지 소모를 초래."
      ],
      "tags": [
        "기토",
        "화",
        "목",
        "균형",
        "성장"
      ]
    },
    {
      "id": "RC-c88bf65992",
      "topic": "STRUCTURE",
      "priority": 6,
      "trigger": {
        "elements": [
          "병화",
          "개수"
        ]
      },
      "mechanism": "병화와 개수는 생산성과 부를 보장.",
      "interpretation": "병화와 개수가 조화를 이루면 부와 성공 가능성이 높아짐.",
      "action": "병화와 개수를 활용할 수 있는 환경을 조성.",
      "cautions": [
        "병화와 개수가 없으면 생산성이 저하될 수 있음."
      ],
      "tags": [
        "병화",
        "개수",
        "생산성",
        "부",
        "조화"
      ]
    },
    {
      "id": "RC-ccdf9c0dc2",
      "topic": "CAREER",
      "priority": 5,
      "trigger": {
        "elements": [
          "간목",
          "병화"
        ],
        "career_type": "행정직"
      },
      "mechanism": "간목과 병화는 행정직에 적합한 에너지를 제공.",
      "interpretation": "간목과 병화가 있으면 행정직에서 성공 가능성이 높음.",
      "action": "행정직 관련 직업을 탐색.",
      "cautions": [
        "간목과 병화가 없으면 행정직에서 어려움을 겪을 수 있음."
      ],
      "tags": [
        "간목",
        "병화",
        "행정직",
        "직업",
        "성공"
      ]
    },
    {
      "id": "RC-8abf7e67c6",
      "topic": "RELATION",
      "priority": 4,
      "trigger": {
        "relation": "살충",
        "elements": [
          "목",
          "금"
        ]
      },
      "mechanism": "목과 금은 살충을 해결하는 주요 요소.",
      "interpretation": "목과 금은 갈등을 조율하고 문제를 해결하는 데 도움.",
      "action": "목과 금을 활용해 갈등을 해결.",
      "cautions": [
        "목과 금이 없으면 갈등이 심화될 수 있음."
      ],
      "tags": [
        "살충",
        "목",
        "금",
        "갈등",
        "조율"
      ]
    },
    {
      "id": "RC-d579d57a63",
      "topic": "LOVE",
      "priority": 3,
      "trigger": {
        "elements": [
          "목",
          "금"
        ],
        "relation": "부모-배우자"
      },
      "mechanism": "목은 배우자 입장에서, 금은 부모 입장에서 갈등을 해결.",
      "interpretation": "목과 금은 부모와 배우자 간의 갈등을 조율.",
      "action": "목과 금을 활용해 가족 간의 갈등을 해결.",
      "cautions": [
        "목과 금이 없으면 갈등이 장기화될 수 있음."
      ],
      "tags": [
        "목",
        "금",
        "부모",
        "배우자",
        "갈등"
      ]
    },
    {
      "topic": "RELATION",
      "priority": 8,
      "trigger": {
        "관성": true
      },
      "mechanism": "관성은 아이의 능력과 존중을 상징하며, 어른처럼 대우받는 경향을 만든다.",
      "interpretation": "사주에 관성이 발달하면 아이가 능력이 뛰어나고 존중받는 성향을 가진다.",
      "action": "아이를 어른처럼 존중하며 대우하라.",
      "cautions": [
        "관성이 과도하면 아이에게 부담이 될 수 있다."
      ],
      "tags": [
        "관성",
        "아이",
        "능력",
        "존중",
        "성장"
      ],
      "id": "RC-30c71cd025"
    },
    {
      "topic": "RELATION",
      "priority": 7,
      "trigger": {
        "식상": true,
        "비겁": true
      },
      "mechanism": "비겁은 식상을 생조하며 아이의 자립심을 강화한다.",
      "interpretation": "비겁이 강한 사주는 아이가 자립적이고 독립적인 성향을 가진다.",
      "action": "아이의 자립심을 키우기 위해 적절한 독립 환경을 제공하라.",
      "cautions": [
        "비겁이 없으면 아이가 의존적일 수 있다."
      ],
      "tags": [
        "비겁",
        "식상",
        "자립심",
        "독립",
        "양육"
      ],
      "id": "RC-a1a9560720"
    },
    {
      "topic": "CAREER",
      "priority": 6,
      "trigger": {
        "재성": true
      },
      "mechanism": "재성은 자격과 관련된 직업군과 연결된다.",
      "interpretation": "재성이 강한 사주는 세무, 회계 등 자격 기반 직업에 적합하다.",
      "action": "자격증 취득이나 전문성을 강화하는 방향으로 경력을 설계하라.",
      "cautions": [
        "재성이 약하면 자격 기반 직업에서 어려움을 겪을 수 있다."
      ],
      "tags": [
        "재성",
        "직업",
        "자격",
        "세무",
        "회계"
      ],
      "id": "RC-8e0ad643f6"
    },
    {
      "topic": "STRUCTURE",
      "priority": 9,
      "trigger": {
        "사주구조": {
          "금": true,
          "집중력": true
        }
      },
      "mechanism": "금 중심으로 에너지가 결집되면 집중력이 강화된다.",
      "interpretation": "금 중심의 사주는 집중력이 뛰어나며, 학업이나 업무에서 성과를 낼 가능성이 높다.",
      "action": "집중력을 활용할 수 있는 환경을 조성하라.",
      "cautions": [
        "에너지가 분산되면 집중력이 약화될 수 있다."
      ],
      "tags": [
        "금",
        "집중력",
        "학업",
        "성과",
        "구조"
      ],
      "id": "RC-e2eb988b54"
    },
    {
      "topic": "CAREER",
      "priority": 7,
      "trigger": {
        "일주": "기사",
        "사월": true
      },
      "mechanism": "사월의 기사일주는 정인으로 인해 순한 이미지를 가지며 교육적 코드와 연결된다.",
      "interpretation": "사월의 기사일주는 교육 관련 직업에 적합하며, 부드러운 성향을 가진다.",
      "action": "교육 분야에서 자신의 강점을 활용하라.",
      "cautions": [
        "정인이 과도하면 생산성이 저하될 수 있다."
      ],
      "tags": [
        "기사일주",
        "사월",
        "교육",
        "정인",
        "직업"
      ],
      "id": "RC-e1e7abd49e"
    },
    {
      "topic": "STRUCTURE",
      "priority": 8,
      "trigger": {
        "토": "강함",
        "소토": false
      },
      "mechanism": "강한 토는 소토를 통해 변화와 생산성을 얻는다.",
      "interpretation": "토가 강한 사주는 소토를 통해 에너지를 순환시켜야 한다.",
      "action": "목이나 금을 활용해 토의 에너지를 순환시켜라.",
      "cautions": [
        "소토가 없으면 변화가 없고 고착될 수 있다."
      ],
      "tags": [
        "토",
        "소토",
        "변화",
        "생산성",
        "순환"
      ],
      "id": "RC-1e9ac8bccc"
    },
    {
      "topic": "TIMING",
      "priority": 6,
      "trigger": {
        "연운": {
          "묘": true
        }
      },
      "mechanism": "묘는 강한 토를 소토하여 에너지를 순환시킨다.",
      "interpretation": "묘가 들어오는 해에는 강한 토의 에너지가 순환되어 긍정적인 변화를 가져온다.",
      "action": "묘의 해에는 새로운 변화를 시도하라.",
      "cautions": [
        "묘가 약하면 효과가 미미할 수 있다."
      ],
      "tags": [
        "묘",
        "토",
        "소토",
        "변화",
        "연운"
      ],
      "id": "RC-41f90795f9"
    },
    {
      "topic": "TIMING",
      "priority": 5,
      "trigger": {
        "연운": {
          "간목": true
        }
      },
      "mechanism": "간목은 강한 토를 소토하여 에너지를 조화롭게 만든다.",
      "interpretation": "간목이 들어오는 해에는 강한 토의 에너지가 조화롭게 변화한다.",
      "action": "간목의 해에는 새로운 계획을 실행하라.",
      "cautions": [
        "간목이 약하면 변화가 제한적일 수 있다."
      ],
      "tags": [
        "간목",
        "토",
        "소토",
        "조화",
        "연운"
      ],
      "id": "RC-e9103527d4"
    },
    {
      "topic": "CAREER",
      "priority": 7,
      "trigger": {
        "사주구조": {
          "기토": true,
          "무토": true,
          "수": "왕함"
        }
      },
      "mechanism": "기토와 무토가 수를 다루면 자원을 활용하는 능력이 강화된다.",
      "interpretation": "기토와 무토가 조화를 이루면 자원을 효과적으로 활용할 수 있다.",
      "action": "기토와 무토의 조화를 통해 자원을 관리하라.",
      "cautions": [
        "무토가 없으면 자원 활용이 제한될 수 있다."
      ],
      "tags": [
        "기토",
        "무토",
        "수",
        "자원",
        "관리"
      ],
      "id": "RC-0f1de4ca46"
    },
    {
      "topic": "STRUCTURE",
      "priority": 6,
      "trigger": {
        "사주구조": {
          "인성": "과다"
        }
      },
      "mechanism": "인성이 과다하면 생산적 코드가 약화된다.",
      "interpretation": "인성이 과다한 사주는 생산성이 저하될 가능성이 있다.",
      "action": "인성을 조절하기 위해 계수나 병화를 활용하라.",
      "cautions": [
        "인성이 과도하면 정체될 수 있다."
      ],
      "tags": [
        "인성",
        "생산성",
        "계수",
        "병화",
        "조절"
      ],
      "id": "RC-cdbb991858"
    }
  ],
  "notes": [],
  "schema_version": "rulecards.v1",
  "module_code": "SajuOS_STRU_119",
  "updated_at": "2025-12-23T20:27:24"
}