{
  "title": "SajuOS_Logic_STRU_M_168",
  "rulecards": [
    {
      "id": "RC-601746ae5f",
      "topic": "STRUCTURE",
      "priority": 9,
      "trigger": {
        "month": "6월",
        "element": "경금",
        "supporting_elements": [
          "수",
          "화"
        ]
      },
      "mechanism": "6월의 경금은 강한 에너지를 가지며, 이를 조화롭게 다루기 위해 수와 화의 조화가 필요함.",
      "interpretation": "수와 화가 없으면 경금의 에너지를 다루기 어려워지고, 사람을 다루는 능력이 부족해질 수 있음.",
      "action": "수와 화를 보완하여 경금의 에너지를 조화롭게 활용할 수 있는 환경을 조성하라.",
      "cautions": [
        "수와 화가 없으면 경쟁자를 적으로만 인식할 가능성이 있음."
      ],
      "tags": [
        "경금",
        "6월",
        "수",
        "화",
        "조화",
        "사람관리",
        "격국",
        "용신"
      ]
    },
    {
      "id": "RC-7d3b7ab0ee",
      "topic": "STRUCTURE",
      "priority": 8,
      "trigger": {
        "structure": "양인격",
        "useful_god": "편관"
      },
      "mechanism": "양인격은 편관을 용신으로 삼아야 그릇을 키우고 리더십을 발휘할 수 있음.",
      "interpretation": "편관을 통해 양인격의 강한 에너지를 조화롭게 활용할 수 있음.",
      "action": "편관을 활용하여 리더십을 발휘하고, 타인을 포용하는 자세를 가져라.",
      "cautions": [
        "편관이 약하면 배신당할 가능성이 있음."
      ],
      "tags": [
        "양인격",
        "편관",
        "리더십",
        "포용",
        "격국",
        "용신"
      ]
    },
    {
      "id": "RC-f907756b0d",
      "topic": "RELATION",
      "priority": 7,
      "trigger": {
        "relation": "겁재",
        "presence": true
      },
      "mechanism": "겁재는 타인과의 이질적 관계를 형성하며, 타인의 능력을 활용할 수 있는 기회를 제공함.",
      "interpretation": "겁재가 있으면 다양한 사람들과의 관계를 통해 성장할 수 있음.",
      "action": "타인의 능력을 인정하고, 협력 관계를 구축하라.",
      "cautions": [
        "겁재를 경쟁자로만 인식하면 관계가 악화될 수 있음."
      ],
      "tags": [
        "겁재",
        "타인",
        "관계",
        "협력",
        "성장",
        "이질성"
      ]
    },
    {
      "id": "RC-9dfbb34708",
      "topic": "CAREER",
      "priority": 8,
      "trigger": {
        "month": "6월",
        "element": "경금",
        "useful_god": "정화"
      },
      "mechanism": "정화는 경금의 날카로움을 부드럽게 하고, 직업적 방향성을 명확히 함.",
      "interpretation": "정화가 있으면 경금의 직업적 활용도가 높아지고, 권위와 안정성을 가질 수 있음.",
      "action": "정화를 통해 경금의 직업적 방향성을 명확히 하고, 권위를 강화하라.",
      "cautions": [
        "정화가 약하면 권위와 직업적 안정성이 부족할 수 있음."
      ],
      "tags": [
        "경금",
        "정화",
        "직업",
        "권위",
        "안정성",
        "6월"
      ]
    },
    {
      "id": "RC-a58189c87e",
      "topic": "CAREER",
      "priority": 7,
      "trigger": {
        "month": "6월",
        "element": "경금",
        "useful_god": "갑목"
      },
      "mechanism": "갑목은 정화를 지속적으로 지원하며, 경금의 직업적 안정성을 강화함.",
      "interpretation": "갑목이 있으면 경금의 직업적 지속성과 부하직원 관리 능력이 향상됨.",
      "action": "갑목을 통해 직업적 안정성과 지속성을 확보하라.",
      "cautions": [
        "갑목이 없으면 직업적 지속성이 약해질 수 있음."
      ],
      "tags": [
        "경금",
        "갑목",
        "정화",
        "직업",
        "안정성",
        "지속성"
      ]
    },
    {
      "id": "RC-701deaec73",
      "topic": "RELATION",
      "priority": 6,
      "trigger": {
        "relation": "겁재",
        "element": "식상"
      },
      "mechanism": "겁재가 식상을 보면 상대의 의중을 파악하고, 협력 관계를 형성할 수 있음.",
      "interpretation": "식상을 통해 겁재와의 관계를 협력적으로 전환할 수 있음.",
      "action": "식상을 활용하여 겁재와의 협력 관계를 강화하라.",
      "cautions": [
        "식상이 약하면 겁재와의 관계가 불안정해질 수 있음."
      ],
      "tags": [
        "겁재",
        "식상",
        "협력",
        "관계",
        "의중파악"
      ]
    },
    {
      "id": "RC-9696518bd8",
      "topic": "CAREER",
      "priority": 7,
      "trigger": {
        "month": "6월",
        "element": "경금",
        "useful_god": "병화"
      },
      "mechanism": "병화는 경금의 날카로움을 부드럽게 하고, 조화를 이루게 함.",
      "interpretation": "병화가 있으면 경금의 직업적 활용도가 높아지고, 대인관계가 원활해짐.",
      "action": "병화를 통해 경금의 날카로움을 완화하고, 대인관계를 개선하라.",
      "cautions": [
        "병화가 없으면 대인관계에서 오해를 받을 가능성이 있음."
      ],
      "tags": [
        "경금",
        "병화",
        "직업",
        "대인관계",
        "조화",
        "6월"
      ]
    },
    {
      "id": "RC-1c57417885",
      "topic": "CAREER",
      "priority": 6,
      "trigger": {
        "month": "6월",
        "element": "경금",
        "useful_god": "임수"
      },
      "mechanism": "임수는 경금의 에너지를 지속적으로 활용할 수 있는 통로를 제공함.",
      "interpretation": "임수가 있으면 경금의 직업적 활용도가 높아지고, 장기적인 안정성을 가질 수 있음.",
      "action": "임수를 통해 경금의 에너지를 지속적으로 활용할 수 있는 환경을 조성하라.",
      "cautions": [
        "임수가 없으면 경금의 에너지가 단기적으로 소진될 수 있음."
      ],
      "tags": [
        "경금",
        "임수",
        "직업",
        "안정성",
        "지속성",
        "6월"
      ]
    },
    {
      "topic": "CAREER",
      "priority": 8,
      "trigger": {
        "element": "겁재",
        "context": "직업군"
      },
      "mechanism": "겁재는 상대방에게 안식처를 제공하는 성향이 있음.",
      "interpretation": "겁재가 강한 사람은 교육, 상담, 장사 등 사람과의 교류가 중요한 직업에 적합.",
      "action": "교육, 상담, 카페 운영 등 사람과의 교류가 많은 직업을 고려.",
      "cautions": [
        "직장 생활보다는 독립적인 직업이 더 적합할 수 있음."
      ],
      "tags": [
        "겁재",
        "직업",
        "교육",
        "상담",
        "장사",
        "안식처",
        "사람",
        "교류"
      ],
      "id": "RC-1673864042"
    },
    {
      "topic": "CAREER",
      "priority": 7,
      "trigger": {
        "element": "정화",
        "context": "직업군"
      },
      "mechanism": "정화는 법적, 공적인 영역에서의 활동을 지원.",
      "interpretation": "정화가 강한 사람은 법조계나 공적인 직업에 적합.",
      "action": "법조계, 공무원 등 공적인 직업을 고려.",
      "cautions": [
        "정화가 약하면 해당 직업군에서 성공하기 어려울 수 있음."
      ],
      "tags": [
        "정화",
        "법조계",
        "공무원",
        "직업",
        "공적",
        "활동"
      ],
      "id": "RC-e4fe0e0a0e"
    },
    {
      "topic": "CAREER",
      "priority": 6,
      "trigger": {
        "element": "경금",
        "month": "6월"
      },
      "mechanism": "6월의 경금은 화극금의 작용이 어려워짐.",
      "interpretation": "6월 경금은 직업적 성공까지 시간이 오래 걸릴 수 있음.",
      "action": "장기적인 계획과 인내심을 가지고 직업을 준비.",
      "cautions": [
        "교육 과정에서 중도 탈락 가능성 있음.",
        "목의 유무가 승진 속도에 영향을 미침."
      ],
      "tags": [
        "경금",
        "6월",
        "직업",
        "교육",
        "승진",
        "화극금"
      ],
      "id": "RC-19d498ade3"
    },
    {
      "topic": "CAREER",
      "priority": 7,
      "trigger": {
        "element": "임수",
        "context": "사업"
      },
      "mechanism": "임수는 비겁과 식신을 연결하여 사업적 성공을 지원.",
      "interpretation": "임수가 있는 경우 사업적 성공 가능성이 높음.",
      "action": "사업을 계획하고 실행.",
      "cautions": [
        "운에서 금이 들어오면 더 큰 성공 가능."
      ],
      "tags": [
        "임수",
        "사업",
        "비겁",
        "식신",
        "성공",
        "운"
      ],
      "id": "RC-ac2ae75988"
    },
    {
      "topic": "CAREER",
      "priority": 6,
      "trigger": {
        "element": "경진일주"
      },
      "mechanism": "경진일주는 금의 결단력과 분별력이 약화됨.",
      "interpretation": "결정이 느리고 고민이 많아 직업적 비판을 받을 가능성 있음.",
      "action": "결정을 신속히 내리는 연습 필요.",
      "cautions": [
        "결정 지연으로 인해 신뢰를 잃을 수 있음."
      ],
      "tags": [
        "경진일주",
        "결단력",
        "분별력",
        "직업",
        "결정",
        "신뢰"
      ],
      "id": "RC-a1ffb161b7"
    },
    {
      "topic": "CAREER",
      "priority": 5,
      "trigger": {
        "element": "토",
        "context": "연속성"
      },
      "mechanism": "토는 삶의 연속성을 유지하는 역할을 함.",
      "interpretation": "토가 없으면 경력 단절이나 직업적 연속성이 부족할 가능성 있음.",
      "action": "토의 부족을 보완할 수 있는 계획 수립.",
      "cautions": [
        "경력 단절 가능성 있음.",
        "직업적 안정성이 낮아질 수 있음."
      ],
      "tags": [
        "토",
        "연속성",
        "경력",
        "직업",
        "안정성",
        "계획"
      ],
      "id": "RC-bab36d9fd2"
    },
    {
      "topic": "CAREER",
      "priority": 7,
      "trigger": {
        "element": "수화",
        "context": "능력"
      },
      "mechanism": "수화는 직업적 능력과 성공을 결정.",
      "interpretation": "수화가 부족하면 직업적 성공이 어려울 수 있음.",
      "action": "수화의 균형을 맞추는 방향으로 직업 선택.",
      "cautions": [
        "수화가 부족하면 사람 보는 눈이 부족할 수 있음."
      ],
      "tags": [
        "수화",
        "능력",
        "직업",
        "성공",
        "균형",
        "사람"
      ],
      "id": "RC-c43b5a3bfd"
    },
    {
      "topic": "CAREER",
      "priority": 6,
      "trigger": {
        "element": "목",
        "context": "승진"
      },
      "mechanism": "목은 승진 속도와 관련 있음.",
      "interpretation": "목이 없으면 승진이 느릴 가능성이 높음.",
      "action": "목의 부족을 보완할 수 있는 행동 계획 필요.",
      "cautions": [
        "목이 없으면 윗사람과의 관계에서 어려움이 있을 수 있음."
      ],
      "tags": [
        "목",
        "승진",
        "속도",
        "관계",
        "직업",
        "행동"
      ],
      "id": "RC-c632126d5b"
    },
    {
      "topic": "CAREER",
      "priority": 5,
      "trigger": {
        "element": "겁재",
        "context": "상담"
      },
      "mechanism": "겁재는 상대방에게 공감과 위로를 제공.",
      "interpretation": "겁재가 강한 사람은 상담 분야에서 성공 가능성이 높음.",
      "action": "상담 관련 직업을 고려.",
      "cautions": [
        "상담 유형에 따라 적합성이 다를 수 있음."
      ],
      "tags": [
        "겁재",
        "상담",
        "공감",
        "위로",
        "직업",
        "성공"
      ],
      "id": "RC-962e0392da"
    },
    {
      "topic": "CAREER",
      "priority": 6,
      "trigger": {
        "element": "경술일주",
        "context": "직업"
      },
      "mechanism": "경술일주는 종교적 성향과 공감 능력을 가짐.",
      "interpretation": "경술일주는 종교, 상담, 교육 등에서 적합.",
      "action": "종교적 활동이나 상담, 교육 직업을 고려.",
      "cautions": [
        "직업 선택 시 개인적 만족도를 고려."
      ],
      "tags": [
        "경술일주",
        "종교",
        "상담",
        "교육",
        "공감",
        "직업"
      ],
      "id": "RC-41ffdc24b1"
    }
  ],
  "notes": [
    "텍스트가 매우 길고 복잡하여 일부 규칙은 요약 및 단순화되었습니다.",
    "추가적인 규칙은 다음 청크에서 계속 추출될 예정입니다."
  ],
  "schema_version": "rulecards.v1",
  "module_code": "SajuOS_STRU_168",
  "updated_at": "2025-12-23T20:27:25"
}