{
  "title": "SajuOS_Logic_STRU_M_142",
  "rulecards": [
    {
      "id": "RC-dd498494cb",
      "topic": "STRUCTURE",
      "priority": 9,
      "trigger": {
        "month": "미월",
        "day_master": "무토"
      },
      "mechanism": "미월의 무토는 건조하고 뜨거운 환경에서 태어나 생산성이 저하됨.",
      "interpretation": "정신적 가치와 철학적 태도를 중시하는 경향이 강함.",
      "action": "개수를 통해 조후를 하고 간목과 병화를 보완하여 생산성을 높여야 함.",
      "cautions": [
        "개수가 없으면 주변과의 관계가 단절될 가능성이 높음."
      ],
      "tags": [
        "미월",
        "무토",
        "조후",
        "생산성",
        "개수",
        "간목",
        "병화",
        "정신적 가치",
        "철학적 태도"
      ]
    },
    {
      "id": "RC-38e4f7a451",
      "topic": "STRUCTURE",
      "priority": 8,
      "trigger": {
        "month": "미월",
        "day_master": "무토",
        "presence_of": [
          "개수"
        ]
      },
      "mechanism": "개수가 미토의 건조함을 완화하고 생명 활동을 보장함.",
      "interpretation": "개수가 있으면 무토가 활동하기 좋은 조건이 형성됨.",
      "action": "개수를 통해 온도를 낮추고 양분을 공급하여 환경을 조성.",
      "cautions": [
        "개수가 없으면 무토의 에너지가 고립될 가능성이 있음."
      ],
      "tags": [
        "미월",
        "무토",
        "개수",
        "조후",
        "생명 활동",
        "환경 조성"
      ]
    },
    {
      "id": "RC-fc82987be5",
      "topic": "STRUCTURE",
      "priority": 7,
      "trigger": {
        "month": "미월",
        "day_master": "무토",
        "presence_of": [
          "간목"
        ]
      },
      "mechanism": "간목이 무토의 겁제를 다스리고 활용 가능하게 함.",
      "interpretation": "간목이 있으면 겁제를 효과적으로 활용할 수 있음.",
      "action": "간목을 통해 겁제를 다스리고 생산성을 높이는 방향으로 활용.",
      "cautions": [
        "간목이 없으면 겁제가 무질서하게 작용할 가능성이 있음."
      ],
      "tags": [
        "미월",
        "무토",
        "간목",
        "겁제",
        "활용",
        "생산성"
      ]
    },
    {
      "id": "RC-9c69b47ac3",
      "topic": "STRUCTURE",
      "priority": 6,
      "trigger": {
        "month": "미월",
        "day_master": "무토",
        "presence_of": [
          "병화"
        ]
      },
      "mechanism": "병화가 간목의 성장을 돕고 무토의 생산성을 보완함.",
      "interpretation": "병화가 있으면 간목이 성장하여 무토의 생산성이 강화됨.",
      "action": "병화를 통해 간목의 성장을 지원하고 환경을 조성.",
      "cautions": [
        "병화가 없으면 간목의 성장과 생산성이 제한될 수 있음."
      ],
      "tags": [
        "미월",
        "무토",
        "병화",
        "간목",
        "생산성",
        "환경 조성"
      ]
    },
    {
      "id": "RC-5f14b326a6",
      "topic": "RELATION",
      "priority": 7,
      "trigger": {
        "month": "미월",
        "day_master": "무토",
        "presence_of": [
          "겁제"
        ]
      },
      "mechanism": "겁제가 정제를 건드려 무질서를 유발함.",
      "interpretation": "겁제가 있으면 외부와의 관계에서 갈등이 발생할 가능성이 있음.",
      "action": "겁제를 간목으로 다스리거나 금으로 설계하여 협력적 관계를 형성.",
      "cautions": [
        "겁제를 다루지 못하면 외부와의 갈등이 심화될 수 있음."
      ],
      "tags": [
        "미월",
        "무토",
        "겁제",
        "정제",
        "갈등",
        "협력"
      ]
    },
    {
      "id": "RC-b9b9136df9",
      "topic": "RELATION",
      "priority": 6,
      "trigger": {
        "month": "미월",
        "day_master": "무토",
        "presence_of": [
          "자수"
        ]
      },
      "mechanism": "미토가 자수의 형을 무너뜨려 갈등을 유발함.",
      "interpretation": "자수와의 관계에서 갈등이 발생할 가능성이 있음.",
      "action": "간목을 통해 자수를 보호하고 갈등을 완화.",
      "cautions": [
        "간목이 없으면 자수와의 갈등이 심화될 수 있음."
      ],
      "tags": [
        "미월",
        "무토",
        "자수",
        "갈등",
        "간목",
        "보호"
      ]
    },
    {
      "id": "RC-1719b613e1",
      "topic": "STRUCTURE",
      "priority": 8,
      "trigger": {
        "month": "미월",
        "day_master": "무토",
        "presence_of": [
          "금"
        ]
      },
      "mechanism": "금이 무토의 겁제를 설계하여 협력적 관계를 형성함.",
      "interpretation": "금이 있으면 겁제와의 협력적 관계가 강화됨.",
      "action": "금을 통해 겁제를 설계하고 협력적 환경을 조성.",
      "cautions": [
        "금이 약하면 겁제와의 협력이 어려울 수 있음."
      ],
      "tags": [
        "미월",
        "무토",
        "금",
        "겁제",
        "협력",
        "설계"
      ]
    },
    {
      "id": "RC-af15598183",
      "topic": "RELATION",
      "priority": 5,
      "trigger": {
        "month": "미월",
        "day_master": "무토",
        "presence_of": [
          "정인",
          "겁제"
        ]
      },
      "mechanism": "정인이 겁제를 생하여 자신의 권리를 양도함.",
      "interpretation": "정인이 겁제를 생하면 자신의 권리가 타인에게 넘어갈 가능성이 있음.",
      "action": "정인과 겁제의 관계를 주의 깊게 관찰하고 조정.",
      "cautions": [
        "정인이 겁제를 생하면 배신당할 가능성이 있음."
      ],
      "tags": [
        "미월",
        "무토",
        "정인",
        "겁제",
        "권리",
        "양도",
        "배신"
      ]
    },
    {
      "id": "RC-7d8fb059d4",
      "topic": "STRUCTURE",
      "priority": 7,
      "trigger": {
        "month": "미월",
        "day_master": "무토",
        "presence_of": [
          "양인"
        ]
      },
      "mechanism": "양인이 강하면 겁제가 쟁제를 더 잘 수행함.",
      "interpretation": "양인이 강하면 겁제가 재물을 더 적극적으로 건드릴 가능성이 있음.",
      "action": "양인을 금으로 설계하여 협력적 관계를 유지.",
      "cautions": [
        "양인을 다룰 때 살이 약하면 효과가 제한될 수 있음."
      ],
      "tags": [
        "미월",
        "무토",
        "양인",
        "겁제",
        "쟁제",
        "협력"
      ]
    },
    {
      "id": "RC-bb02b5470d",
      "topic": "RELATION",
      "priority": 6,
      "trigger": {
        "month": "미월",
        "day_master": "무토",
        "presence_of": [
          "목",
          "금"
        ]
      },
      "mechanism": "목과 금이 겁제와의 관계를 조정하여 균형을 유지함.",
      "interpretation": "목과 금이 있으면 겁제와의 관계에서 균형을 잡을 수 있음.",
      "action": "목과 금을 활용하여 겁제와의 관계를 조정.",
      "cautions": [
        "목과 금이 없으면 겁제와의 관계에서 균형이 깨질 수 있음."
      ],
      "tags": [
        "미월",
        "무토",
        "목",
        "금",
        "겁제",
        "균형",
        "조정"
      ]
    },
    {
      "id": "RC-e8b19920f0",
      "topic": "RELATION",
      "priority": 8,
      "trigger": {
        "relation": "원진"
      },
      "mechanism": "원진은 인간관계에서 갈등이나 배신을 유발할 수 있는 관계를 나타냄.",
      "interpretation": "원진 관계는 신뢰 문제나 갈등을 초래할 가능성이 높음.",
      "action": "원진 관계에 있는 사람들과의 금전적, 정서적 관계를 신중히 관리.",
      "cautions": [
        "갈등이 심화되지 않도록 조정 필요",
        "금전 거래 주의"
      ],
      "tags": [
        "원진",
        "갈등",
        "배신",
        "인간관계",
        "신뢰"
      ]
    },
    {
      "id": "RC-958447f6c4",
      "topic": "ELEMENTS",
      "priority": 7,
      "trigger": {
        "element": "목",
        "interaction": "수생목"
      },
      "mechanism": "수는 목을 생조하여 목의 성장을 돕는 역할을 함.",
      "interpretation": "목이 수의 도움을 받아 안정적으로 성장할 수 있음.",
      "action": "목의 성장을 위해 수의 영향을 활용.",
      "cautions": [
        "수의 과잉은 목의 균형을 깨뜨릴 수 있음"
      ],
      "tags": [
        "목",
        "수생목",
        "성장",
        "조화",
        "균형"
      ]
    },
    {
      "id": "RC-758e14989b",
      "topic": "RELATION",
      "priority": 6,
      "trigger": {
        "relation": "토국수"
      },
      "mechanism": "토는 수를 극하지만 목의 개입으로 조정됨.",
      "interpretation": "토국수 관계는 목의 개입으로 갈등이 완화될 수 있음.",
      "action": "목의 역할을 강화하여 토국수의 갈등을 조정.",
      "cautions": [
        "목이 부족하면 갈등이 심화될 수 있음"
      ],
      "tags": [
        "토국수",
        "갈등",
        "조정",
        "목",
        "균형"
      ]
    },
    {
      "id": "RC-30433e25ac",
      "topic": "STRUCTURE",
      "priority": 9,
      "trigger": {
        "month": "미월",
        "day": "무자일주"
      },
      "mechanism": "미월 무자일주는 인간관계와 재물 운에서 조정이 필요함.",
      "interpretation": "내년 운에서 인간관계와 재물 운이 개선될 가능성이 있음.",
      "action": "인간관계를 정리하고 재물 운을 활용한 투자 계획 수립.",
      "cautions": [
        "배신 가능성 주의",
        "투자 리스크 관리"
      ],
      "tags": [
        "미월",
        "무자일주",
        "인간관계",
        "재물운",
        "투자"
      ]
    },
    {
      "id": "RC-ccd1743505",
      "topic": "STRUCTURE",
      "priority": 7,
      "trigger": {
        "month": "미월",
        "element": "토왕"
      },
      "mechanism": "토왕한 사주는 목과 금의 조화로 균형을 맞춤.",
      "interpretation": "목과 금을 활용하여 사주의 조화를 이루는 것이 중요.",
      "action": "목과 금의 균형을 고려한 전략 수립.",
      "cautions": [
        "목과 금의 과잉 또는 부족 주의"
      ],
      "tags": [
        "미월",
        "토왕",
        "목",
        "금",
        "조화"
      ]
    },
    {
      "id": "RC-0e383a5fed",
      "topic": "RELATION",
      "priority": 8,
      "trigger": {
        "relation": "겁제",
        "condition": "평관"
      },
      "mechanism": "평관은 겁제를 다스리는 역할을 함.",
      "interpretation": "겁제를 효과적으로 다루기 위해 평관의 역할이 중요.",
      "action": "평관을 활용하여 겁제를 조정.",
      "cautions": [
        "겁제의 반발력 주의"
      ],
      "tags": [
        "겁제",
        "평관",
        "조정",
        "반발력",
        "균형"
      ]
    },
    {
      "id": "RC-a93bba7b64",
      "topic": "CAREER",
      "priority": 7,
      "trigger": {
        "month": "미월",
        "element": "목"
      },
      "mechanism": "목은 조직 장악력과 통솔력을 강화함.",
      "interpretation": "목의 강한 에너지는 리더십과 조직 관리 능력을 나타냄.",
      "action": "목의 에너지를 활용하여 조직 내 리더십 발휘.",
      "cautions": [
        "목의 과잉으로 인한 갈등 주의"
      ],
      "tags": [
        "미월",
        "목",
        "리더십",
        "조직관리",
        "통솔력"
      ]
    },
    {
      "id": "RC-e48cb44bf4",
      "topic": "WEALTH",
      "priority": 8,
      "trigger": {
        "month": "미월",
        "element": "개수"
      },
      "mechanism": "개수는 재물 운을 안정적으로 유지하는 역할을 함.",
      "interpretation": "개수가 있으면 재물 운이 안정되고 투자에 유리함.",
      "action": "개수를 활용하여 재물 운을 극대화.",
      "cautions": [
        "개수 부족 시 재물 운 약화"
      ],
      "tags": [
        "미월",
        "개수",
        "재물운",
        "투자",
        "안정"
      ]
    },
    {
      "id": "RC-1d13ed3cac",
      "topic": "RELATION",
      "priority": 6,
      "trigger": {
        "relation": "동업",
        "condition": "일제 식신"
      },
      "mechanism": "일제 식신은 동업에서 협력과 조화를 이끌어냄.",
      "interpretation": "동업에서 신뢰와 협력을 통해 성공 가능성이 높음.",
      "action": "동업 시 신뢰를 기반으로 협력 관계 구축.",
      "cautions": [
        "동업 시 이익 분배 문제 주의"
      ],
      "tags": [
        "동업",
        "식신",
        "협력",
        "신뢰",
        "조화"
      ]
    },
    {
      "id": "RC-1041ec1e6f",
      "topic": "STRUCTURE",
      "priority": 7,
      "trigger": {
        "month": "미월",
        "element": "진토"
      },
      "mechanism": "진토는 미월의 조열한 조건을 조정함.",
      "interpretation": "진토는 미월의 환경을 안정시키는 역할을 함.",
      "action": "진토의 에너지를 활용하여 환경 조정.",
      "cautions": [
        "진토의 과잉으로 인한 불균형 주의"
      ],
      "tags": [
        "미월",
        "진토",
        "조정",
        "환경",
        "안정"
      ]
    }
  ],
  "notes": [],
  "schema_version": "rulecards.v1",
  "module_code": "SajuOS_STRU_142",
  "updated_at": "2025-12-23T20:27:24"
}