{
  "title": "SajuOS_Logic_STRU_M_066",
  "rulecards": [
    {
      "id": "RC-92ce28614c",
      "topic": "STRUCTURE",
      "priority": 9,
      "trigger": {
        "month": "해월",
        "day_master": "병화"
      },
      "mechanism": "병화가 해월을 조우하면 조후의 역할을 하며 주변 환경에 개입한다.",
      "interpretation": "이 조합은 대인관계와 소통 능력에서 타고난 재능을 나타낸다.",
      "action": "대인관계에서 웃음과 긍정적인 이미지를 활용하라.",
      "cautions": [
        "조우가 약하면 주변의 인식이 달라질 수 있다."
      ],
      "tags": [
        "병화",
        "해월",
        "조우",
        "대인관계",
        "소통",
        "조후",
        "타고난재능",
        "이미지",
        "환경개입"
      ]
    },
    {
      "id": "RC-8d4a354073",
      "topic": "STRUCTURE",
      "priority": 8,
      "trigger": {
        "month": "해월",
        "day_master": "병화",
        "element": "습"
      },
      "mechanism": "병화는 습을 드러내는 역할을 하며, 이를 해결하려면 추가적인 요소가 필요하다.",
      "interpretation": "습한 환경에서는 병화만으로는 문제를 해결하기 어렵다.",
      "action": "습을 해결하기 위해 감목과 같은 조화로운 요소를 활용하라.",
      "cautions": [
        "병화 단독으로는 습을 완전히 제거할 수 없다."
      ],
      "tags": [
        "병화",
        "해월",
        "습",
        "감목",
        "조화",
        "환경",
        "문제해결",
        "조후",
        "조화요소"
      ]
    },
    {
      "id": "RC-af0a768064",
      "topic": "STRUCTURE",
      "priority": 7,
      "trigger": {
        "month": "해월",
        "day_master": "병화",
        "element": "무토"
      },
      "mechanism": "무토는 해월의 조건을 제한하며 병화의 개입을 돕는다.",
      "interpretation": "무토는 병화가 해월의 조건에 개입할 수 있도록 돕는 역할을 한다.",
      "action": "무토를 활용해 환경의 제한을 관리하라.",
      "cautions": [
        "무토만으로는 문제를 완전히 해결할 수 없다."
      ],
      "tags": [
        "병화",
        "해월",
        "무토",
        "제한",
        "환경관리",
        "조화",
        "문제해결",
        "조건",
        "개입"
      ]
    },
    {
      "id": "RC-2f0d2f21a6",
      "topic": "STRUCTURE",
      "priority": 8,
      "trigger": {
        "month": "해월",
        "day_master": "병화",
        "element": "감목"
      },
      "mechanism": "감목은 병화와 해월의 조화를 돕고 습을 해결한다.",
      "interpretation": "감목은 병화가 해월의 조건을 효과적으로 다룰 수 있도록 돕는다.",
      "action": "감목을 통해 환경을 정리하고 조화를 이루어라.",
      "cautions": [
        "감목이 없으면 환경 정리가 어렵다."
      ],
      "tags": [
        "병화",
        "해월",
        "감목",
        "조화",
        "습해결",
        "환경정리",
        "조후",
        "문제해결",
        "조건"
      ]
    },
    {
      "id": "RC-8b2d15fa89",
      "topic": "CAREER",
      "priority": 7,
      "trigger": {
        "month": "해월",
        "day_master": "병화",
        "element": "감목"
      },
      "mechanism": "감목은 병화가 전문성을 갖춘 직업을 가지도록 돕는다.",
      "interpretation": "감목이 있으면 병화는 전문성과 안정성을 갖춘 직업을 가질 가능성이 높다.",
      "action": "감목의 영향을 활용해 전문성을 키워라.",
      "cautions": [
        "감목이 없으면 직업 안정성이 낮아질 수 있다."
      ],
      "tags": [
        "병화",
        "해월",
        "감목",
        "전문성",
        "직업안정성",
        "조화",
        "직업",
        "능력",
        "환경"
      ]
    },
    {
      "id": "RC-2497351570",
      "topic": "STRUCTURE",
      "priority": 6,
      "trigger": {
        "month": "해월",
        "day_master": "병화",
        "element": "을목"
      },
      "mechanism": "을목은 병화와 해월의 관계에서 임시적인 해결책을 제공한다.",
      "interpretation": "을목은 병화와 해월의 관계에서 가변성이 큰 역할을 한다.",
      "action": "을목의 가변성을 활용해 단기적인 문제를 해결하라.",
      "cautions": [
        "을목은 장기적인 안정성을 제공하지 못한다."
      ],
      "tags": [
        "병화",
        "해월",
        "을목",
        "가변성",
        "임시해결",
        "조화",
        "문제해결",
        "조건",
        "환경"
      ]
    },
    {
      "id": "RC-36f39066a7",
      "topic": "STRUCTURE",
      "priority": 9,
      "trigger": {
        "month": "해월",
        "day_master": "병화",
        "element": "감목",
        "element2": "무토"
      },
      "mechanism": "감목과 무토는 병화가 해월의 조건을 다룰 수 있도록 돕는다.",
      "interpretation": "감목과 무토가 함께 있으면 병화는 환경을 효과적으로 관리할 수 있다.",
      "action": "감목과 무토의 조화를 통해 환경을 개선하라.",
      "cautions": [
        "감목과 무토가 없으면 환경 관리가 어려워진다."
      ],
      "tags": [
        "병화",
        "해월",
        "감목",
        "무토",
        "조화",
        "환경관리",
        "문제해결",
        "조건",
        "조후"
      ]
    },
    {
      "id": "RC-592a3ab60c",
      "topic": "CAREER",
      "priority": 8,
      "trigger": {
        "month": "해월",
        "day_master": "병화",
        "element": "감목",
        "element2": "무토"
      },
      "mechanism": "감목과 무토는 병화가 전문성과 직업적 안정성을 갖추도록 돕는다.",
      "interpretation": "감목과 무토가 있으면 병화는 전문성과 안정성을 갖춘 직업을 가질 가능성이 높다.",
      "action": "감목과 무토를 활용해 직업적 안정성을 확보하라.",
      "cautions": [
        "감목과 무토가 없으면 직업 안정성이 낮아질 수 있다."
      ],
      "tags": [
        "병화",
        "해월",
        "감목",
        "무토",
        "전문성",
        "직업안정성",
        "조화",
        "직업",
        "능력"
      ]
    },
    {
      "id": "RC-65fac481bb",
      "topic": "STRUCTURE",
      "priority": 7,
      "trigger": {
        "month": "해월",
        "day_master": "병화",
        "element": "임수"
      },
      "mechanism": "임수는 병화가 대중적 인기를 얻는 데 도움을 준다.",
      "interpretation": "임수가 있으면 병화는 대중적 선택을 받을 가능성이 높아진다.",
      "action": "임수를 활용해 대중적 이미지를 강화하라.",
      "cautions": [
        "임수가 없으면 대중적 인기를 얻기 어려울 수 있다."
      ],
      "tags": [
        "병화",
        "해월",
        "임수",
        "대중성",
        "인기",
        "조화",
        "이미지",
        "조건",
        "환경"
      ]
    },
    {
      "id": "RC-fd5b5bf8f0",
      "topic": "STRUCTURE",
      "priority": 6,
      "trigger": {
        "month": "해월",
        "day_master": "병화",
        "element": "금"
      },
      "mechanism": "금은 병화가 해월의 조건을 다룰 수 있도록 돕는다.",
      "interpretation": "금이 있으면 병화는 환경을 효과적으로 관리할 수 있다.",
      "action": "금을 활용해 환경을 개선하라.",
      "cautions": [
        "금이 없으면 환경 관리가 어려워질 수 있다."
      ],
      "tags": [
        "병화",
        "해월",
        "금",
        "조화",
        "환경관리",
        "문제해결",
        "조건",
        "조후",
        "조화요소"
      ]
    },
    {
      "topic": "STRUCTURE",
      "priority": 9,
      "trigger": {
        "condition": "관살 혼잡 또는 식상 혼잡"
      },
      "mechanism": "혼잡은 특정 오행의 개입으로 설계 가능",
      "interpretation": "혼잡한 구조는 특정 오행으로 해결 가능",
      "action": "혼잡을 해결할 수 있는 오행을 찾아 활용",
      "cautions": [
        "혼잡을 완전히 제거할 수는 없음"
      ],
      "tags": [
        "혼잡",
        "관살",
        "식상",
        "오행",
        "구조"
      ],
      "id": "RC-984dc97b76"
    },
    {
      "topic": "RELATION",
      "priority": 8,
      "trigger": {
        "note": "자녀와의 관계에서 관살 혼잡이 있는 경우"
      },
      "mechanism": "자녀의 성향에 맞추는 경향이 강함",
      "interpretation": "자녀가 부모의 개입을 이기는 구조",
      "action": "자녀의 성향을 존중하고 개입을 최소화",
      "cautions": [
        "과도한 개입은 갈등을 유발할 수 있음"
      ],
      "tags": [
        "자녀",
        "관계",
        "개입",
        "존중",
        "갈등"
      ],
      "id": "RC-cfbdd9cb4a"
    },
    {
      "topic": "CAREER",
      "priority": 7,
      "trigger": {
        "note": "직업에서 관살 혼잡이 있는 경우"
      },
      "mechanism": "직접 개입이 필요한 육체노동 경향",
      "interpretation": "전문성보다는 실질적 개입이 요구됨",
      "action": "직접적인 업무를 선택하고 전문성을 보완",
      "cautions": [
        "전문성 부족으로 인한 한계 주의"
      ],
      "tags": [
        "직업",
        "육체노동",
        "전문성",
        "개입",
        "한계"
      ],
      "id": "RC-008ffad66f"
    },
    {
      "topic": "CAREER",
      "priority": 8,
      "trigger": {
        "note": "감목이 있는 경우"
      },
      "mechanism": "감목은 문제 해결과 변화를 유도",
      "interpretation": "감목은 상담과 교육 분야에서 강점",
      "action": "상담이나 교육 관련 직업을 고려",
      "cautions": [
        "변화가 즉각적이지 않을 수 있음"
      ],
      "tags": [
        "감목",
        "상담",
        "교육",
        "변화",
        "문제해결"
      ],
      "id": "RC-173b8ef799"
    },
    {
      "topic": "RELATION",
      "priority": 6,
      "trigger": {
        "note": "병진일주와 원진 관계"
      },
      "mechanism": "원진은 감정적 오해와 우울감을 유발",
      "interpretation": "원진은 감정적 갈등과 오해를 초래",
      "action": "감정적 소통을 강화하고 오해를 줄이기 위한 노력 필요",
      "cautions": [
        "우울감이 심화될 가능성"
      ],
      "tags": [
        "원진",
        "감정",
        "오해",
        "우울감",
        "소통"
      ],
      "id": "RC-db0a51fd43"
    },
    {
      "topic": "CAREER",
      "priority": 9,
      "trigger": {
        "note": "감목이 원진을 해결하는 경우"
      },
      "mechanism": "감목은 습을 해소하고 문제를 해결",
      "interpretation": "감목은 청소나 정리와 관련된 직업에서 성공 가능",
      "action": "청소나 정리 관련 사업을 고려",
      "cautions": [
        "정신적 부담이 클 수 있음"
      ],
      "tags": [
        "감목",
        "청소",
        "정리",
        "문제해결",
        "사업"
      ],
      "id": "RC-95e3cfab37"
    },
    {
      "topic": "GENERAL",
      "priority": 7,
      "trigger": {
        "note": "습이 강한 경우"
      },
      "mechanism": "습은 감정적 문제를 유발",
      "interpretation": "습은 우울감과 감정적 불안을 초래",
      "action": "습을 해소할 수 있는 오행을 활용",
      "cautions": [
        "습이 해소되지 않으면 감정적 문제가 지속"
      ],
      "tags": [
        "습",
        "감정",
        "우울감",
        "해소",
        "오행"
      ],
      "id": "RC-8d491b4249"
    },
    {
      "topic": "TIMING",
      "priority": 8,
      "trigger": {
        "note": "감목이 필요한 사람의 연운"
      },
      "mechanism": "감목은 진토를 극복하고 감정적 해소를 유도",
      "interpretation": "감목의 연운은 감정적 안정과 문제 해결의 시기",
      "action": "감목의 연운을 활용해 중요한 결정을 내림",
      "cautions": [
        "상반기에는 어려움이 있을 수 있음"
      ],
      "tags": [
        "감목",
        "연운",
        "진토",
        "감정",
        "결정"
      ],
      "id": "RC-8e4a101102"
    },
    {
      "topic": "CAREER",
      "priority": 6,
      "trigger": {
        "note": "민수가 있는 경우"
      },
      "mechanism": "민수는 대중적 관심을 유도",
      "interpretation": "민수는 나 방송 등 대중 매체에 적합",
      "action": "대중 매체 관련 활동을 고려",
      "cautions": [
        "직업적 안정성이 낮을 수 있음"
      ],
      "tags": [
        "민수",
        "대중",
        "",
        "방송",
        "매체"
      ],
      "id": "RC-e91740b930"
    },
    {
      "topic": "RELATION",
      "priority": 7,
      "trigger": {
        "note": "병술과 병진의 차이"
      },
      "mechanism": "병술은 안정적이고 병진은 감정적 갈등이 큼",
      "interpretation": "병술은 감정적 안정, 병진은 갈등과 우울감",
      "action": "병진의 경우 감정적 소통을 강화",
      "cautions": [
        "병진은 우울감이 심화될 가능성"
      ],
      "tags": [
        "병술",
        "병진",
        "감정",
        "안정",
        "갈등"
      ],
      "id": "RC-26d06b242d"
    }
  ],
  "notes": [],
  "schema_version": "rulecards.v1",
  "module_code": "SajuOS_STRU_066",
  "updated_at": "2025-12-23T20:27:24"
}