{
  "title": "SajuOS_Logic_STRU_M_138",
  "rulecards": [
    {
      "id": "RC-3efc5098d0",
      "topic": "WEALTH",
      "priority": 9,
      "trigger": {
        "type": "재",
        "category": "편재"
      },
      "mechanism": "편재는 주변 자원을 활용하거나 변형하여 가치를 창출하는 성질을 가짐.",
      "interpretation": "편재가 강하면 자원을 활용하고 확장하려는 경향이 강함.",
      "action": "자원을 활용하여 투자나 사업을 통해 이익을 창출하라.",
      "cautions": [
        "무리한 확장은 손실을 초래할 수 있음.",
        "자신의 한계를 인지하고 계획적으로 행동할 것."
      ],
      "tags": [
        "편재",
        "자원활용",
        "투자",
        "확장",
        "사업"
      ]
    },
    {
      "id": "RC-83b1d730a5",
      "topic": "WEALTH",
      "priority": 8,
      "trigger": {
        "type": "재",
        "category": "정재"
      },
      "mechanism": "정재는 자원을 보존하고 안정적으로 관리하려는 성질을 가짐.",
      "interpretation": "정재가 강하면 자산을 축적하고 보존하려는 경향이 강함.",
      "action": "자산을 안정적으로 관리하고 저축을 우선시하라.",
      "cautions": [
        "과도한 보존은 기회를 놓칠 수 있음.",
        "변화에 유연하게 대처할 필요가 있음."
      ],
      "tags": [
        "정재",
        "자산관리",
        "저축",
        "안정",
        "보존"
      ]
    },
    {
      "id": "RC-319eac5cb1",
      "topic": "WEALTH",
      "priority": 7,
      "trigger": {
        "type": "재",
        "category": "쟁재"
      },
      "mechanism": "쟁재는 비겁과 재가 충돌하여 자원을 놓고 경쟁하는 상황을 나타냄.",
      "interpretation": "쟁재가 발생하면 자산 손실과 건강 문제를 동반할 가능성이 있음.",
      "action": "무리한 투자나 경쟁을 피하고 안정적인 자산 관리를 우선시하라.",
      "cautions": [
        "경쟁에서 패배할 경우 큰 손실을 입을 수 있음.",
        "건강 관리에 유의할 것."
      ],
      "tags": [
        "쟁재",
        "경쟁",
        "자산손실",
        "건강",
        "위험"
      ]
    },
    {
      "id": "RC-f9c3912b30",
      "topic": "WEALTH",
      "priority": 8,
      "trigger": {
        "type": "재",
        "category": "편재",
        "context": "미월의 을목"
      },
      "mechanism": "미월의 을목은 단기성과 회전율이 높은 재화를 선호함.",
      "interpretation": "미월의 을목은 빠른 회전율과 단기적인 이익을 추구하는 투자 방식이 적합함.",
      "action": "장기 투자보다는 단기적이고 회전율 높은 사업이나 투자를 선택하라.",
      "cautions": [
        "재고를 오래 보유하면 손실이 발생할 수 있음.",
        "시장 흐름을 잘 읽어야 함."
      ],
      "tags": [
        "미월",
        "을목",
        "단기투자",
        "회전율",
        "시장흐름"
      ]
    },
    {
      "id": "RC-92216135ff",
      "topic": "CAREER",
      "priority": 7,
      "trigger": {
        "type": "재",
        "category": "편재",
        "context": "상관생제"
      },
      "mechanism": "상관생제는 창의성과 자원의 활용을 통해 사업적 성공을 도모함.",
      "interpretation": "상관생제가 강하면 자영업이나 창의적인 사업에서 성공 가능성이 높음.",
      "action": "창의적인 아이디어를 활용하여 사업을 시작하거나 확장하라.",
      "cautions": [
        "과도한 확장은 실패를 초래할 수 있음.",
        "시장 조사를 철저히 할 것."
      ],
      "tags": [
        "상관생제",
        "창의성",
        "사업",
        "자영업",
        "성공"
      ]
    },
    {
      "id": "RC-471555d1bf",
      "topic": "WEALTH",
      "priority": 6,
      "trigger": {
        "type": "재",
        "category": "편재",
        "context": "병화와 결합"
      },
      "mechanism": "병화는 시장 흐름을 읽고 빠르게 대응하는 능력을 강화함.",
      "interpretation": "병화와 결합된 편재는 시장 흐름을 잘 읽어 사업적 성공을 도모함.",
      "action": "시장 흐름을 분석하고 빠르게 대응하여 기회를 잡아라.",
      "cautions": [
        "시장 흐름을 잘못 읽으면 손실이 발생할 수 있음.",
        "분석에 신중을 기할 것."
      ],
      "tags": [
        "병화",
        "시장흐름",
        "분석",
        "사업",
        "기회"
      ]
    },
    {
      "id": "RC-5d0cc2c44f",
      "topic": "WEALTH",
      "priority": 7,
      "trigger": {
        "type": "재",
        "category": "편재",
        "context": "계수와 결합"
      },
      "mechanism": "계수는 자원의 활용을 안정적으로 조율하는 역할을 함.",
      "interpretation": "계수가 있으면 편재의 확장성을 안정적으로 관리할 수 있음.",
      "action": "확장 계획을 세울 때 계수의 안정성을 활용하라.",
      "cautions": [
        "계수가 없으면 무리한 확장으로 손실이 발생할 수 있음."
      ],
      "tags": [
        "계수",
        "안정성",
        "확장",
        "관리",
        "편재"
      ]
    },
    {
      "id": "RC-fc7a3be78d",
      "topic": "WEALTH",
      "priority": 6,
      "trigger": {
        "type": "재",
        "category": "편재",
        "context": "미월의 을목과 병화"
      },
      "mechanism": "병화는 미월의 을목이 시장을 장악하는 능력을 강화함.",
      "interpretation": "병화가 있으면 미월의 을목은 시장에서 두각을 나타낼 가능성이 높음.",
      "action": "병화를 활용하여 시장에서의 입지를 강화하라.",
      "cautions": [
        "병화가 없으면 시장 장악력이 약해질 수 있음."
      ],
      "tags": [
        "병화",
        "미월",
        "을목",
        "시장장악",
        "입지"
      ]
    },
    {
      "id": "RC-75a46bd82f",
      "topic": "WEALTH",
      "priority": 5,
      "trigger": {
        "type": "재",
        "category": "편재",
        "context": "유금과 결합"
      },
      "mechanism": "유금은 편재의 확장성을 제한하여 안정성을 부여함.",
      "interpretation": "유금이 있으면 편재의 무리한 확장을 방지하고 안정적인 성장을 도모함.",
      "action": "유금을 활용하여 확장 계획을 안정적으로 조율하라.",
      "cautions": [
        "유금이 없으면 무리한 확장으로 손실이 발생할 수 있음."
      ],
      "tags": [
        "유금",
        "안정성",
        "확장",
        "편재",
        "성장"
      ]
    },
    {
      "id": "RC-a4768fb410",
      "topic": "WEALTH",
      "priority": 6,
      "trigger": {
        "type": "재",
        "category": "편재",
        "context": "미월의 을목과 계수"
      },
      "mechanism": "계수는 미월의 을목이 자원을 효율적으로 활용하도록 돕는 역할을 함.",
      "interpretation": "계수가 있으면 미월의 을목은 자원을 효율적으로 활용하여 성공 가능성이 높아짐.",
      "action": "계수를 활용하여 자원의 효율성을 극대화하라.",
      "cautions": [
        "계수가 없으면 자원 활용이 비효율적일 수 있음."
      ],
      "tags": [
        "계수",
        "미월",
        "을목",
        "효율성",
        "자원활용"
      ]
    },
    {
      "id": "RC-a14fa8e71e",
      "topic": "TEN_GODS",
      "priority": 8,
      "trigger": {
        "note": "재관이 강한 사주"
      },
      "mechanism": "재관은 기득권을 상징하며 보수적 성향을 나타냄.",
      "interpretation": "기득권을 중시하며 보수적인 가치관을 가질 가능성이 높음.",
      "action": "기득권을 유지하려는 태도를 점검하고 균형 잡힌 시각을 유지.",
      "cautions": [
        "기득권에 집착하면 변화에 둔감해질 수 있음."
      ],
      "tags": [
        "재관",
        "기득권",
        "보수",
        "십성",
        "성향"
      ]
    },
    {
      "id": "RC-428c993080",
      "topic": "TEN_GODS",
      "priority": 7,
      "trigger": {
        "note": "인성과 식상이 강한 사주"
      },
      "mechanism": "인성과 식상은 이념적이고 평등을 중시하는 성향을 나타냄.",
      "interpretation": "평등과 약자 보호를 중시하며 진보적 성향을 가질 가능성이 높음.",
      "action": "사회적 약자를 위한 활동에 참여하거나 공정성을 추구.",
      "cautions": [
        "이념에 치우쳐 현실적 판단을 놓칠 수 있음."
      ],
      "tags": [
        "인성",
        "식상",
        "평등",
        "진보",
        "십성"
      ]
    },
    {
      "id": "RC-9437ebff29",
      "topic": "STRUCTURE",
      "priority": 9,
      "trigger": {
        "day_pillar": "을사",
        "month_branch": "미"
      },
      "mechanism": "을목과 사화의 조합은 긴장감과 높은 회전율을 형성.",
      "interpretation": "을사일주는 높은 텐션과 빠른 반응력을 가짐.",
      "action": "긴장감을 관리하고 실수를 줄이는 전략을 세울 것.",
      "cautions": [
        "과도한 긴장으로 인해 실패 가능성이 높아질 수 있음."
      ],
      "tags": [
        "을사일주",
        "텐션",
        "회전율",
        "긴장감",
        "사화"
      ]
    },
    {
      "id": "RC-c0dd8994f6",
      "topic": "ELEMENTS",
      "priority": 8,
      "trigger": {
        "day_pillar": "을사",
        "month_branch": "미",
        "water": false
      },
      "mechanism": "개수는 을목의 긴장감을 완화하고 안정성을 제공.",
      "interpretation": "개수가 없으면 인생의 기복이 심하고 안정성이 부족.",
      "action": "개수를 보완하여 안정적인 삶을 추구.",
      "cautions": [
        "개수가 없으면 고집으로 인해 실패할 가능성이 높음."
      ],
      "tags": [
        "을목",
        "개수",
        "안정성",
        "긴장감",
        "수"
      ]
    },
    {
      "id": "RC-af87ca587a",
      "topic": "WEALTH",
      "priority": 7,
      "trigger": {
        "month_branch": "미",
        "fire": false
      },
      "mechanism": "화가 없으면 활동적이지 않고 투자 중심으로 재물을 추구.",
      "interpretation": "화가 없으면 몸을 움직이기보다 투자로 재물을 얻으려 함.",
      "action": "투자 전략을 세우고 분석력을 강화.",
      "cautions": [
        "화가 없으면 게으름으로 인해 기회를 놓칠 수 있음."
      ],
      "tags": [
        "재물",
        "투자",
        "화",
        "활동성",
        "분석력"
      ]
    },
    {
      "id": "RC-ab64f85d83",
      "topic": "CAREER",
      "priority": 6,
      "trigger": {
        "month_branch": "미",
        "metal": false
      },
      "mechanism": "금이 없으면 직장 내 안정성이 부족하고 이직률이 높음.",
      "interpretation": "직장에서의 지속성이 낮고 변동이 잦을 가능성이 있음.",
      "action": "금의 기운을 보완하거나 자영업을 고려.",
      "cautions": [
        "직장 내 불안정성으로 인해 스트레스가 증가할 수 있음."
      ],
      "tags": [
        "직장",
        "금",
        "안정성",
        "이직",
        "자영업"
      ]
    },
    {
      "id": "RC-fb94dd958a",
      "topic": "TIMING",
      "priority": 8,
      "trigger": {
        "note": "대운에서 큰 사건이나 사고를 겪는 경우"
      },
      "mechanism": "큰 사건은 성향과 가치관의 변화를 유발.",
      "interpretation": "대운에서의 경험이 개인의 성향을 좌우할 수 있음.",
      "action": "대운의 흐름을 분석하고 변화에 대비.",
      "cautions": [
        "큰 사건이 긍정적 변화로 이어지지 않을 수 있음."
      ],
      "tags": [
        "대운",
        "사건",
        "변화",
        "성향",
        "타이밍"
      ]
    },
    {
      "id": "RC-7bf712973c",
      "topic": "WEALTH",
      "priority": 9,
      "trigger": {
        "day_pillar": "의축",
        "month_branch": "미",
        "fire": true
      },
      "mechanism": "병화는 과거와 현재의 흐름을 읽는 인사이트를 제공.",
      "interpretation": "부동산 등 재산 관련 투자에 강한 통찰력을 발휘.",
      "action": "병화를 활용해 시장 흐름을 분석하고 투자 기회를 포착.",
      "cautions": [
        "병화가 없으면 투자 판단력이 약해질 수 있음."
      ],
      "tags": [
        "병화",
        "부동산",
        "투자",
        "인사이트",
        "재물"
      ]
    },
    {
      "id": "RC-fb9b0dc9f4",
      "topic": "STRUCTURE",
      "priority": 7,
      "trigger": {
        "note": "충미충 구조를 가진 사주"
      },
      "mechanism": "충미충은 영역 전환과 재구성을 상징.",
      "interpretation": "재건축, 재개발 등 변화와 전환에 강점이 있음.",
      "action": "충미충의 에너지를 활용해 새로운 기회를 창출.",
      "cautions": [
        "충의 에너지가 과도하면 불안정성이 증가할 수 있음."
      ],
      "tags": [
        "충미충",
        "재건축",
        "재개발",
        "변화",
        "전환"
      ]
    },
    {
      "id": "RC-1f4c370010",
      "topic": "LOVE",
      "priority": 5,
      "trigger": {
        "note": "병화와 간목이 조화를 이루는 경우"
      },
      "mechanism": "병화와 간목은 상생하며 관계의 조화를 이룸.",
      "interpretation": "조화로운 관계를 통해 안정적인 사랑을 추구.",
      "action": "상대방과의 조화를 중시하고 상생의 태도를 유지.",
      "cautions": [
        "병화와 간목의 균형이 깨지면 갈등이 발생할 수 있음."
      ],
      "tags": [
        "병화",
        "간목",
        "상생",
        "조화",
        "사랑"
      ]
    }
  ],
  "notes": [
    "텍스트에서 정치적 언급은 사주 해석과 관련된 부분만 반영.",
    "을사일주와 미월의 조합에 대한 상세한 분석 포함."
  ],
  "schema_version": "rulecards.v1",
  "module_code": "SajuOS_STRU_138",
  "updated_at": "2025-12-23T20:27:24"
}