{
  "title": "SajuOS_Logic_STRU_M_088",
  "rulecards": [
    {
      "id": "RC-21b75ac0f0",
      "topic": "STRUCTURE",
      "priority": 9,
      "trigger": {
        "element": "갑목",
        "season": "추월",
        "state": "사목"
      },
      "mechanism": "추월의 갑목은 계절적 영향으로 사목으로 작용하며, 생목과는 다른 성향을 보임.",
      "interpretation": "사목은 주어진 자원을 소유하려 하기보다는 관리하고 분석하는 데 초점이 맞춰짐.",
      "action": "사목적 성향을 활용해 관리, 재무, 분석 등의 직업군을 고려.",
      "cautions": [
        "사목은 생목과 달리 자원 극복보다는 종속적 성향을 가짐.",
        "환경적 영향을 크게 받음."
      ],
      "tags": [
        "갑목",
        "사목",
        "추월",
        "관리",
        "분석",
        "재무",
        "환경",
        "종속",
        "직업"
      ]
    },
    {
      "id": "RC-bb19bf061f",
      "topic": "RELATION",
      "priority": 8,
      "trigger": {
        "element": "갑목",
        "relation": "정재",
        "season": "추월"
      },
      "mechanism": "정재는 갑목을 구속하며 책임감을 부여함.",
      "interpretation": "정재는 환경적 영향을 통해 갑목의 삶에 큰 영향을 미침.",
      "action": "정재의 구속을 긍정적으로 활용해 책임감을 기반으로 성장.",
      "cautions": [
        "정재의 구속이 지나치면 삶의 자유를 제한할 수 있음.",
        "환경적 요인에 따라 삶의 질이 크게 달라질 수 있음."
      ],
      "tags": [
        "갑목",
        "정재",
        "구속",
        "책임감",
        "환경",
        "삶의 질",
        "추월"
      ]
    },
    {
      "id": "RC-1a0689e877",
      "topic": "STRUCTURE",
      "priority": 7,
      "trigger": {
        "element": "갑목",
        "relation": "경금",
        "state": "사목"
      },
      "mechanism": "경금은 사목의 갑목을 종속시키며 안정감을 제공.",
      "interpretation": "경금이 있으면 사목적 성향이 강화되고 안정적인 삶을 추구.",
      "action": "경금의 영향을 활용해 조직적이고 안정적인 직업을 선택.",
      "cautions": [
        "경금이 없으면 사목적 성향이 약화될 수 있음.",
        "종속적 성향이 지나치면 자기 주도성이 약화될 수 있음."
      ],
      "tags": [
        "갑목",
        "경금",
        "사목",
        "안정",
        "종속",
        "조직",
        "직업"
      ]
    },
    {
      "id": "RC-849abdc903",
      "topic": "STRUCTURE",
      "priority": 8,
      "trigger": {
        "element": "갑목",
        "relation": "병화",
        "state": "생목"
      },
      "mechanism": "병화는 갑목의 생목적 성향을 활성화하며 자립적 성향을 강화.",
      "interpretation": "병화가 있으면 갑목은 자립적이고 창의적인 삶을 추구.",
      "action": "병화를 활용해 창의적이고 독립적인 직업군을 선택.",
      "cautions": [
        "병화가 없으면 생목적 성향이 약화될 수 있음.",
        "환경적 제약에 주의."
      ],
      "tags": [
        "갑목",
        "병화",
        "생목",
        "자립",
        "창의성",
        "독립",
        "직업"
      ]
    },
    {
      "id": "RC-00551e4d31",
      "topic": "STRUCTURE",
      "priority": 7,
      "trigger": {
        "element": "갑목",
        "relation": "정화",
        "state": "사목"
      },
      "mechanism": "정화는 사목의 갑목에게 목적의식을 부여하며 직업적 성향을 강화.",
      "interpretation": "정화가 있으면 갑목은 관리, 재무, 분석 등 구체적인 직업군으로 나아감.",
      "action": "정화를 활용해 직업적 목표를 명확히 설정.",
      "cautions": [
        "정화가 없으면 직업적 방향성이 약화될 수 있음.",
        "목적의식 부족에 주의."
      ],
      "tags": [
        "갑목",
        "정화",
        "사목",
        "목적의식",
        "직업",
        "관리",
        "재무",
        "분석"
      ]
    },
    {
      "id": "RC-f86eca672d",
      "topic": "STRUCTURE",
      "priority": 6,
      "trigger": {
        "element": "갑목",
        "relation": "축토",
        "state": "사목"
      },
      "mechanism": "축토는 갑목을 구속하며 환경적 제약을 강화.",
      "interpretation": "축토가 강하면 갑목은 환경적 제약에 의해 삶의 방향이 제한됨.",
      "action": "축토의 구속을 긍정적으로 활용해 안정적인 기반을 마련.",
      "cautions": [
        "축토가 지나치게 강하면 삶의 유연성이 떨어질 수 있음.",
        "환경적 제약에 주의."
      ],
      "tags": [
        "갑목",
        "축토",
        "사목",
        "구속",
        "환경",
        "제약",
        "안정"
      ]
    },
    {
      "topic": "STRUCTURE",
      "priority": 9,
      "trigger": {
        "element": "경금",
        "strength": "weak",
        "paired_with": "정화"
      },
      "mechanism": "정화가 경금을 화학하여 공부의 성과를 결정함.",
      "interpretation": "경금이 약하거나 정화가 충분히 강하지 않으면 학업 성과가 저조할 수 있음.",
      "action": "정화의 강도를 강화하거나 경금을 보완하는 환경을 조성.",
      "cautions": [
        "정화가 약하면 경금의 역할이 제한됨.",
        "경금이 없으면 직업적 안정성이 부족할 수 있음."
      ],
      "tags": [
        "경금",
        "정화",
        "학업",
        "직업",
        "화학"
      ],
      "id": "RC-e51afa4b8b"
    },
    {
      "topic": "STRUCTURE",
      "priority": 8,
      "trigger": {
        "element": "정화",
        "paired_with": "사목"
      },
      "mechanism": "사목은 정화와 결합하여 직업적 준비를 돕지만, 돈을 목적으로 하면 실패 가능.",
      "interpretation": "사목은 직업적 목표를 우선시할 때 성공 가능성이 높음.",
      "action": "직업적 목표를 명확히 설정하고 돈은 부수적으로 생각.",
      "cautions": [
        "돈을 우선시하면 실패 가능.",
        "사목의 특성을 이해해야 함."
      ],
      "tags": [
        "정화",
        "사목",
        "직업",
        "목표",
        "성공"
      ],
      "id": "RC-c5392afebb"
    },
    {
      "topic": "RELATION",
      "priority": 7,
      "trigger": {
        "relation": "육합",
        "element": "축토",
        "state": "쉬는 상태"
      },
      "mechanism": "축토가 쉬는 상태에서는 육합으로 작용.",
      "interpretation": "육합은 강한 결속력을 가지며, 특정 상황에서 합처럼 보일 수 있음.",
      "action": "육합의 영향을 분석하여 관계의 변화를 예측.",
      "cautions": [
        "육합과 합의 차이를 명확히 구분해야 함."
      ],
      "tags": [
        "육합",
        "축토",
        "관계",
        "결속력",
        "합"
      ],
      "id": "RC-91b55dfa42"
    },
    {
      "topic": "STRUCTURE",
      "priority": 8,
      "trigger": {
        "element": "축토",
        "paired_with": "정인"
      },
      "mechanism": "축토와 정인은 전통과 고전을 계승하는 데 적합.",
      "interpretation": "축토와 정인의 조합은 전통적 가치를 유지하고 계승하는 데 유리.",
      "action": "전통적 가치나 고전을 계승하는 직업을 고려.",
      "cautions": [
        "현대적 변화와의 조화를 고려해야 함."
      ],
      "tags": [
        "축토",
        "정인",
        "전통",
        "계승",
        "고전"
      ],
      "id": "RC-b40a110cbb"
    },
    {
      "topic": "STRUCTURE",
      "priority": 7,
      "trigger": {
        "element": "사목",
        "paired_with": "생목"
      },
      "mechanism": "사목은 계승을 중시하며, 생목은 개인적 욕심을 중시.",
      "interpretation": "사목은 자식이나 후대의 이익을 우선시하며, 생목은 개인적 이익을 우선시함.",
      "action": "사목적 사고를 이해하고 후대의 이익을 고려.",
      "cautions": [
        "사목과 생목의 차이를 명확히 이해해야 함."
      ],
      "tags": [
        "사목",
        "생목",
        "계승",
        "욕심",
        "후대"
      ],
      "id": "RC-8daffbeb1c"
    },
    {
      "topic": "TEN_GODS",
      "priority": 6,
      "trigger": {
        "ten_god": "상관",
        "state": "강함"
      },
      "mechanism": "상관이 강하면 정의감과 충동성이 증가.",
      "interpretation": "상관이 강할 경우 주변 환경에 쉽게 영향을 받음.",
      "action": "충동적인 행동을 자제하고 신중히 판단.",
      "cautions": [
        "충동적 행동으로 인해 가족이나 주변인이 피해를 볼 수 있음."
      ],
      "tags": [
        "상관",
        "정의감",
        "충동",
        "가족",
        "판단"
      ],
      "id": "RC-c2cf090730"
    },
    {
      "topic": "STRUCTURE",
      "priority": 7,
      "trigger": {
        "element": "병화",
        "paired_with": "토"
      },
      "mechanism": "병화와 토의 조합은 안정성과 자기 중심성을 강화.",
      "interpretation": "병화와 토의 조합은 직업적 안정성과 자기 주도성을 제공.",
      "action": "병화와 토의 조합을 활용하여 안정적인 직업을 선택.",
      "cautions": [
        "병화와 토의 조화가 깨지지 않도록 주의."
      ],
      "tags": [
        "병화",
        "토",
        "안정성",
        "자기주도",
        "직업"
      ],
      "id": "RC-79391451ef"
    },
    {
      "topic": "STRUCTURE",
      "priority": 8,
      "trigger": {
        "element": "경금",
        "paired_with": "정화",
        "state": "투관"
      },
      "mechanism": "경금이 투관되면 안정성을 보장.",
      "interpretation": "경금이 투관되면 직업적 안정성과 재정적 안정이 가능.",
      "action": "경금을 활용하여 안정적인 기반을 마련.",
      "cautions": [
        "경금이 약하면 안정성이 부족할 수 있음."
      ],
      "tags": [
        "경금",
        "정화",
        "투관",
        "안정성",
        "직업"
      ],
      "id": "RC-337e818125"
    },
    {
      "topic": "RELATION",
      "priority": 6,
      "trigger": {
        "relation": "합",
        "element": "왕제",
        "state": "존재"
      },
      "mechanism": "왕제가 존재하면 합의 결속력이 강화.",
      "interpretation": "왕제가 합에 포함되면 강한 결속력을 형성.",
      "action": "왕제의 존재 여부를 확인하여 관계의 강도를 평가.",
      "cautions": [
        "왕제가 없으면 합의 효과가 약화될 수 있음."
      ],
      "tags": [
        "왕제",
        "합",
        "결속력",
        "관계",
        "강도"
      ],
      "id": "RC-f51e0c713a"
    },
    {
      "topic": "STRUCTURE",
      "priority": 7,
      "trigger": {
        "element": "정재",
        "state": "월간"
      },
      "mechanism": "정재는 현상 유지와 일의 지속성을 의미.",
      "interpretation": "정재가 월간에 있으면 안정적인 일과 재정 상태를 유지.",
      "action": "정재의 특성을 활용하여 지속 가능한 계획을 세움.",
      "cautions": [
        "정재를 과대평가하지 말고 현실적으로 접근."
      ],
      "tags": [
        "정재",
        "현상유지",
        "일",
        "재정",
        "안정성"
      ],
      "id": "RC-dd76822687"
    }
  ],
  "notes": [
    "추월의 갑목은 사목과 생목의 조건에 따라 삶의 방향성이 크게 달라짐.",
    "환경적 요인과 관계의 영향을 고려해야 함.",
    "텍스트가 매우 길고 복잡하여 일부 규칙은 간략화되었음.",
    "일부 조건은 구체적이지 않아 추상적으로 표현됨."
  ],
  "schema_version": "rulecards.v1",
  "module_code": "SajuOS_STRU_088",
  "updated_at": "2025-12-23T20:27:24"
}