{
  "title": "SajuOS_Logic_STRU_M_122",
  "rulecards": [
    {
      "id": "RC-277ce99bea",
      "topic": "TIMING",
      "priority": 8,
      "trigger": {
        "month": 4
      },
      "mechanism": "4월은 주변 환경을 조장하고 사람들을 움직이게 하는 에너지가 강하다.",
      "interpretation": "4월에 태어난 사람은 대인관계와 설득력이 뛰어나며 사회적 에너지를 잘 활용할 수 있다.",
      "action": "4월의 에너지를 활용해 영업, 설득, 대인관계에서 강점을 발휘하라.",
      "cautions": [
        "4월의 에너지가 과도하면 주변을 피로하게 만들 수 있다."
      ],
      "tags": [
        "4월",
        "대인관계",
        "설득력",
        "사회성",
        "조장"
      ]
    },
    {
      "id": "RC-d836212f0b",
      "topic": "ELEMENTS",
      "priority": 7,
      "trigger": {
        "element": "수",
        "season": "여름"
      },
      "mechanism": "여름의 수는 환경적으로 가장 필요한 요소로, 조후적 역할을 한다.",
      "interpretation": "여름에 태어난 수는 사회적 관계에서 호감을 얻고 조후를 해결하는 데 유리하다.",
      "action": "여름의 수를 활용해 사회적 관계를 강화하고 조후적 균형을 유지하라.",
      "cautions": [
        "여름의 수가 과도하면 감정적 소모가 클 수 있다."
      ],
      "tags": [
        "수",
        "여름",
        "조후",
        "사회성",
        "호감"
      ]
    },
    {
      "id": "RC-4a9d1a1d9d",
      "topic": "ELEMENTS",
      "priority": 9,
      "trigger": {
        "element": "임수",
        "month": 4
      },
      "mechanism": "임수는 데이터를 모으고 응집하는 역할을 하며, 4월의 조건에서 이를 활용한다.",
      "interpretation": "4월의 임수는 정보를 모으고 이를 활용하는 데 강점을 가진다.",
      "action": "임수의 특성을 활용해 데이터를 체계적으로 정리하고 활용 방안을 모색하라.",
      "cautions": [
        "임수는 마무리가 약할 수 있으므로 끝까지 책임지는 자세가 필요하다."
      ],
      "tags": [
        "임수",
        "4월",
        "데이터",
        "응집",
        "정보"
      ]
    },
    {
      "id": "RC-c0f246c71a",
      "topic": "ELEMENTS",
      "priority": 8,
      "trigger": {
        "element": "개수",
        "month": 4
      },
      "mechanism": "개수는 정보를 바로 활용할 수 있는 특성을 가지며, 4월의 조건에서 이를 발휘한다.",
      "interpretation": "4월의 개수는 빠르게 정보를 활용하고 실질적인 결과를 만들어낸다.",
      "action": "개수의 특성을 활용해 빠르고 효율적으로 문제를 해결하라.",
      "cautions": [
        "개수는 즉흥적일 수 있으므로 장기적인 계획도 고려해야 한다."
      ],
      "tags": [
        "개수",
        "4월",
        "정보",
        "효율성",
        "실질"
      ]
    },
    {
      "id": "RC-a89793a626",
      "topic": "STRUCTURE",
      "priority": 9,
      "trigger": {
        "element": "임수",
        "support": "금"
      },
      "mechanism": "금생수가 이루어지면 임수의 모으는 작용이 강화된다.",
      "interpretation": "금생수가 이루어진 임수는 지속적으로 능력을 축적하고 활용할 수 있다.",
      "action": "금생수를 통해 임수의 잠재력을 극대화하라.",
      "cautions": [
        "금생수가 부족하면 임수의 능력이 발휘되지 않을 수 있다."
      ],
      "tags": [
        "임수",
        "금생수",
        "축적",
        "활용",
        "잠재력"
      ]
    },
    {
      "id": "RC-894a95555a",
      "topic": "STRUCTURE",
      "priority": 8,
      "trigger": {
        "element": "임수",
        "month": 4,
        "support": "경금"
      },
      "mechanism": "경금은 미래적이고 설계적인 금으로, 임수의 이론적 측면을 강화한다.",
      "interpretation": "4월의 임수가 경금을 활용하면 이론적이고 분석적인 직업에 적합하다.",
      "action": "경금을 활용해 이론적 기반이 필요한 직업을 선택하라.",
      "cautions": [
        "경금은 실질적 활용보다는 이론적 측면에 치우칠 수 있다."
      ],
      "tags": [
        "임수",
        "경금",
        "이론",
        "분석",
        "직업"
      ]
    },
    {
      "id": "RC-ee977d2c69",
      "topic": "STRUCTURE",
      "priority": 8,
      "trigger": {
        "element": "임수",
        "month": 4,
        "support": "신금"
      },
      "mechanism": "신금은 실질적이고 현실적인 금으로, 임수의 실속을 강화한다.",
      "interpretation": "4월의 임수가 신금을 활용하면 실질적이고 빠른 결과를 낼 수 있다.",
      "action": "신금을 활용해 실속 있는 계획과 실행을 하라.",
      "cautions": [
        "신금은 단기적 성과에 집중할 수 있으므로 장기적 관점도 고려해야 한다."
      ],
      "tags": [
        "임수",
        "신금",
        "실질",
        "결과",
        "계획"
      ]
    },
    {
      "id": "RC-c6271276ba",
      "topic": "CAREER",
      "priority": 7,
      "trigger": {
        "element": "임수",
        "month": 4,
        "support": "목"
      },
      "mechanism": "목은 임수의 활동성을 강화하며, 개인 중심의 직업에 적합하다.",
      "interpretation": "4월의 임수가 목을 활용하면 창의적이고 독립적인 직업에 적합하다.",
      "action": "목의 에너지를 활용해 창의적이고 독립적인 직업을 탐색하라.",
      "cautions": [
        "목의 과도한 활동성은 에너지 소모를 초래할 수 있다."
      ],
      "tags": [
        "임수",
        "목",
        "창의성",
        "독립",
        "직업"
      ]
    },
    {
      "id": "RC-107bc60d9e",
      "topic": "CAREER",
      "priority": 7,
      "trigger": {
        "element": "임수",
        "month": 4,
        "support": "토"
      },
      "mechanism": "토는 임수의 안정성을 강화하며, 조직 중심의 직업에 적합하다.",
      "interpretation": "4월의 임수가 토를 활용하면 안정적이고 조직적인 직업에 적합하다.",
      "action": "토의 에너지를 활용해 안정적이고 조직적인 직업을 선택하라.",
      "cautions": [
        "토의 과도한 안정성은 변화에 둔감하게 만들 수 있다."
      ],
      "tags": [
        "임수",
        "토",
        "안정성",
        "조직",
        "직업"
      ]
    },
    {
      "id": "RC-8027a7a36e",
      "topic": "STRUCTURE",
      "priority": 6,
      "trigger": {
        "element": "임수",
        "month": 4,
        "support": "무토"
      },
      "mechanism": "무토는 임수의 역할을 명확히 하며, 안정적인 직업 환경을 제공한다.",
      "interpretation": "4월의 임수가 무토를 활용하면 장기적이고 안정적인 직업을 유지할 수 있다.",
      "action": "무토의 에너지를 활용해 장기적이고 안정적인 직업을 선택하라.",
      "cautions": [
        "무토는 변화에 유연하지 않을 수 있다."
      ],
      "tags": [
        "임수",
        "무토",
        "안정성",
        "장기적",
        "직업"
      ]
    },
    {
      "id": "RC-c21c64aa45",
      "topic": "STRUCTURE",
      "priority": 9,
      "trigger": {
        "month": "4월",
        "day_pillar": "임자일주",
        "presence_of": [
          "목",
          "토"
        ]
      },
      "mechanism": "목과 토가 조화를 이루면 안정된 삶의 구조를 형성함.",
      "interpretation": "목과 토가 있으면 안정된 삶을 살 가능성이 높음.",
      "action": "목과 토의 조화를 유지하며 삶의 안정성을 추구하라.",
      "cautions": [
        "목과 토의 균형이 깨지면 불안정해질 수 있음."
      ],
      "tags": [
        "임자일주",
        "목",
        "토",
        "안정",
        "삶의 구조"
      ]
    },
    {
      "id": "RC-a500dc2ea0",
      "topic": "WEALTH",
      "priority": 8,
      "trigger": {
        "presence_of": [
          "금"
        ],
        "month": "4월"
      },
      "mechanism": "금은 자격과 전문성을 상징하며, 이를 통해 부를 창출함.",
      "interpretation": "금이 있으면 자격을 갖추고 전문성을 통해 부를 얻을 가능성이 높음.",
      "action": "금이 있다면 자격증 취득이나 전문성을 키우는 데 집중하라.",
      "cautions": [
        "금이 없으면 부의 창출이 어려울 수 있음."
      ],
      "tags": [
        "금",
        "자격",
        "전문성",
        "부",
        "4월"
      ]
    },
    {
      "id": "RC-ce25362885",
      "topic": "CAREER",
      "priority": 7,
      "trigger": {
        "presence_of": [
          "목"
        ],
        "absence_of": [
          "금"
        ]
      },
      "mechanism": "목은 자영업적 성향을 강화하며 조직보다는 독립적인 경향을 보임.",
      "interpretation": "목이 있으면 자영업이나 프리랜서 형태의 직업이 적합할 수 있음.",
      "action": "목의 에너지를 활용해 독립적인 직업을 모색하라.",
      "cautions": [
        "조직 생활에 적응하기 어려울 수 있음."
      ],
      "tags": [
        "목",
        "자영업",
        "프리랜서",
        "직업",
        "독립"
      ]
    },
    {
      "id": "RC-c1158fcb49",
      "topic": "RELATION",
      "priority": 6,
      "trigger": {
        "day_pillar": "임자일주",
        "presence_of": [
          "겁재"
        ]
      },
      "mechanism": "겁재는 긴장감을 유발하며, 관계에서 경쟁과 갈등을 초래할 수 있음.",
      "interpretation": "겁재가 있으면 관계에서 긴장감이 높아지고 갈등이 발생할 가능성이 있음.",
      "action": "겁재를 통제하고 안정적인 관계를 유지하려 노력하라.",
      "cautions": [
        "겁재를 통제하지 못하면 관계가 불안정해질 수 있음."
      ],
      "tags": [
        "겁재",
        "임자일주",
        "관계",
        "긴장감",
        "갈등"
      ]
    },
    {
      "id": "RC-1b5aa3918c",
      "topic": "TIMING",
      "priority": 8,
      "trigger": {
        "year": "계묘년",
        "month": "4월",
        "day_pillar": "임자일주"
      },
      "mechanism": "계묘년의 목 에너지가 직업적 변화를 촉진함.",
      "interpretation": "계묘년에는 이직이나 직업적 변화가 일어날 가능성이 높음.",
      "action": "이직을 고려한다면 하반기에 실행하라.",
      "cautions": [
        "변화가 긍정적일지 부정적일지 신중히 판단하라."
      ],
      "tags": [
        "계묘년",
        "이직",
        "직업 변화",
        "임자일주",
        "4월"
      ]
    },
    {
      "id": "RC-257f9d61ef",
      "topic": "GENERAL",
      "priority": 7,
      "trigger": {
        "note": "목생화와 관련된 조우적 조절 필요"
      },
      "mechanism": "목생화는 에너지의 흐름을 조절하며 균형을 유지함.",
      "interpretation": "목생화의 조절이 삶의 균형을 유지하는 데 중요함.",
      "action": "목생화의 흐름을 조절할 수 있는 환경을 조성하라.",
      "cautions": [
        "목생화의 흐름이 과도하거나 부족하면 불균형이 초래될 수 있음."
      ],
      "tags": [
        "목생화",
        "조우",
        "균형",
        "조절",
        "에너지"
      ]
    },
    {
      "id": "RC-8ef076e338",
      "topic": "LOVE",
      "priority": 6,
      "trigger": {
        "day_pillar": "임자일주",
        "presence_of": [
          "비겁"
        ]
      },
      "mechanism": "비겁은 이성에 대한 감각을 강화하며, 눈이 높아질 수 있음.",
      "interpretation": "비겁이 있으면 이성에 대한 기준이 높아질 가능성이 있음.",
      "action": "이성 관계에서 현실적인 기대치를 설정하라.",
      "cautions": [
        "비겁이 과도하면 관계 형성이 어려울 수 있음."
      ],
      "tags": [
        "비겁",
        "임자일주",
        "이성",
        "감각",
        "기준"
      ]
    },
    {
      "id": "RC-32bb45d4c3",
      "topic": "CAREER",
      "priority": 7,
      "trigger": {
        "presence_of": [
          "토"
        ],
        "absence_of": [
          "금"
        ]
      },
      "mechanism": "토는 조직 중심의 직업을 선호하게 만듦.",
      "interpretation": "토가 있으면 조직 중심의 직업을 선택할 가능성이 높음.",
      "action": "조직 내에서 안정적인 직업을 찾으라.",
      "cautions": [
        "금이 없으면 직업의 퀄리티가 낮을 수 있음."
      ],
      "tags": [
        "토",
        "조직",
        "직업",
        "안정",
        "금"
      ]
    },
    {
      "id": "RC-24171ad899",
      "topic": "TIMING",
      "priority": 5,
      "trigger": {
        "presence_of": [
          "화"
        ],
        "absence_of": [
          "금"
        ]
      },
      "mechanism": "화의 강한 에너지가 자산의 흩어짐을 유발할 수 있음.",
      "interpretation": "화가 강한 시기에는 자산 관리에 주의가 필요함.",
      "action": "화 운이 강할 때는 자산 관리에 신중하라.",
      "cautions": [
        "화의 에너지가 과도하면 자산 손실이 발생할 수 있음."
      ],
      "tags": [
        "화",
        "자산",
        "관리",
        "손실",
        "운"
      ]
    },
    {
      "id": "RC-03738f07d8",
      "topic": "EXAM",
      "priority": 7,
      "trigger": {
        "presence_of": [
          "금"
        ],
        "month": "4월"
      },
      "mechanism": "금은 학업과 자격증 취득에 유리한 에너지를 제공함.",
      "interpretation": "금이 있으면 학업 성취와 자격증 취득 가능성이 높음.",
      "action": "금의 에너지를 활용해 학업과 자격증 취득에 집중하라.",
      "cautions": [
        "금이 없으면 학업 성취가 제한될 수 있음."
      ],
      "tags": [
        "금",
        "학업",
        "자격증",
        "성취",
        "4월"
      ]
    }
  ],
  "notes": [],
  "schema_version": "rulecards.v1",
  "module_code": "SajuOS_STRU_122",
  "updated_at": "2025-12-23T20:27:24"
}