{
  "title": "SajuOS_Logic_STRU_M_143",
  "rulecards": [
    {
      "id": "RC-6ba72fbd1d",
      "topic": "STRUCTURE",
      "priority": 9,
      "trigger": {
        "month": "미월",
        "day_master": "기토"
      },
      "mechanism": "미월의 기토는 화기를 품고 있어 근기가 안정적이다.",
      "interpretation": "멘탈이 강하고 자존감이 높은 사람으로, 흔들림 없는 신념과 철학을 가질 가능성이 높다.",
      "action": "자신의 신념을 기반으로 독립적인 결정을 내릴 수 있도록 지원하라.",
      "cautions": [
        "자존감과 자신감을 혼동하지 않도록 주의할 것."
      ],
      "tags": [
        "미월",
        "기토",
        "자존감",
        "멘탈",
        "신념"
      ]
    },
    {
      "id": "RC-3b74cd9fb0",
      "topic": "ELEMENTS",
      "priority": 8,
      "trigger": {
        "month": "미월",
        "day_master": "기토",
        "presence_of": "개수"
      },
      "mechanism": "개수가 기토의 조열함을 완화하고 본질을 회복시킨다.",
      "interpretation": "개수가 있으면 기토가 부드러워지고 외부 환경에 더 잘 적응한다.",
      "action": "개수를 활용해 기토의 조열함을 완화하고 생산성을 높여라.",
      "cautions": [
        "개수가 없으면 고집이 강해지고 외부 환경에 적응하기 어려울 수 있다."
      ],
      "tags": [
        "미월",
        "기토",
        "개수",
        "조열",
        "적응력"
      ]
    },
    {
      "id": "RC-7b9def7d3c",
      "topic": "STRUCTURE",
      "priority": 7,
      "trigger": {
        "month": "미월",
        "day_master": "기토",
        "dominant_element": "토"
      },
      "mechanism": "토가 왕하면 금과 목의 조화를 통해 균형을 잡는다.",
      "interpretation": "토가 강한 사주는 금과 목을 통해 생산성과 균형을 유지할 수 있다.",
      "action": "금과 목의 조화를 통해 사주의 균형을 맞춰라.",
      "cautions": [
        "금과 목이 없으면 고집이 강해지고 경제적 문제가 발생할 수 있다."
      ],
      "tags": [
        "미월",
        "기토",
        "토왕",
        "금목",
        "균형"
      ]
    },
    {
      "id": "RC-cc8e4c12ed",
      "topic": "CAREER",
      "priority": 8,
      "trigger": {
        "month": "미월",
        "day_master": "기토",
        "presence_of": "목"
      },
      "mechanism": "목은 직업적 생산성을 높이고 조직 생활에 적합하게 만든다.",
      "interpretation": "목이 있으면 직장 생활에서 성과를 내고 조직 내에서 인정받을 가능성이 높다.",
      "action": "목을 활용해 직업적 성과를 극대화하라.",
      "cautions": [
        "목이 없으면 직업적 안정성이 떨어질 수 있다."
      ],
      "tags": [
        "미월",
        "기토",
        "목",
        "직업",
        "조직생활"
      ]
    },
    {
      "id": "RC-043a0786bd",
      "topic": "WEALTH",
      "priority": 7,
      "trigger": {
        "month": "미월",
        "day_master": "기토",
        "presence_of": "금"
      },
      "mechanism": "금은 기토의 생산성을 높이고 재물을 형성한다.",
      "interpretation": "금이 있으면 재물 운이 좋아지고 사업적 성공 가능성이 높아진다.",
      "action": "금의 에너지를 활용해 재물 운을 강화하라.",
      "cautions": [
        "금이 없으면 재물 운이 약해질 수 있다."
      ],
      "tags": [
        "미월",
        "기토",
        "금",
        "재물",
        "사업"
      ]
    },
    {
      "id": "RC-4b8dbe592c",
      "topic": "CAREER",
      "priority": 6,
      "trigger": {
        "month": "미월",
        "day_master": "기토",
        "presence_of": "목",
        "supporting_element": "수"
      },
      "mechanism": "수가 목을 보좌하여 직업적 야망과 성과를 강화한다.",
      "interpretation": "수가 있으면 목의 에너지가 강화되어 직업적 성공 가능성이 높아진다.",
      "action": "수가 목을 보좌하도록 환경을 조성하라.",
      "cautions": [
        "수가 없으면 직업적 야망이 약해질 수 있다."
      ],
      "tags": [
        "미월",
        "기토",
        "목",
        "수",
        "직업"
      ]
    },
    {
      "id": "RC-ea7e785d8a",
      "topic": "LOVE",
      "priority": 5,
      "trigger": {
        "month": "미월",
        "day_master": "기토",
        "presence_of": "비견"
      },
      "mechanism": "비견은 주변 사람들과의 관계를 강화하고 신뢰를 형성한다.",
      "interpretation": "비견이 있으면 주변 사람들과의 관계가 원활하고 신뢰를 얻는다.",
      "action": "비견의 에너지를 활용해 인간관계를 강화하라.",
      "cautions": [
        "비견이 없으면 인간관계가 약해질 수 있다."
      ],
      "tags": [
        "미월",
        "기토",
        "비견",
        "인간관계",
        "신뢰"
      ]
    },
    {
      "id": "RC-cc2a4982f0",
      "topic": "CAREER",
      "priority": 7,
      "trigger": {
        "month": "미월",
        "day_master": "기토",
        "presence_of": "목",
        "fire_support": true
      },
      "mechanism": "화가 목을 생하여 직업적 안정성을 높인다.",
      "interpretation": "화가 있으면 목의 에너지가 강화되어 직업적 안정성이 높아진다.",
      "action": "화의 에너지를 활용해 직업적 안정성을 강화하라.",
      "cautions": [
        "화가 없으면 직업적 안정성이 약해질 수 있다."
      ],
      "tags": [
        "미월",
        "기토",
        "목",
        "화",
        "직업안정"
      ]
    },
    {
      "id": "RC-0c2058df2e",
      "topic": "WEALTH",
      "priority": 6,
      "trigger": {
        "month": "미월",
        "day_master": "기토",
        "presence_of": "금",
        "water_support": true
      },
      "mechanism": "금생수가 재물 운을 강화하고 사업적 성공을 돕는다.",
      "interpretation": "금생수가 있으면 재물 운이 강화되고 사업적 성공 가능성이 높아진다.",
      "action": "금생수의 에너지를 활용해 재물 운을 강화하라.",
      "cautions": [
        "금생수가 없으면 재물 운이 약해질 수 있다."
      ],
      "tags": [
        "미월",
        "기토",
        "금생수",
        "재물",
        "사업"
      ]
    },
    {
      "id": "RC-b4c7137834",
      "topic": "GENERAL",
      "priority": 5,
      "trigger": {
        "note": "미월의 기토와 관련된 일반적 특성"
      },
      "mechanism": "미월의 기토는 생산성과 확장성이 뛰어나다.",
      "interpretation": "미월의 기토는 결과를 빠르게 만들어내는 특징이 있다.",
      "action": "기토의 생산성을 활용해 빠르게 결과를 만들어내라.",
      "cautions": [
        "조열함이 심하면 생산성이 떨어질 수 있다."
      ],
      "tags": [
        "미월",
        "기토",
        "생산성",
        "확장성",
        "결과"
      ]
    },
    {
      "topic": "ELEMENTS",
      "priority": 9,
      "trigger": {
        "earth_dry": true,
        "metal_present": false
      },
      "mechanism": "건조한 토는 금을 생하지 못함.",
      "interpretation": "생산성이 떨어지고 금의 역할이 약화됨.",
      "action": "계수를 보완하여 조후를 맞추는 것이 필요.",
      "cautions": [
        "건조한 토는 금을 약화시킴.",
        "계수가 없으면 문제 해결이 어려움."
      ],
      "tags": [
        "토생금",
        "조토",
        "계수",
        "생산성",
        "조후"
      ],
      "id": "RC-0bc51ef6ae"
    },
    {
      "topic": "ELEMENTS",
      "priority": 8,
      "trigger": {
        "water_present": true,
        "wood_used": true
      },
      "mechanism": "수가 보완되면 목과 금의 활용 가능성이 높아짐.",
      "interpretation": "현실적인 공부와 자격을 갖추게 됨.",
      "action": "수가 있는 상태에서 목과 금을 활용하여 직업적 성취를 도모.",
      "cautions": [
        "수가 없으면 목과 금의 활용이 제한됨."
      ],
      "tags": [
        "수",
        "목",
        "금",
        "현실적 공부",
        "직업"
      ],
      "id": "RC-4d4554699a"
    },
    {
      "topic": "CAREER",
      "priority": 7,
      "trigger": {
        "month": "미월",
        "earth_type": "기토",
        "metal_water_present": true
      },
      "mechanism": "미월의 기토는 금생수를 통해 생산성을 높임.",
      "interpretation": "음식이나 치료와 관련된 직업에 적합.",
      "action": "음식으로 사람을 치유하거나 관련 직업을 고려.",
      "cautions": [
        "금생수가 없으면 생산성이 떨어짐."
      ],
      "tags": [
        "미월",
        "기토",
        "금생수",
        "음식",
        "치료"
      ],
      "id": "RC-974968585e"
    },
    {
      "topic": "CAREER",
      "priority": 8,
      "trigger": {
        "day_master": "기미",
        "month": "미월",
        "wood_present": true
      },
      "mechanism": "목극토를 통해 부동산 개발에 적합한 조건 형성.",
      "interpretation": "부동산 개발, 재건축, 경매 등에 적합.",
      "action": "목이 있을 때 부동산 관련 사업을 추진.",
      "cautions": [
        "목이 없으면 부동산 관련 활동이 제한됨."
      ],
      "tags": [
        "기미",
        "미월",
        "목극토",
        "부동산",
        "개발"
      ],
      "id": "RC-c09038eb5e"
    },
    {
      "topic": "CAREER",
      "priority": 7,
      "trigger": {
        "day_master": "기축",
        "month": "미월",
        "wood_present": true
      },
      "mechanism": "기축일주는 남들이 관심 없는 분야에 집중.",
      "interpretation": "그린벨트 해제 등 특수한 부동산 분야에 적합.",
      "action": "남들이 간과하는 부동산 기회를 탐색.",
      "cautions": [
        "목이 없으면 기회 포착이 어려움."
      ],
      "tags": [
        "기축",
        "미월",
        "목",
        "부동산",
        "특수 분야"
      ],
      "id": "RC-463489b133"
    },
    {
      "topic": "WEALTH",
      "priority": 8,
      "trigger": {
        "wood_present": true,
        "water_present": true,
        "fire_present": true
      },
      "mechanism": "목, 수, 화의 조화로 투자 안정성 확보.",
      "interpretation": "투자 성공 가능성이 높아짐.",
      "action": "목, 수, 화가 조화를 이루는 시기에 투자 계획 실행.",
      "cautions": [
        "화가 없으면 확신 부족으로 투자 실패 가능."
      ],
      "tags": [
        "목",
        "수",
        "화",
        "투자",
        "안정성"
      ],
      "id": "RC-9a26db17a8"
    },
    {
      "topic": "WEALTH",
      "priority": 6,
      "trigger": {
        "water_absent": true
      },
      "mechanism": "수가 없으면 투자 대신 수수료 수익에 의존.",
      "interpretation": "큰 이익보다는 소규모 수익에 그침.",
      "action": "수가 부족한 경우 안정적인 수익 모델을 선택.",
      "cautions": [
        "수가 없으면 투자 성공 가능성이 낮음."
      ],
      "tags": [
        "수",
        "투자",
        "수수료",
        "안정성",
        "수익"
      ],
      "id": "RC-611f513943"
    },
    {
      "topic": "CAREER",
      "priority": 7,
      "trigger": {
        "day_master": "김일주",
        "earth_type": "기토",
        "metal_water_present": true
      },
      "mechanism": "금생수를 통해 음지에서 양지로 전환 가능.",
      "interpretation": "음지 직업에서 양지 직업으로 전환 가능성.",
      "action": "금과 수를 활용하여 사회적 위치를 상승.",
      "cautions": [
        "금생수가 없으면 음지에 머물 가능성."
      ],
      "tags": [
        "김일주",
        "기토",
        "금생수",
        "음지",
        "양지"
      ],
      "id": "RC-1a4a162a2d"
    },
    {
      "topic": "STRUCTURE",
      "priority": 9,
      "trigger": {
        "month": "미월",
        "earth_type": "기토",
        "water_absent": true
      },
      "mechanism": "계수가 없으면 고집이 강해짐.",
      "interpretation": "고집으로 인해 성공과 실패가 극명히 나뉨.",
      "action": "계수를 보완하여 유연성을 키움.",
      "cautions": [
        "고집이 지나치면 실패 가능성 증가."
      ],
      "tags": [
        "미월",
        "기토",
        "계수",
        "고집",
        "유연성"
      ],
      "id": "RC-03b8a8fc7c"
    },
    {
      "topic": "CAREER",
      "priority": 8,
      "trigger": {
        "month": "미월",
        "earth_type": "기토",
        "metal_present": true,
        "water_present": true
      },
      "mechanism": "금생수를 통해 사업화 가능.",
      "interpretation": "사회적 양지로 올라갈 가능성이 높아짐.",
      "action": "금과 수를 활용하여 사업을 추진.",
      "cautions": [
        "금생수가 없으면 사업화가 어려움."
      ],
      "tags": [
        "미월",
        "기토",
        "금생수",
        "사업",
        "양지"
      ],
      "id": "RC-e12a32581b"
    }
  ],
  "notes": [],
  "schema_version": "rulecards.v1",
  "module_code": "SajuOS_STRU_143",
  "updated_at": "2025-12-23T20:27:24"
}