{
  "title": "SajuOS_Logic_STRU_M_102",
  "rulecards": [
    {
      "id": "RC-5f2e36ff24",
      "topic": "ELEMENTS",
      "priority": 9,
      "trigger": {
        "earthly_branch": "진"
      },
      "mechanism": "진토는 목의 성장을 안정시키고 화로 넘겨주는 역할을 한다.",
      "interpretation": "목의 성장이 마무리되고 안정된 상태를 의미하며, 다음 단계로의 전환을 준비한다.",
      "action": "목의 성장을 조절하고 화로의 전환을 준비하는 데 활용하라.",
      "cautions": [
        "목의 성장이 과도하면 불안정해질 수 있다."
      ],
      "tags": [
        "진토",
        "목생화",
        "안정",
        "성장",
        "전환"
      ]
    },
    {
      "id": "RC-194854a27a",
      "topic": "STRUCTURE",
      "priority": 8,
      "trigger": {
        "earthly_branch": "진",
        "contains": [
          "을목",
          "개수",
          "무토"
        ]
      },
      "mechanism": "진토는 을목, 개수, 무토의 혼합된 에너지를 포함한다.",
      "interpretation": "다양한 에너지가 혼재된 상태로, 조화와 균형이 중요하다.",
      "action": "진토의 에너지를 조화롭게 활용하여 균형을 유지하라.",
      "cautions": [
        "혼탁한 에너지가 조화를 방해할 수 있다."
      ],
      "tags": [
        "진토",
        "혼합에너지",
        "조화",
        "균형",
        "혼탁"
      ]
    },
    {
      "id": "RC-b3707127ba",
      "topic": "TIMING",
      "priority": 7,
      "trigger": {
        "month": "진월"
      },
      "mechanism": "진월은 목의 에너지가 마무리되고 화로 전환되는 시기이다.",
      "interpretation": "변화와 적응력이 강하며, 새로운 시작을 준비하는 시기이다.",
      "action": "변화에 유연하게 대응하고 새로운 기회를 모색하라.",
      "cautions": [
        "변화가 지나치면 불안정해질 수 있다."
      ],
      "tags": [
        "진월",
        "변화",
        "적응",
        "시작",
        "전환"
      ]
    },
    {
      "id": "RC-b4e9c67507",
      "topic": "RELATION",
      "priority": 6,
      "trigger": {
        "earthly_branch": "진",
        "relation": "목생화"
      },
      "mechanism": "진토는 목생화를 돕는 역할을 한다.",
      "interpretation": "목의 에너지를 화로 전환하여 확장과 발전을 지원한다.",
      "action": "목생화의 흐름을 원활히 유지하도록 환경을 조성하라.",
      "cautions": [
        "목생화가 막히면 발전이 저해될 수 있다."
      ],
      "tags": [
        "목생화",
        "진토",
        "확장",
        "발전",
        "조화"
      ]
    },
    {
      "id": "RC-b8808e409f",
      "topic": "STRUCTURE",
      "priority": 7,
      "trigger": {
        "earthly_branch": "진",
        "contains": "개수"
      },
      "mechanism": "진중의 개수는 과거의 정보를 저장하고 활용한다.",
      "interpretation": "과거의 경험과 기억을 기반으로 현재를 준비한다.",
      "action": "과거의 경험을 분석하고 현재에 적용하라.",
      "cautions": [
        "과거에 집착하면 현재를 놓칠 수 있다."
      ],
      "tags": [
        "진토",
        "개수",
        "기억",
        "경험",
        "활용"
      ]
    },
    {
      "id": "RC-e603088bed",
      "topic": "STRUCTURE",
      "priority": 8,
      "trigger": {
        "earthly_branch": "진",
        "contains": "을목"
      },
      "mechanism": "진중의 을목은 최근의 경험과 연결된다.",
      "interpretation": "현재의 상황을 반영하며 실질적인 변화를 이끈다.",
      "action": "현재의 상황을 분석하고 실질적인 계획을 세워라.",
      "cautions": [
        "현재에만 집중하면 장기적인 시야를 잃을 수 있다."
      ],
      "tags": [
        "진토",
        "을목",
        "현재",
        "변화",
        "계획"
      ]
    },
    {
      "id": "RC-57571d6681",
      "topic": "STRUCTURE",
      "priority": 9,
      "trigger": {
        "earthly_branch": "진",
        "contains": "무토"
      },
      "mechanism": "진중의 무토는 안정과 구체화를 담당한다.",
      "interpretation": "목의 성장을 마무리하고 안정된 상태를 유지한다.",
      "action": "안정된 기반을 마련하고 지속 가능한 계획을 세워라.",
      "cautions": [
        "안정에만 치중하면 발전이 저해될 수 있다."
      ],
      "tags": [
        "진토",
        "무토",
        "안정",
        "구체화",
        "기반"
      ]
    },
    {
      "id": "RC-1301f1c624",
      "topic": "TIMING",
      "priority": 8,
      "trigger": {
        "month": "진월",
        "climate": "난습"
      },
      "mechanism": "진월은 난습한 기운으로 변화와 적응력을 높인다.",
      "interpretation": "환경 변화에 빠르게 적응하며 새로운 기회를 창출한다.",
      "action": "적응력을 활용하여 다양한 환경에서 성과를 내라.",
      "cautions": [
        "적응력이 지나치면 정체성을 잃을 수 있다."
      ],
      "tags": [
        "진월",
        "난습",
        "적응",
        "변화",
        "기회"
      ]
    },
    {
      "id": "RC-8642e13cfa",
      "topic": "STRUCTURE",
      "priority": 7,
      "trigger": {
        "earthly_branch": "진",
        "contains": [
          "목",
          "금"
        ]
      },
      "mechanism": "목과 금은 진토의 에너지를 조절한다.",
      "interpretation": "목과 금의 조화가 진토의 잠재력을 발휘하게 한다.",
      "action": "목과 금의 균형을 유지하여 진토의 에너지를 활용하라.",
      "cautions": [
        "목과 금의 불균형은 진토의 잠재력을 저해할 수 있다."
      ],
      "tags": [
        "진토",
        "목",
        "금",
        "조화",
        "잠재력"
      ]
    },
    {
      "id": "RC-d0eb526687",
      "topic": "LOVE",
      "priority": 6,
      "trigger": {
        "earthly_branch": "진",
        "contains": "목",
        "relation": "부모"
      },
      "mechanism": "진월에서 목이 없으면 부모의 역할이 미흡할 수 있다.",
      "interpretation": "부모와의 관계에서 조화와 지원이 부족할 가능성이 있다.",
      "action": "부모와의 관계를 개선하고 조화를 이루도록 노력하라.",
      "cautions": [
        "부모와의 갈등이 심화될 수 있다."
      ],
      "tags": [
        "진월",
        "목",
        "부모",
        "조화",
        "지원"
      ]
    },
    {
      "id": "RC-80f3258fb0",
      "topic": "STRUCTURE",
      "priority": 9,
      "trigger": {
        "month": "진월",
        "day_master": "갑목"
      },
      "mechanism": "진월의 갑목은 비옥한 토양에서 태어난 목으로, 기본적으로 좋은 조건을 가짐.",
      "interpretation": "진월의 갑목은 안정적인 기반 위에서 성취를 이루기 쉬운 구조.",
      "action": "자신의 강점을 활용해 장기적인 계획을 세우고 실행.",
      "cautions": [
        "금과 수의 부족은 성취를 지연시킬 수 있음."
      ],
      "tags": [
        "진월",
        "갑목",
        "비옥한 토양",
        "성취",
        "구조"
      ]
    },
    {
      "id": "RC-fcc4a030aa",
      "topic": "WEALTH",
      "priority": 8,
      "trigger": {
        "wealth_stars": "편제",
        "quantity": 2
      },
      "mechanism": "편제가 많으면 일이 많아지고, 이를 잘 다루는 능력이 중요.",
      "interpretation": "편제가 많을수록 다양한 일을 처리해야 하며, 이를 통해 재물을 얻을 가능성이 높음.",
      "action": "효율적으로 일을 분배하고 관리하는 능력을 키울 것.",
      "cautions": [
        "일의 양이 많아질수록 스트레스 관리가 필요함."
      ],
      "tags": [
        "편제",
        "재물",
        "일의 양",
        "관리",
        "효율성"
      ]
    },
    {
      "id": "RC-86fcf0e8d9",
      "topic": "CAREER",
      "priority": 7,
      "trigger": {
        "fire_element": true,
        "metal_element": true
      },
      "mechanism": "화와 금이 조화를 이루면 직업적 안정성과 성취 가능성이 높아짐.",
      "interpretation": "화와 금의 조합은 조직 내에서의 역할과 직업적 성공을 지원.",
      "action": "화와 금의 에너지를 활용해 조직 내에서 자신의 위치를 강화.",
      "cautions": [
        "화와 금의 균형이 깨지면 직업적 불안정이 올 수 있음."
      ],
      "tags": [
        "화",
        "금",
        "직업",
        "조직",
        "성공"
      ]
    },
    {
      "id": "RC-d574813718",
      "topic": "RELATION",
      "priority": 6,
      "trigger": {
        "clash": "진술충"
      },
      "mechanism": "충은 갈등을 의미하지만, 이를 해결하는 능력을 키우면 강점이 됨.",
      "interpretation": "진술충은 문제 해결 능력을 강화하는 기회로 작용.",
      "action": "갈등 상황에서 중재자 역할을 수행하며 문제를 해결.",
      "cautions": [
        "충을 부정적으로만 보지 말고 해결책을 모색할 것."
      ],
      "tags": [
        "충",
        "갈등",
        "문제 해결",
        "중재",
        "진술충"
      ]
    },
    {
      "id": "RC-c796ecb553",
      "topic": "LOVE",
      "priority": 5,
      "trigger": {
        "fire_element": true,
        "gender": "female"
      },
      "mechanism": "화가 있으면 자신감이 높아져 적극적인 대인 관계를 형성.",
      "interpretation": "화가 있는 여성은 자신감 있게 관계를 주도할 가능성이 높음.",
      "action": "자신의 강점을 활용해 긍정적인 관계를 형성.",
      "cautions": [
        "화가 없으면 자신감 부족으로 인해 관계 형성이 어려울 수 있음."
      ],
      "tags": [
        "화",
        "자신감",
        "대인 관계",
        "연애",
        "주도성"
      ]
    },
    {
      "id": "RC-701cfcd027",
      "topic": "WEALTH",
      "priority": 7,
      "trigger": {
        "water_element": true,
        "fire_element": false
      },
      "mechanism": "수는 재를 다루는 방법을 제공하며, 화가 없으면 마무리가 어려움.",
      "interpretation": "수는 재물 관리와 관련된 정보와 접근성을 제공.",
      "action": "수의 에너지를 활용해 재물 관리 능력을 강화.",
      "cautions": [
        "화가 없으면 일의 마무리가 어려울 수 있음."
      ],
      "tags": [
        "수",
        "재물",
        "관리",
        "정보",
        "접근성"
      ]
    },
    {
      "id": "RC-ca9ada5027",
      "topic": "CAREER",
      "priority": 8,
      "trigger": {
        "fire_element": true,
        "water_element": true
      },
      "mechanism": "화와 수의 조합은 전문성을 강화하고 직업적 성공을 지원.",
      "interpretation": "화와 수가 조화를 이루면 전문성을 갖춘 직업적 성취 가능.",
      "action": "화와 수의 에너지를 활용해 전문성을 개발.",
      "cautions": [
        "화와 수의 균형이 깨지면 직업적 성취가 어려울 수 있음."
      ],
      "tags": [
        "화",
        "수",
        "전문성",
        "직업",
        "성취"
      ]
    },
    {
      "id": "RC-284c71c910",
      "topic": "STRUCTURE",
      "priority": 6,
      "trigger": {
        "note": "편제가 강하고 병화가 있는 경우"
      },
      "mechanism": "병화는 편제를 활성화시켜 사업적 성취를 돕는 역할.",
      "interpretation": "병화가 있으면 사업적 성공 가능성이 높아짐.",
      "action": "병화의 에너지를 활용해 사업적 기회를 모색.",
      "cautions": [
        "병화가 없으면 성취가 지연될 수 있음."
      ],
      "tags": [
        "병화",
        "편제",
        "사업",
        "성취",
        "기회"
      ]
    },
    {
      "id": "RC-f6d72004f4",
      "topic": "RELATION",
      "priority": 5,
      "trigger": {
        "note": "충이 있는 사주"
      },
      "mechanism": "충은 갈등을 의미하지만, 이를 해결하는 능력을 키우면 강점이 됨.",
      "interpretation": "충은 문제 해결 능력을 강화하는 기회로 작용.",
      "action": "충을 긍정적으로 활용해 갈등을 해결.",
      "cautions": [
        "충을 부정적으로만 보지 말고 해결책을 모색할 것."
      ],
      "tags": [
        "충",
        "갈등",
        "문제 해결",
        "중재",
        "조율"
      ]
    },
    {
      "id": "RC-6fcdfed051",
      "topic": "GENERAL",
      "priority": 4,
      "trigger": {
        "note": "재극인이 있는 경우"
      },
      "mechanism": "재극인은 세상의 이치를 빨리 깨닫는 특징이 있음.",
      "interpretation": "재극인은 지혜롭고 문제 해결 능력이 뛰어남.",
      "action": "재극인의 강점을 활용해 문제를 해결.",
      "cautions": [
        "재극인의 에너지를 과도하게 사용하지 않도록 주의."
      ],
      "tags": [
        "재극인",
        "지혜",
        "문제 해결",
        "이치",
        "강점"
      ]
    }
  ],
  "notes": [],
  "schema_version": "rulecards.v1",
  "module_code": "SajuOS_STRU_102",
  "updated_at": "2025-12-23T20:27:24"
}