{
  "title": "SajuOS_Logic_STRU_M_159",
  "rulecards": [
    {
      "id": "RC-422f597222",
      "topic": "RELATION",
      "priority": 8,
      "trigger": {
        "note": "자수가 두 개 있어 도충이 발생하는 경우"
      },
      "mechanism": "도충은 반대편 오행을 불러오는 작용을 한다.",
      "interpretation": "도충으로 인해 특정 오행이 활성화되며, 해당 오행이 사주에 영향을 미친다.",
      "action": "도충으로 활성화된 오행의 역할을 분석하고 활용 방안을 모색하라.",
      "cautions": [
        "도충 이론은 모든 사례에 적용되지 않을 수 있음.",
        "끼워 맞추기식 해석에 주의할 것."
      ],
      "tags": [
        "도충",
        "오행",
        "사주 분석",
        "충",
        "활성화"
      ]
    },
    {
      "id": "RC-5445ac0e61",
      "topic": "TEN_GODS",
      "priority": 7,
      "trigger": {
        "note": "정인이 강하게 작용하는 경우"
      },
      "mechanism": "정인은 공식적이고 거부할 수 없는 에너지를 상징한다.",
      "interpretation": "정인이 강하면 외부의 규율이나 권위에 의해 제약을 받는 경향이 있다.",
      "action": "정인의 영향을 줄이기 위해 자립적이고 독립적인 환경을 조성하라.",
      "cautions": [
        "정인의 영향으로 인해 자율성이 제한될 수 있음.",
        "정인의 요구를 무조건 수용하지 말 것."
      ],
      "tags": [
        "정인",
        "권위",
        "제약",
        "독립",
        "자율성"
      ]
    },
    {
      "id": "RC-ac90ef3f6d",
      "topic": "ELEMENTS",
      "priority": 6,
      "trigger": {
        "note": "개수가 신금의 생을 받는 경우"
      },
      "mechanism": "신금은 멀리서 개수를 생하며, 즉시 활용이 어렵다.",
      "interpretation": "개수는 즉시 사용 가능한 에너지를 선호하지만, 신금의 생으로 인해 지연될 수 있다.",
      "action": "신금의 영향을 줄이고 개수의 즉시성을 살릴 방안을 모색하라.",
      "cautions": [
        "신금의 생이 과도하면 개수의 본래 성질이 억제될 수 있음."
      ],
      "tags": [
        "개수",
        "신금",
        "생",
        "즉시성",
        "지연"
      ]
    },
    {
      "id": "RC-da410eaf1d",
      "topic": "STRUCTURE",
      "priority": 9,
      "trigger": {
        "note": "신월 개수 일주"
      },
      "mechanism": "신월은 금생수의 구조로 개수의 자립성을 제한한다.",
      "interpretation": "신월 개수는 부모나 외부 환경의 영향을 강하게 받는다.",
      "action": "독립적인 환경을 조성하고, 자립성을 키우는 방향으로 노력하라.",
      "cautions": [
        "부모의 과도한 간섭으로 인해 자립이 어려울 수 있음."
      ],
      "tags": [
        "신월",
        "개수",
        "금생수",
        "자립",
        "환경"
      ]
    },
    {
      "id": "RC-c797c5c997",
      "topic": "RELATION",
      "priority": 7,
      "trigger": {
        "note": "정인이 개수를 강하게 제어하는 경우"
      },
      "mechanism": "정인은 개수의 즉시성을 억제하고 통제하려는 성향을 보인다.",
      "interpretation": "개수는 정인의 통제로 인해 본래의 유연성과 창의성을 발휘하기 어렵다.",
      "action": "정인의 통제를 완화할 수 있는 환경을 조성하라.",
      "cautions": [
        "정인의 통제가 과도하면 개수의 잠재력이 억제될 수 있음."
      ],
      "tags": [
        "정인",
        "개수",
        "통제",
        "유연성",
        "창의성"
      ]
    },
    {
      "id": "RC-8c05cfbc8e",
      "topic": "LOVE",
      "priority": 6,
      "trigger": {
        "note": "고부 갈등이 예상되는 사주 구조"
      },
      "mechanism": "정인과 배우자 간의 갈등은 개수의 중재 역할을 요구한다.",
      "interpretation": "고부 갈등은 개수의 심리적 부담을 증가시킬 수 있다.",
      "action": "갈등을 완화하기 위해 감목이나 무토와 같은 조화로운 요소를 활용하라.",
      "cautions": [
        "갈등이 심화되면 개수의 심리적 안정이 위협받을 수 있음."
      ],
      "tags": [
        "고부 갈등",
        "정인",
        "배우자",
        "개수",
        "중재"
      ]
    },
    {
      "id": "RC-bbb5ab162d",
      "topic": "CAREER",
      "priority": 8,
      "trigger": {
        "note": "개수가 감목과 병화를 동반하는 경우"
      },
      "mechanism": "감목과 병화는 개수의 재능을 발휘하고 성공을 도모하게 한다.",
      "interpretation": "개수는 감목과 병화의 조합으로 사회적 성공과 자립을 이룰 가능성이 높다.",
      "action": "감목과 병화를 활용하여 자신의 재능을 극대화하라.",
      "cautions": [
        "병화가 없으면 성공의 시기가 지연될 수 있음."
      ],
      "tags": [
        "개수",
        "감목",
        "병화",
        "재능",
        "성공"
      ]
    },
    {
      "id": "RC-284c7637a9",
      "topic": "GENERAL",
      "priority": 5,
      "trigger": {
        "note": "정인과 편인이 혼잡한 경우"
      },
      "mechanism": "정인과 편인의 혼잡은 내적 갈등과 방향성의 혼란을 초래한다.",
      "interpretation": "혼잡한 인성은 직업적 변화나 학업의 방향성을 불안정하게 만든다.",
      "action": "명확한 목표를 설정하고, 혼란을 줄이는 방향으로 노력하라.",
      "cautions": [
        "혼잡한 인성은 결정 장애를 유발할 수 있음."
      ],
      "tags": [
        "정인",
        "편인",
        "혼잡",
        "갈등",
        "목표"
      ]
    },
    {
      "id": "RC-4b06ff609f",
      "topic": "RELATION",
      "priority": 6,
      "trigger": {
        "note": "묘신 암합이 발생하는 경우"
      },
      "mechanism": "묘신 암합은 갈등이 지속되고 해결이 어려운 구조를 만든다.",
      "interpretation": "암합은 문제를 장기화시키며, 감정적 갈등을 심화시킬 수 있다.",
      "action": "갈등을 해소하기 위해 조화로운 오행을 추가하라.",
      "cautions": [
        "암합은 문제를 해결하기보다 갈등을 지속시킬 가능성이 있음."
      ],
      "tags": [
        "묘신",
        "암합",
        "갈등",
        "지속",
        "해소"
      ]
    },
    {
      "id": "RC-3d427f6f05",
      "topic": "TIMING",
      "priority": 7,
      "trigger": {
        "note": "병화가 사주에 존재하는 경우"
      },
      "mechanism": "병화는 개수의 사회성을 높이고 시대에 맞는 활동을 가능하게 한다.",
      "interpretation": "병화는 개수의 성공과 사회적 적응력을 강화한다.",
      "action": "병화를 활용하여 시대에 맞는 활동을 계획하라.",
      "cautions": [
        "병화가 없으면 활동의 시기가 부적절할 수 있음."
      ],
      "tags": [
        "병화",
        "개수",
        "사회성",
        "시대",
        "활동"
      ]
    },
    {
      "topic": "STRUCTURE",
      "priority": 9,
      "trigger": {
        "month": "자월",
        "year": "경식년"
      },
      "mechanism": "자월의 특성과 경식년의 조합이 개인의 독립성을 제한함.",
      "interpretation": "부모에게 의존적이며 독립적인 삶을 살기 어려운 경향이 있음.",
      "action": "자신의 재정적 독립을 위해 계획을 세우고 실행할 것.",
      "cautions": [
        "부모와의 관계에서 지나친 의존을 피할 것."
      ],
      "tags": [
        "자월",
        "경식년",
        "독립성",
        "부모",
        "재정"
      ],
      "id": "RC-af41b6ed6e"
    },
    {
      "topic": "ELEMENTS",
      "priority": 8,
      "trigger": {
        "element": "유금"
      },
      "mechanism": "유금은 디테일과 전문성을 상징함.",
      "interpretation": "유금은 날카롭고 뚜렷한 성격을 드러냄.",
      "action": "유금의 특성을 활용해 전문성을 강화할 것.",
      "cautions": [],
      "tags": [
        "유금",
        "디테일",
        "전문성",
        "날카로움",
        "뚜렷함"
      ],
      "id": "RC-7f4e954ce8"
    },
    {
      "topic": "ELEMENTS",
      "priority": 7,
      "trigger": {
        "element": "감목",
        "supporting_element": "병화"
      },
      "mechanism": "감목은 재능을 드러내며 병화는 이를 지속적으로 유지시킴.",
      "interpretation": "감목과 병화의 조합은 재능과 재복을 보장함.",
      "action": "병화를 통해 감목의 재능을 지속적으로 발휘할 수 있도록 환경을 조성할 것.",
      "cautions": [
        "병화가 없으면 재능이 지속되지 않을 수 있음."
      ],
      "tags": [
        "감목",
        "병화",
        "재능",
        "재복",
        "지속성"
      ],
      "id": "RC-3cbfd14fe3"
    },
    {
      "topic": "STRUCTURE",
      "priority": 8,
      "trigger": {
        "day_pillar": "개축일주"
      },
      "mechanism": "개축일주는 축토의 에너지를 모아 폭발적으로 발산함.",
      "interpretation": "개축일주는 감정을 억누르다가 한 번에 터뜨리는 경향이 있음.",
      "action": "감정을 적절히 표현하고 관리하는 방법을 배울 것.",
      "cautions": [
        "감정 폭발로 인해 주변 관계에 영향을 미칠 수 있음."
      ],
      "tags": [
        "개축일주",
        "축토",
        "감정",
        "폭발력",
        "관리"
      ],
      "id": "RC-3f1537de1b"
    },
    {
      "topic": "RELATION",
      "priority": 7,
      "trigger": {
        "day_pillar": "개축일주",
        "relation": "정인"
      },
      "mechanism": "정인이 개축일주를 다루려 하지만 축토의 에너지가 이를 저항함.",
      "interpretation": "부모와의 관계에서 갈등이 발생할 가능성이 있음.",
      "action": "부모와의 관계에서 상호 이해를 증진시킬 방법을 모색할 것.",
      "cautions": [
        "갈등이 심화되지 않도록 주의할 것."
      ],
      "tags": [
        "개축일주",
        "정인",
        "부모",
        "갈등",
        "축토"
      ],
      "id": "RC-a81d6f581d"
    },
    {
      "topic": "CAREER",
      "priority": 8,
      "trigger": {
        "element": "기토",
        "environment": "프로젝트성 회사"
      },
      "mechanism": "기토는 적응력이 뛰어나며 프로젝트성 업무에 적합함.",
      "interpretation": "기토는 다양한 환경에서 빠르게 적응하며 성과를 낼 수 있음.",
      "action": "프로젝트 중심의 업무 환경을 선택할 것.",
      "cautions": [
        "장기적인 안정성을 고려할 필요가 있음."
      ],
      "tags": [
        "기토",
        "적응력",
        "프로젝트",
        "업무",
        "환경"
      ],
      "id": "RC-63b03e88aa"
    },
    {
      "topic": "CAREER",
      "priority": 7,
      "trigger": {
        "element": "무토",
        "supporting_element": "화"
      },
      "mechanism": "무토와 화의 조합은 조직 내에서 세력을 형성하는 데 유리함.",
      "interpretation": "무토는 조직 내에서 리더십을 발휘하며 팀을 형성함.",
      "action": "조직 내에서 자신의 세력을 구축할 기회를 모색할 것.",
      "cautions": [
        "리스크를 감수할 준비가 필요함."
      ],
      "tags": [
        "무토",
        "화",
        "조직",
        "리더십",
        "세력"
      ],
      "id": "RC-094de4b7f7"
    },
    {
      "topic": "CAREER",
      "priority": 6,
      "trigger": {
        "element": "무토",
        "day_pillar": "평관"
      },
      "mechanism": "평관은 직접적인 세력 형성을 선호함.",
      "interpretation": "평관은 조직 내에서 독립적인 세력을 구축하려는 경향이 있음.",
      "action": "조직 내에서 독립적인 프로젝트를 주도할 기회를 찾을 것.",
      "cautions": [
        "리스크를 감수할 준비가 필요함."
      ],
      "tags": [
        "평관",
        "무토",
        "조직",
        "독립성",
        "세력"
      ],
      "id": "RC-8027960d6d"
    },
    {
      "topic": "LOVE",
      "priority": 5,
      "trigger": {
        "day_pillar": "개축일주",
        "relation": "정인"
      },
      "mechanism": "정인이 개축일주를 다루려 하지만 축토의 에너지가 이를 저항함.",
      "interpretation": "개축일주는 연애나 결혼에서 상대방과 갈등이 발생할 가능성이 있음.",
      "action": "상대방과의 관계에서 상호 이해와 소통을 강화할 것.",
      "cautions": [
        "갈등이 심화되지 않도록 주의할 것."
      ],
      "tags": [
        "개축일주",
        "정인",
        "연애",
        "결혼",
        "갈등"
      ],
      "id": "RC-ce2a908991"
    },
    {
      "topic": "EXAM",
      "priority": 6,
      "trigger": {
        "element": [
          "갑목",
          "무토",
          "경금",
          "정화"
        ]
      },
      "mechanism": "이 요소들은 학업 능력과 집중력을 강화함.",
      "interpretation": "갑목, 무토, 경금, 정화가 학업 성취에 중요한 역할을 함.",
      "action": "이 요소들을 강화할 수 있는 환경을 조성할 것.",
      "cautions": [
        "학업 성취는 환경뿐만 아니라 개인의 노력도 중요함."
      ],
      "tags": [
        "갑목",
        "무토",
        "경금",
        "정화",
        "학업",
        "집중력"
      ],
      "id": "RC-b412556928"
    }
  ],
  "notes": [
    "텍스트에서 특정 사례나 인물에 대한 언급은 제외하였음.",
    "일부 이론은 논란의 여지가 있으므로 신중히 접근할 것."
  ],
  "schema_version": "rulecards.v1",
  "module_code": "SajuOS_STRU_159",
  "updated_at": "2025-12-23T20:27:24"
}