{
  "title": "SajuOS_Logic_STRU_M_108",
  "rulecards": [
    {
      "id": "RC-923807f79f",
      "topic": "TIMING",
      "priority": 9,
      "trigger": {
        "note": "사주에 병화가 없는 경우"
      },
      "mechanism": "병화는 사회적 분위기와 타이밍을 인식하는 능력을 제공함.",
      "interpretation": "병화가 없으면 사회적 흐름을 읽기 어렵고, 타이밍을 놓칠 가능성이 높음.",
      "action": "병화가 없는 경우, 중요한 결정을 내리기 전에 충분히 조사하고 신중히 판단할 것.",
      "cautions": [
        "타이밍을 놓치지 않도록 주의",
        "사회적 흐름을 간과하지 말 것"
      ],
      "tags": [
        "병화",
        "타이밍",
        "사회적 흐름",
        "결정",
        "신중함"
      ]
    },
    {
      "id": "RC-682b7e1af1",
      "topic": "STRUCTURE",
      "priority": 8,
      "trigger": {
        "note": "을축일주와 을미일주의 비교"
      },
      "mechanism": "을축일주는 축토의 특성상 전투력과 집착이 강하며, 을미일주는 안정감을 느끼고 나태해질 가능성이 있음.",
      "interpretation": "을축일주는 부지런하고 강한 성향을 가지며, 을미일주는 안정적이지만 동기부여가 약할 수 있음.",
      "action": "을축일주는 에너지를 긍정적으로 활용하고, 을미일주는 동기부여를 강화할 방법을 찾을 것.",
      "cautions": [
        "을축일주는 과도한 집착에 주의",
        "을미일주는 나태함을 경계"
      ],
      "tags": [
        "을축일주",
        "을미일주",
        "축토",
        "안정감",
        "동기부여"
      ]
    },
    {
      "id": "RC-036ce541c1",
      "topic": "RELATION",
      "priority": 7,
      "trigger": {
        "note": "쟁제가 있는 경우"
      },
      "mechanism": "쟁제는 비겁이 재를 다투는 구조로, 집단심리와 외부 영향을 받기 쉬움.",
      "interpretation": "쟁제가 있으면 타인의 행동에 영향을 받아 과감한 결정을 내릴 가능성이 높음.",
      "action": "쟁제가 있는 경우, 자신의 판단을 신중히 검토하고 외부 영향을 최소화할 것.",
      "cautions": [
        "집단심리에 휩쓸리지 말 것",
        "재정적 결정을 신중히"
      ],
      "tags": [
        "쟁제",
        "비겁",
        "집단심리",
        "재정",
        "결정"
      ]
    },
    {
      "id": "RC-c81c0f9a52",
      "topic": "TIMING",
      "priority": 8,
      "trigger": {
        "note": "한난조습 중 한한 조건이 해결되지 않은 경우"
      },
      "mechanism": "한한 조건은 타이밍 문제와 관련되며, 적절한 시기를 놓칠 가능성이 있음.",
      "interpretation": "한한 조건이 해결되지 않으면 중요한 기회를 놓칠 수 있음.",
      "action": "한한 조건이 해결되지 않은 경우, 결정을 서두르지 말고 적절한 시기를 기다릴 것.",
      "cautions": [
        "조급함을 경계",
        "타이밍을 신중히 판단"
      ],
      "tags": [
        "한난조습",
        "한한",
        "타이밍",
        "기회",
        "결정"
      ]
    },
    {
      "id": "RC-5f8ef8caf2",
      "topic": "RELATION",
      "priority": 6,
      "trigger": {
        "note": "인해 육합이 있는 경우"
      },
      "mechanism": "인해 육합은 애정지합으로, 감정적 쏠림이 강하게 나타남.",
      "interpretation": "인해 육합이 있으면 감정적으로 쉽게 빠져들고, 관계에서 강한 애착을 가질 가능성이 있음.",
      "action": "인해 육합이 있는 경우, 감정적 결정을 내리기 전에 이성적으로 판단할 것.",
      "cautions": [
        "감정적 쏠림에 주의",
        "이성적 판단 유지"
      ],
      "tags": [
        "인해",
        "육합",
        "애정지합",
        "감정",
        "관계"
      ]
    },
    {
      "id": "RC-141d72df32",
      "topic": "STRUCTURE",
      "priority": 7,
      "trigger": {
        "note": "병화가 없는 경우, 을축일주 인월생"
      },
      "mechanism": "병화는 타이밍과 사회적 흐름을 읽는 데 도움을 주며, 병화가 없으면 판단력이 약화됨.",
      "interpretation": "병화가 없는 경우, 중요한 결정을 내릴 때 어려움을 겪을 수 있음.",
      "action": "병화가 없는 경우, 주변의 조언을 적극적으로 수용하고 신중히 행동할 것.",
      "cautions": [
        "결정 지연에 주의",
        "조언을 무시하지 말 것"
      ],
      "tags": [
        "병화",
        "을축일주",
        "인월생",
        "타이밍",
        "판단력"
      ]
    },
    {
      "id": "RC-d915d42de7",
      "topic": "RELATION",
      "priority": 6,
      "trigger": {
        "note": "인사형이 있는 경우"
      },
      "mechanism": "인사형은 속도가 지나치게 빠르거나 절차를 건너뛰는 문제를 유발함.",
      "interpretation": "인사형이 있으면 조급함으로 인해 실수를 저지를 가능성이 높음.",
      "action": "인사형이 있는 경우, 모든 절차를 철저히 검토하고 진행할 것.",
      "cautions": [
        "조급함을 경계",
        "절차를 무시하지 말 것"
      ],
      "tags": [
        "인사형",
        "속도",
        "절차",
        "조급함",
        "검토"
      ]
    },
    {
      "id": "RC-262c34db7b",
      "topic": "STRUCTURE",
      "priority": 8,
      "trigger": {
        "note": "병화가 없는 경우, 화토가 부족한 구조"
      },
      "mechanism": "화토는 갈등을 조절하고 안정성을 제공함.",
      "interpretation": "화토가 부족하면 갈등 해결이 어렵고, 안정감을 잃을 가능성이 있음.",
      "action": "화토가 부족한 경우, 주변의 도움을 받아 갈등을 해결하고 안정감을 찾을 것.",
      "cautions": [
        "갈등을 방치하지 말 것",
        "안정성을 유지할 방법을 모색"
      ],
      "tags": [
        "병화",
        "화토",
        "갈등",
        "안정감",
        "조절"
      ]
    },
    {
      "id": "RC-",
      "topic": "RELATION",
      "priority": 7,
      "trigger": {
        "note": "겁제가 강한 경우"
      },
      "mechanism": "겁제는 타인의 영향을 강하게 받으며, 갈등을 유발할 가능성이 있음.",
      "interpretation": "겁제가 강하면 타인과의 관계에서 갈등이 빈번하게 발생할 수 있음.",
      "action": "겁제가 강한 경우, 타인과의 관계를 신중히 관리하고 갈등을 최소화할 것.",
      "cautions": [
        "타인의 영향을 과도하게 받지 말 것",
        "갈등을 방지하기 위한 대화 필요"
      ],
      "tags": [
        "겁제",
        "갈등",
        "관계",
        "타인",
        "관리"
      ]
    },
    {
      "id": "RC-b3ef33dfc1",
      "topic": "TIMING",
      "priority": 9,
      "trigger": {
        "note": "병화가 없는 경우, 투자 시기"
      },
      "mechanism": "병화는 타이밍을 맞추는 데 중요한 역할을 함.",
      "interpretation": "병화가 없으면 투자 시기를 놓치거나 장기적인 기다림이 필요할 수 있음.",
      "action": "병화가 없는 경우, 투자 결정을 신중히 하고 장기적인 관점에서 접근할 것.",
      "cautions": [
        "단기적 이익에 집착하지 말 것",
        "장기적 계획 수립"
      ],
      "tags": [
        "병화",
        "투자",
        "타이밍",
        "장기적",
        "계획"
      ]
    },
    {
      "id": "RC-8f1b6ee366",
      "topic": "ELEMENTS",
      "priority": 8,
      "trigger": {
        "element": "수",
        "strength": "강"
      },
      "mechanism": "수는 인성으로서 문서와 검증을 담당하며, 빠른 진행을 조절한다.",
      "interpretation": "수가 강하면 철저한 확인과 검증을 통해 문제를 예방할 수 있다.",
      "action": "중요한 결정 전에 충분히 검토하고 확인하라.",
      "cautions": [
        "수가 약하면 검증 부족으로 문제가 발생할 수 있다."
      ],
      "tags": [
        "수",
        "인성",
        "검증",
        "문서",
        "조절"
      ]
    },
    {
      "id": "RC-e34a1aa775",
      "topic": "RELATION",
      "priority": 7,
      "trigger": {
        "relation": "형",
        "element": "수",
        "exists": true
      },
      "mechanism": "수가 형을 조절하는 능력을 제공한다.",
      "interpretation": "수가 있으면 형벌을 피하고 상황을 조율할 수 있다.",
      "action": "형 상황에서는 수의 역할을 활용하라.",
      "cautions": [
        "수가 없으면 형벌을 받을 가능성이 높아진다."
      ],
      "tags": [
        "형",
        "수",
        "조절",
        "형벌",
        "문제해결"
      ]
    },
    {
      "id": "RC-e48b5235aa",
      "topic": "ELEMENTS",
      "priority": 6,
      "trigger": {
        "element": "토",
        "type": "습토",
        "exists": true
      },
      "mechanism": "습토는 목생화의 속도를 안정적으로 조절한다.",
      "interpretation": "진토는 일정하고 안정적인 조절을 제공한다.",
      "action": "진토를 활용해 안정적인 진행을 도모하라.",
      "cautions": [
        "축토는 불안정한 조절을 제공할 수 있다."
      ],
      "tags": [
        "토",
        "습토",
        "진토",
        "조절",
        "안정성"
      ]
    },
    {
      "id": "RC-cb7fcbd496",
      "topic": "RELATION",
      "priority": 5,
      "trigger": {
        "relation": "삼합",
        "exists": true
      },
      "mechanism": "삼합은 지지 간의 에너지 협력을 기반으로 한다.",
      "interpretation": "삼합은 협력과 조화를 통해 긍정적인 결과를 도출한다.",
      "action": "삼합의 에너지를 활용해 협력적 관계를 구축하라.",
      "cautions": [
        "삼합의 목적이 다를 경우 갈등이 발생할 수 있다."
      ],
      "tags": [
        "삼합",
        "지지",
        "협력",
        "조화",
        "에너지"
      ]
    },
    {
      "id": "RC-6582002dc5",
      "topic": "RELATION",
      "priority": 6,
      "trigger": {
        "relation": "원진",
        "exists": true
      },
      "mechanism": "원진은 조한 에너지 간의 갈등으로 발생한다.",
      "interpretation": "원진은 짧고 반복적인 갈등을 유발한다.",
      "action": "습한 에너지를 활용해 원진 갈등을 완화하라.",
      "cautions": [
        "조한 에너지가 강하면 갈등이 심화될 수 있다."
      ],
      "tags": [
        "원진",
        "갈등",
        "조한",
        "습도",
        "해결"
      ]
    },
    {
      "id": "RC-55a295c987",
      "topic": "ELEMENTS",
      "priority": 7,
      "trigger": {
        "element": "화",
        "intensity": "강"
      },
      "mechanism": "화가 강하면 수와의 충돌로 폭발적인 상황이 발생할 수 있다.",
      "interpretation": "화가 강할 때는 수보다는 토를 활용하는 것이 안전하다.",
      "action": "화가 강한 상황에서는 진토를 활용해 조절하라.",
      "cautions": [
        "화와 수의 충돌은 폭발적인 결과를 초래할 수 있다."
      ],
      "tags": [
        "화",
        "수",
        "토",
        "조절",
        "안전"
      ]
    },
    {
      "id": "RC-c4611e93db",
      "topic": "STRUCTURE",
      "priority": 8,
      "trigger": {
        "structure": "인월",
        "element": "화",
        "exists": false
      },
      "mechanism": "화가 없으면 인월의 초기 조건을 극복하기 어렵다.",
      "interpretation": "화가 없으면 감정적 문제나 초기 환경의 상처를 극복하기 어렵다.",
      "action": "화의 에너지를 보완할 방법을 모색하라.",
      "cautions": [
        "화가 없으면 트라우마를 반복할 가능성이 있다."
      ],
      "tags": [
        "인월",
        "화",
        "초기조건",
        "극복",
        "감정"
      ]
    },
    {
      "id": "RC-320610caa9",
      "topic": "RELATION",
      "priority": 7,
      "trigger": {
        "relation": "충",
        "type": "인신충",
        "exists": true
      },
      "mechanism": "충은 갈등을 통해 문제를 해결하는 에너지를 제공한다.",
      "interpretation": "인신충은 갈등을 통해 명확한 해결점을 찾는다.",
      "action": "충의 에너지를 활용해 갈등을 해소하라.",
      "cautions": [
        "충의 갈등이 지나치면 관계가 악화될 수 있다."
      ],
      "tags": [
        "충",
        "인신충",
        "갈등",
        "해결",
        "관계"
      ]
    },
    {
      "id": "RC-ef573cf805",
      "topic": "TEN_GODS",
      "priority": 6,
      "trigger": {
        "ten_god": "편관",
        "exists": true
      },
      "mechanism": "편관은 일방적이고 빠른 결정을 가능하게 한다.",
      "interpretation": "편관은 결속력과 효율성을 제공하지만, 강압적일 수 있다.",
      "action": "편관의 결속력을 활용하되, 상대방의 의견을 고려하라.",
      "cautions": [
        "편관이 지나치면 갈등을 유발할 수 있다."
      ],
      "tags": [
        "편관",
        "결속력",
        "효율성",
        "강압",
        "갈등"
      ]
    },
    {
      "id": "RC-5f514ffdd2",
      "topic": "RELATION",
      "priority": 5,
      "trigger": {
        "relation": "원진",
        "type": "인유원진",
        "exists": true
      },
      "mechanism": "인유원진은 자잘한 갈등을 반복적으로 유발한다.",
      "interpretation": "인유원진은 해결이 어려운 자잘한 갈등을 초래한다.",
      "action": "습한 에너지를 활용해 원진의 갈등을 완화하라.",
      "cautions": [
        "인유원진은 감정적 상처를 남길 수 있다."
      ],
      "tags": [
        "원진",
        "인유원진",
        "갈등",
        "습도",
        "해결"
      ]
    }
  ],
  "notes": [
    "텍스트에서 일부 내용은 구체적 조건이 부족하여 일반화된 형태로 작성됨."
  ],
  "schema_version": "rulecards.v1",
  "module_code": "SajuOS_STRU_108",
  "updated_at": "2025-12-23T20:27:24"
}