{
  "title": "SajuOS_Logic_TEN_032",
  "rulecards": [
    {
      "id": "RC-f761eddc05",
      "topic": "ELEMENTS",
      "priority": 9,
      "trigger": {
        "element": "갑목"
      },
      "mechanism": "갑목은 직선적이고 수직운동을 통해 성장하려는 특성을 가짐.",
      "interpretation": "갑목은 위로 올라가고자 하는 강한 욕구와 선점의 에너지를 가짐.",
      "action": "갑목의 성장 욕구를 활용하여 목표를 명확히 설정하고 추진력을 유지하라.",
      "cautions": [
        "과도한 경쟁으로 인한 스트레스",
        "타인과의 갈등 가능성"
      ],
      "tags": [
        "갑목",
        "수직운동",
        "성장",
        "선점",
        "경쟁"
      ]
    },
    {
      "id": "RC-ead4fde3b2",
      "topic": "TEN_GODS",
      "priority": 8,
      "trigger": {
        "element": "갑목",
        "relation": "비견"
      },
      "mechanism": "비견은 동일한 에너지를 가진 존재로, 경쟁과 협력의 양면성을 가짐.",
      "interpretation": "갑목 비견은 누가 더 높이 올라가느냐에 대한 경쟁을 유발.",
      "action": "경쟁을 긍정적으로 활용하여 자신의 성장을 도모하라.",
      "cautions": [
        "경쟁이 지나치면 관계 악화 가능성",
        "협력의 기회를 놓칠 수 있음"
      ],
      "tags": [
        "갑목",
        "비견",
        "경쟁",
        "성장",
        "협력"
      ]
    },
    {
      "id": "RC-3afc0ee001",
      "topic": "TEN_GODS",
      "priority": 7,
      "trigger": {
        "element": "갑목",
        "relation": "겁재"
      },
      "mechanism": "겁재는 외부의 강한 경쟁 요소로 작용.",
      "interpretation": "갑목 겁재는 외부와의 경쟁에서 생존과 성장을 도모.",
      "action": "외부 경쟁을 통해 자신의 한계를 극복하고 성장하라.",
      "cautions": [
        "외부 압력으로 인한 스트레스",
        "자신감 상실 가능성"
      ],
      "tags": [
        "갑목",
        "겁재",
        "외부경쟁",
        "성장",
        "압력"
      ]
    },
    {
      "id": "RC-fee708f80f",
      "topic": "STRUCTURE",
      "priority": 8,
      "trigger": {
        "element": "갑목",
        "state": "생목"
      },
      "mechanism": "생목은 생산성과 경제성을 중시.",
      "interpretation": "생목은 현실적이고 경제적인 목표를 중시하며 환경에 적응력이 강함.",
      "action": "현실적인 목표를 설정하고 경제적 성과를 추구하라.",
      "cautions": [
        "과도한 현실주의로 인한 창의성 저하"
      ],
      "tags": [
        "갑목",
        "생목",
        "경제성",
        "적응력",
        "현실주의"
      ]
    },
    {
      "id": "RC-c11b4d6423",
      "topic": "STRUCTURE",
      "priority": 8,
      "trigger": {
        "element": "갑목",
        "state": "사목"
      },
      "mechanism": "사목은 상징성과 정신적 가치를 중시.",
      "interpretation": "사목은 물질적 성과보다 정신적, 상징적 가치를 추구.",
      "action": "정신적 성장과 상징적 가치를 추구하는 활동에 집중하라.",
      "cautions": [
        "현실적 성과 부족으로 인한 좌절 가능성"
      ],
      "tags": [
        "갑목",
        "사목",
        "상징성",
        "정신적가치",
        "성장"
      ]
    },
    {
      "id": "RC-37759f5ddc",
      "topic": "RELATION",
      "priority": 7,
      "trigger": {
        "element": "갑목",
        "relation": "을목"
      },
      "mechanism": "을목은 넓이에 대한 경쟁과 협력을 유발.",
      "interpretation": "갑목과 을목은 높이와 넓이에 대한 상호보완적 관계를 형성.",
      "action": "을목과 협력하여 상호보완적 성장을 도모하라.",
      "cautions": [
        "영역 충돌로 인한 갈등 가능성"
      ],
      "tags": [
        "갑목",
        "을목",
        "협력",
        "경쟁",
        "상호보완"
      ]
    },
    {
      "id": "RC-c0cd89f4ac",
      "topic": "RELATION",
      "priority": 6,
      "trigger": {
        "element": "갑목",
        "relation": "묘목"
      },
      "mechanism": "묘목은 독립적이고 자립적인 에너지를 가짐.",
      "interpretation": "갑목과 묘목은 상생보다는 갈등과 타협의 관계를 형성.",
      "action": "묘목과의 관계에서 타협점을 찾고 갈등을 최소화하라.",
      "cautions": [
        "갈등으로 인한 에너지 소모",
        "협력 부족"
      ],
      "tags": [
        "갑목",
        "묘목",
        "갈등",
        "타협",
        "독립성"
      ]
    },
    {
      "id": "RC-7387c9d24d",
      "topic": "STRUCTURE",
      "priority": 7,
      "trigger": {
        "element": "갑목",
        "relation": "화"
      },
      "mechanism": "화는 갑목의 성장과 방향성을 결정.",
      "interpretation": "갑목은 화를 통해 성장하며 목표를 설정.",
      "action": "화의 에너지를 활용하여 명확한 목표를 설정하라.",
      "cautions": [
        "화의 부재로 인한 성장 정체"
      ],
      "tags": [
        "갑목",
        "화",
        "성장",
        "목표",
        "방향성"
      ]
    },
    {
      "id": "RC-11446251fd",
      "topic": "RELATION",
      "priority": 6,
      "trigger": {
        "element": "갑목",
        "relation": "을목",
        "state": "생목"
      },
      "mechanism": "생목인 을목은 갑목의 생산성을 보완.",
      "interpretation": "갑목과 생목 을목은 생산성을 증대시키는 상생 관계를 형성.",
      "action": "을목과 협력하여 생산성을 극대화하라.",
      "cautions": [
        "협력 부족으로 인한 기회 상실"
      ],
      "tags": [
        "갑목",
        "을목",
        "생목",
        "생산성",
        "상생"
      ]
    },
    {
      "id": "RC-704478bc35",
      "topic": "RELATION",
      "priority": 5,
      "trigger": {
        "element": "갑목",
        "relation": "을목",
        "state": "사목"
      },
      "mechanism": "사목인 을목은 정신적 가치를 중시.",
      "interpretation": "갑목과 사목 을목은 정신적 성장과 상징적 가치를 공유.",
      "action": "사목 을목과 협력하여 정신적 가치를 추구하라.",
      "cautions": [
        "가치관 차이로 인한 갈등 가능성"
      ],
      "tags": [
        "갑목",
        "을목",
        "사목",
        "정신적가치",
        "협력"
      ]
    },
    {
      "id": "RC-b9488e2cda",
      "topic": "TEN_GODS",
      "priority": 9,
      "trigger": {
        "day_master": "갑목",
        "branch": "묘목",
        "relation": "겁재"
      },
      "mechanism": "갑목이 묘목을 보면 같은 목(木) 에너지로 인해 강한 협력과 전투력이 발생함.",
      "interpretation": "갑목이 묘목을 얻으면 강력한 아군을 얻은 것과 같으며, 전투력이 매우 뛰어남.",
      "action": "갑목이 묘목을 만났을 때 자신의 영역을 확실히 구축하는 데 집중하라.",
      "cautions": [
        "겁제와의 관계에서 대가를 치를 수 있음을 인지하라."
      ],
      "tags": [
        "갑목",
        "묘목",
        "겁재",
        "협력",
        "전투력",
        "영역",
        "목일간",
        "십성"
      ]
    },
    {
      "id": "RC-4706c8f5f3",
      "topic": "TEN_GODS",
      "priority": 8,
      "trigger": {
        "day_master": "을목",
        "branch": "묘목",
        "relation": "비견"
      },
      "mechanism": "을목과 묘목은 같은 생목(木)으로 협력적이고 강한 생명력을 가짐.",
      "interpretation": "을목이 묘목을 만나면 강력한 협력 관계를 형성하며, 멘탈과 전투력이 강함.",
      "action": "을목이 묘목을 만났을 때 자신의 강점을 활용해 목표를 달성하라.",
      "cautions": [
        "협력 관계가 항상 지속적이지 않을 수 있음을 유념하라."
      ],
      "tags": [
        "을목",
        "묘목",
        "비견",
        "협력",
        "생목",
        "전투력",
        "목일간",
        "십성"
      ]
    },
    {
      "id": "RC-3d4327dc71",
      "topic": "ELEMENTS",
      "priority": 7,
      "trigger": {
        "element": "목",
        "season": "겨울"
      },
      "mechanism": "목(木)은 겨울에도 생명력을 유지하며 강한 생존력을 가짐.",
      "interpretation": "겨울에 태어난 목일간은 강한 생존력과 전투력을 가짐.",
      "action": "겨울에 태어난 목일간은 자신의 생존력을 믿고 도전하라.",
      "cautions": [
        "겨울의 환경적 제약을 극복하기 위한 전략이 필요함."
      ],
      "tags": [
        "목",
        "겨울",
        "생존력",
        "전투력",
        "목일간",
        "생목",
        "계절"
      ]
    },
    {
      "id": "RC-fb8738d3aa",
      "topic": "TEN_GODS",
      "priority": 6,
      "trigger": {
        "relation": "겁재",
        "note": "양간이 겁재를 지지에만 가진 경우"
      },
      "mechanism": "겁재는 주변 사람들과의 관계에서 고독감을 유발할 수 있음.",
      "interpretation": "양간이 겁재를 지지에만 가진 경우, 주변에 사람이 있어도 고독감을 느낄 수 있음.",
      "action": "자신의 고독감을 이해하고 이를 극복하기 위한 내적 성장을 도모하라.",
      "cautions": [
        "고독감이 지나치게 심화되지 않도록 주의하라."
      ],
      "tags": [
        "겁재",
        "양간",
        "고독",
        "관계",
        "목일간",
        "십성"
      ]
    },
    {
      "id": "RC-25b513e729",
      "topic": "STRUCTURE",
      "priority": 5,
      "trigger": {
        "note": "간목과 을목의 관계"
      },
      "mechanism": "간목과 을목은 수평적 에너지와 수직적 에너지를 통해 상호작용함.",
      "interpretation": "간목과 을목의 관계는 협력과 경쟁을 동시에 내포함.",
      "action": "간목과 을목의 관계에서 균형을 유지하며 협력적 태도를 취하라.",
      "cautions": [
        "경쟁이 지나치게 심화되지 않도록 조율하라."
      ],
      "tags": [
        "간목",
        "을목",
        "수평에너지",
        "수직에너지",
        "협력",
        "경쟁",
        "목일간",
        "구조"
      ]
    },
    {
      "id": "RC-052bb02486",
      "topic": "ELEMENTS",
      "priority": 4,
      "trigger": {
        "element": "목",
        "type": "생목"
      },
      "mechanism": "생목은 강한 생명력과 성장 에너지를 상징함.",
      "interpretation": "생목은 어떤 환경에서도 생존하고 성장하려는 특성을 가짐.",
      "action": "생목의 특성을 활용해 어려운 상황에서도 성장의 기회를 찾아라.",
      "cautions": [
        "생목의 에너지가 과도하게 발산되지 않도록 조절하라."
      ],
      "tags": [
        "목",
        "생목",
        "성장",
        "생명력",
        "목일간",
        "에너지"
      ]
    },
    {
      "id": "RC-277d914319",
      "topic": "RELATION",
      "priority": 3,
      "trigger": {
        "note": "간목과 을목의 상징적 관계"
      },
      "mechanism": "간목과 을목은 덩굴과 나무의 관계로 상징됨.",
      "interpretation": "을목은 간목을 휘감고 올라가며, 높이를 점유하려는 특성을 가짐.",
      "action": "을목의 특성을 이해하고 이를 활용해 목표를 설정하라.",
      "cautions": [
        "을목의 지나친 점유 욕구가 갈등을 유발할 수 있음."
      ],
      "tags": [
        "간목",
        "을목",
        "덩굴",
        "나무",
        "상징",
        "목일간",
        "관계"
      ]
    }
  ],
  "notes": [
    "일부 내용은 구체적 조건이 부족하여 일반적 해석으로 작성됨."
  ],
  "schema_version": "rulecards.v1",
  "module_code": "SajuOS_TEN_032",
  "updated_at": "2025-12-23T20:27:26"
}