{
  "title": "SajuOS_Logic_TEN_036",
  "rulecards": [
    {
      "id": "RC-022c6b01ec",
      "topic": "GENERAL",
      "priority": 10,
      "trigger": {
        "note": "사주에서 한난조습을 고려할 때"
      },
      "mechanism": "한난은 온도, 조습은 습도를 나타내며 사주의 기본 환경을 형성함.",
      "interpretation": "사주의 온도와 습도는 개인의 성향과 외부 환경과의 상호작용을 결정함.",
      "action": "사주를 해석할 때 한난조습을 먼저 파악하여 전체적인 흐름을 이해할 것.",
      "cautions": [
        "한난조습은 다른 요소와 함께 종합적으로 해석해야 함."
      ],
      "tags": [
        "한난조습",
        "온도",
        "습도",
        "사주환경",
        "기본개념"
      ]
    },
    {
      "id": "RC-8cca78328a",
      "topic": "GENERAL",
      "priority": 9,
      "trigger": {
        "note": "한난조습이 치우쳐 있을 때"
      },
      "mechanism": "치우친 한난조습은 개인의 성향과 행동 패턴에 극단적인 영향을 미침.",
      "interpretation": "한난조습의 균형이 깨지면 성격과 행동이 왜곡될 가능성이 높음.",
      "action": "사주에서 한난조습의 균형 여부를 확인하고 조율 방안을 모색할 것.",
      "cautions": [
        "치우침이 심할 경우 외부 환경의 영향을 더 많이 받을 수 있음."
      ],
      "tags": [
        "균형",
        "치우침",
        "성향",
        "행동패턴",
        "조율"
      ]
    },
    {
      "id": "RC-c69a1ab0fe",
      "topic": "TEN_GODS",
      "priority": 8,
      "trigger": {
        "note": "인성이 한한 경우"
      },
      "mechanism": "한한 인성은 수용력이 느리지만 깊이 있는 이해를 가능하게 함.",
      "interpretation": "한한 인성은 초기에는 느리지만, 일단 받아들이면 강한 지속력을 가짐.",
      "action": "한한 인성을 가진 사람에게는 충분한 시간을 주고 기다릴 것.",
      "cautions": [
        "초기 반응이 느리다고 조급해하지 말 것."
      ],
      "tags": [
        "인성",
        "한한",
        "수용력",
        "지속력",
        "시간"
      ]
    },
    {
      "id": "RC-a3197a2afc",
      "topic": "TEN_GODS",
      "priority": 8,
      "trigger": {
        "note": "인성이 난한 경우"
      },
      "mechanism": "난한 인성은 빠르게 수용하지만 지속성이 약함.",
      "interpretation": "난한 인성은 새로운 것을 빨리 받아들이지만 쉽게 잊거나 변할 수 있음.",
      "action": "난한 인성을 가진 사람에게는 반복 학습과 체계적인 관리가 필요함.",
      "cautions": [
        "지속적인 관심과 관리가 없으면 성과가 유지되지 않을 수 있음."
      ],
      "tags": [
        "인성",
        "난한",
        "수용력",
        "지속성",
        "관리"
      ]
    },
    {
      "id": "RC-6f003e99f3",
      "topic": "TEN_GODS",
      "priority": 7,
      "trigger": {
        "note": "편인이 조한 경우"
      },
      "mechanism": "조한 편인은 고집이 강하고 변화에 저항함.",
      "interpretation": "조한 편인은 자신의 생각에 갇혀 설득이 어려움.",
      "action": "조한 편인을 설득하려면 습한 운이 들어올 때를 활용할 것.",
      "cautions": [
        "고집이 강해 대화가 어려울 수 있음."
      ],
      "tags": [
        "편인",
        "조한",
        "고집",
        "설득",
        "운"
      ]
    },
    {
      "id": "RC-5514b486be",
      "topic": "TEN_GODS",
      "priority": 7,
      "trigger": {
        "note": "정인이 한한 경우"
      },
      "mechanism": "한한 정인은 전체를 수용하지만 속도가 느림.",
      "interpretation": "한한 정인은 배운 것을 오래 유지하며 전통을 계승하는 데 적합함.",
      "action": "한한 정인에게는 꾸준히 가르치고 기다릴 것.",
      "cautions": [
        "속도가 느리다고 조급해하지 말 것."
      ],
      "tags": [
        "정인",
        "한한",
        "수용력",
        "전통",
        "지속성"
      ]
    },
    {
      "id": "RC-add8fec337",
      "topic": "TEN_GODS",
      "priority": 7,
      "trigger": {
        "note": "정인이 난한 경우"
      },
      "mechanism": "난한 정인은 빠르게 배우지만 유지력이 약함.",
      "interpretation": "난한 정인은 새로운 것을 잘 받아들이지만 오래 지속하지 못함.",
      "action": "난한 정인에게는 반복 학습과 체계적인 관리가 필요함.",
      "cautions": [
        "지속적인 관심이 없으면 성과가 유지되지 않을 수 있음."
      ],
      "tags": [
        "정인",
        "난한",
        "수용력",
        "지속성",
        "관리"
      ]
    },
    {
      "id": "RC-b723bd7ee8",
      "topic": "TEN_GODS",
      "priority": 8,
      "trigger": {
        "note": "식신이 한한 경우"
      },
      "mechanism": "한한 식신은 표현 욕구가 있지만 타이밍이 맞지 않음.",
      "interpretation": "한한 식신은 외부 변화에 적응하기 어려워 표현이 늦어질 수 있음.",
      "action": "한한 식신에게는 충분한 준비 시간을 주고 기다릴 것.",
      "cautions": [
        "타이밍이 맞지 않아 좌절할 수 있음."
      ],
      "tags": [
        "식신",
        "한한",
        "표현",
        "타이밍",
        "적응"
      ]
    },
    {
      "id": "RC-63a05250aa",
      "topic": "TEN_GODS",
      "priority": 8,
      "trigger": {
        "note": "식신이 난한 경우"
      },
      "mechanism": "난한 식신은 표현 욕구가 강하고 즉흥적임.",
      "interpretation": "난한 식신은 빠르게 표현하지만 산만해질 수 있음.",
      "action": "난한 식신에게는 집중력을 키우는 훈련이 필요함.",
      "cautions": [
        "즉흥성이 지나치면 산만해질 수 있음."
      ],
      "tags": [
        "식신",
        "난한",
        "표현",
        "즉흥성",
        "집중력"
      ]
    },
    {
      "id": "RC-b9fa9e62b7",
      "topic": "TEN_GODS",
      "priority": 7,
      "trigger": {
        "note": "상관이 한한 경우"
      },
      "mechanism": "한한 상관은 외부 반응 속도가 느림.",
      "interpretation": "한한 상관은 상황을 늦게 파악하고 뒷북을 칠 가능성이 있음.",
      "action": "한한 상관에게는 충분한 시간을 주고 기다릴 것.",
      "cautions": [
        "반응 속도가 느려 기회를 놓칠 수 있음."
      ],
      "tags": [
        "상관",
        "한한",
        "반응속도",
        "뒷북",
        "기회"
      ]
    },
    {
      "id": "RC-6f88cb6a5c",
      "topic": "TEN_GODS",
      "priority": 7,
      "trigger": {
        "note": "상관이 난한 경우"
      },
      "mechanism": "난한 상관은 외부 반응 속도가 빠르고 즉흥적임.",
      "interpretation": "난한 상관은 빠르게 반응하지만 과도한 간섭으로 부담을 줄 수 있음.",
      "action": "난한 상관에게는 간섭을 절제하도록 지도할 것.",
      "cautions": [
        "과도한 간섭은 관계에 부정적 영향을 줄 수 있음."
      ],
      "tags": [
        "상관",
        "난한",
        "반응속도",
        "즉흥성",
        "간섭"
      ]
    },
    {
      "id": "RC-1c67da44fa",
      "topic": "ELEMENTS",
      "priority": 9,
      "trigger": {
        "season": "winter"
      },
      "mechanism": "겨울은 생명력을 억제하고 생명을 죽이는 계절적 특성을 가짐.",
      "interpretation": "겨울은 생명 활동이 멈추는 시기로, 생명체가 생존을 위해 대비해야 함.",
      "action": "겨울철에는 생명력을 보존하고 에너지를 절약하는 활동을 계획하라.",
      "cautions": [
        "겨울철에는 과도한 활동으로 에너지를 소모하지 않도록 주의."
      ],
      "tags": [
        "겨울",
        "생명력",
        "에너지",
        "계절",
        "생존"
      ]
    },
    {
      "id": "RC-ec6554b333",
      "topic": "ELEMENTS",
      "priority": 8,
      "trigger": {
        "element": "습"
      },
      "mechanism": "습은 생명력을 배양하고 성장시키는 환경을 제공.",
      "interpretation": "습한 환경은 생산성과 생명력 증진에 유리함.",
      "action": "습한 환경을 활용해 성장과 생산성을 높이는 활동을 계획하라.",
      "cautions": [
        "습도가 과도하면 부작용이 발생할 수 있으니 적정 수준을 유지."
      ],
      "tags": [
        "습",
        "생명력",
        "성장",
        "환경",
        "생산성"
      ]
    },
    {
      "id": "RC-5874a4bb0c",
      "topic": "ELEMENTS",
      "priority": 8,
      "trigger": {
        "element": "조"
      },
      "mechanism": "조는 생명력을 억제하고 생명 활동을 제한.",
      "interpretation": "조한 환경은 생명력과 생산성을 저하시킬 수 있음.",
      "action": "조한 환경에서는 생명력을 보존하고 균형을 유지하는 활동을 하라.",
      "cautions": [
        "조한 환경에서 과도한 활동은 건강에 해로울 수 있음."
      ],
      "tags": [
        "조",
        "생명력",
        "억제",
        "환경",
        "균형"
      ]
    },
    {
      "id": "RC-b1f435213f",
      "topic": "STRUCTURE",
      "priority": 7,
      "trigger": {
        "month": "인월"
      },
      "mechanism": "인월은 양기가 시작되는 시기로 성장의 초기 단계.",
      "interpretation": "인월은 새로운 시작과 성장의 가능성을 의미.",
      "action": "인월에는 새로운 계획을 세우고 실행에 옮겨라.",
      "cautions": [
        "초기 단계에서 과도한 기대는 실망을 초래할 수 있음."
      ],
      "tags": [
        "인월",
        "양기",
        "성장",
        "시작",
        "계획"
      ]
    },
    {
      "id": "RC-18667ecdef",
      "topic": "STRUCTURE",
      "priority": 7,
      "trigger": {
        "month": "묘월"
      },
      "mechanism": "묘월은 한에서 멀어지고 성장의 중간 단계에 접어듦.",
      "interpretation": "묘월은 성장의 가속화와 안정화를 의미.",
      "action": "묘월에는 기존 계획을 점검하고 안정적으로 추진하라.",
      "cautions": [
        "성장 과정에서 균형을 잃지 않도록 주의."
      ],
      "tags": [
        "묘월",
        "성장",
        "안정",
        "계획",
        "균형"
      ]
    },
    {
      "id": "RC-1aa5eedc61",
      "topic": "TIMING",
      "priority": 8,
      "trigger": {
        "year": "무술년",
        "element": "습"
      },
      "mechanism": "습한 명에게 무술년의 조토는 습을 조절하는 역할을 함.",
      "interpretation": "습한 명에게 무술년은 긍정적인 변화를 가져올 수 있음.",
      "action": "무술년에는 조토의 기운을 활용해 균형을 맞추라.",
      "cautions": [
        "조토의 과도한 영향은 다른 요소와의 균형을 해칠 수 있음."
      ],
      "tags": [
        "무술년",
        "습",
        "조토",
        "균형",
        "변화"
      ]
    },
    {
      "id": "RC-844c4f36d7",
      "topic": "TIMING",
      "priority": 8,
      "trigger": {
        "year": "기해년",
        "element": "습"
      },
      "mechanism": "기해년의 습은 습한 명에게 병을 악화시킬 수 있음.",
      "interpretation": "습한 명에게 기해년은 건강 문제를 유발할 가능성이 있음.",
      "action": "기해년에는 건강 관리에 특별히 신경 쓰고 예방 조치를 취하라.",
      "cautions": [
        "습한 환경에서 병이 악화될 수 있으니 주의."
      ],
      "tags": [
        "기해년",
        "습",
        "건강",
        "병",
        "예방"
      ]
    },
    {
      "id": "RC-988d5a6e5d",
      "topic": "TIMING",
      "priority": 7,
      "trigger": {
        "year": "기해년",
        "element": "조환"
      },
      "mechanism": "조환 명은 기해년의 습을 받아들이며 긍정적인 변화를 경험.",
      "interpretation": "기해년은 조환 명에게 생산성과 변화를 가져올 수 있음.",
      "action": "기해년에는 변화에 적응하고 새로운 기회를 활용하라.",
      "cautions": [
        "변화를 거부하면 기회를 놓칠 수 있음."
      ],
      "tags": [
        "기해년",
        "조환",
        "변화",
        "생산성",
        "적응"
      ]
    },
    {
      "id": "RC-821c9657de",
      "topic": "TIMING",
      "priority": 6,
      "trigger": {
        "year": "경자년",
        "element": "조해"
      },
      "mechanism": "경자년은 조해지고 한해지는 운세를 가짐.",
      "interpretation": "경자년은 난하고 습한 명에게 유리한 시기.",
      "action": "경자년에는 난하고 습한 기운을 활용해 성과를 극대화하라.",
      "cautions": [
        "조해진 환경에서 균형을 유지하도록 노력."
      ],
      "tags": [
        "경자년",
        "조해",
        "한해",
        "난",
        "습"
      ]
    }
  ],
  "notes": [
    "한난조습은 사주의 기본 환경을 이해하는 데 중요한 요소임.",
    "치우침이 심할 경우 외부 환경과의 상호작용에 부정적 영향을 미칠 수 있음."
  ],
  "schema_version": "rulecards.v1",
  "module_code": "SajuOS_TEN_036",
  "updated_at": "2025-12-23T20:27:26"
}