{
  "title": "SajuOS_Logic_ELEM_039",
  "rulecards": [
    {
      "id": "RC-70f0bb4103",
      "topic": "WEALTH",
      "priority": 9,
      "trigger": {
        "note": "일관이 극하는 오행이 재물로 작용할 때"
      },
      "mechanism": "일관이 극하는 오행은 일관이 다루는 에너지로 해석됨.",
      "interpretation": "재물은 일관이 다룰 수 있는 힘이 있을 때 자신의 것으로 유지 가능.",
      "action": "일관의 강약을 분석하여 재물의 안정성을 평가하라.",
      "cautions": [
        "일관이 약하면 재물이 오히려 부담이 될 수 있음."
      ],
      "tags": [
        "일관",
        "재물",
        "극",
        "강약",
        "안정성"
      ]
    },
    {
      "id": "RC-f848bd4091",
      "topic": "WEALTH",
      "priority": 8,
      "trigger": {
        "note": "사주에서 수가 발달한 경우"
      },
      "mechanism": "수는 현금성 자산과 원천적 에너지를 상징.",
      "interpretation": "수가 발달한 사람은 현금을 보유하거나 자산을 안정적으로 관리하는 경향이 있음.",
      "action": "현금 흐름을 유지하고 자산을 안정적으로 관리하라.",
      "cautions": [
        "수가 과도하면 자산의 유동성이 부족할 수 있음."
      ],
      "tags": [
        "수",
        "현금",
        "자산",
        "안정성",
        "유동성"
      ]
    },
    {
      "id": "RC-f296455bc5",
      "topic": "WEALTH",
      "priority": 7,
      "trigger": {
        "note": "수가 부족한 경우"
      },
      "mechanism": "수는 현금의 흐름을 멈추고 여유를 만드는 역할.",
      "interpretation": "수가 부족하면 현금 흐름이 불안정하고 부도 위험이 높아질 수 있음.",
      "action": "현금 유동성을 확보하고 비상 자금을 마련하라.",
      "cautions": [
        "흑자 부도 가능성에 주의."
      ],
      "tags": [
        "수",
        "현금 흐름",
        "부도",
        "유동성",
        "비상 자금"
      ]
    },
    {
      "id": "RC-49783d27b7",
      "topic": "WEALTH",
      "priority": 8,
      "trigger": {
        "note": "수가 발달한 사람의 소비 패턴"
      },
      "mechanism": "수는 자산을 모으고 안정적으로 유지하려는 경향.",
      "interpretation": "수가 발달한 사람은 소비보다는 저축과 자산 축적에 집중.",
      "action": "장기적인 자산 관리 계획을 세워라.",
      "cautions": [
        "과도한 저축으로 인해 기회 손실이 발생할 수 있음."
      ],
      "tags": [
        "수",
        "저축",
        "자산 관리",
        "소비 패턴",
        "안정성"
      ]
    },
    {
      "id": "RC-997af16734",
      "topic": "WEALTH",
      "priority": 7,
      "trigger": {
        "note": "화가 발달한 경우"
      },
      "mechanism": "화는 자산의 유동성과 소비 욕구를 상징.",
      "interpretation": "화가 발달한 사람은 소비와 자산 활용에 적극적.",
      "action": "소비를 통제하고 재정 계획을 수립하라.",
      "cautions": [
        "과도한 소비로 인해 재정 불안정이 발생할 수 있음."
      ],
      "tags": [
        "화",
        "소비",
        "유동성",
        "재정 계획",
        "통제"
      ]
    },
    {
      "id": "RC-e0e9f189b9",
      "topic": "WEALTH",
      "priority": 6,
      "trigger": {
        "note": "수가 발달한 사람의 투자 성향"
      },
      "mechanism": "수는 안정적이고 느린 자산 증식을 선호.",
      "interpretation": "수가 발달한 사람은 적금, 채권 등 안정적인 투자에 관심.",
      "action": "안정적인 투자 상품을 선택하라.",
      "cautions": [
        "과도한 안정 추구로 인해 성장 기회를 놓칠 수 있음."
      ],
      "tags": [
        "수",
        "투자",
        "안정성",
        "적금",
        "채권"
      ]
    },
    {
      "id": "RC-a366f2755a",
      "topic": "WEALTH",
      "priority": 6,
      "trigger": {
        "note": "화가 발달한 사람의 투자 성향"
      },
      "mechanism": "화는 빠르고 유동적인 자산 증식을 선호.",
      "interpretation": "화가 발달한 사람은 주식, 레버리지 등 고위험 투자에 관심.",
      "action": "위험을 분산하고 투자 계획을 세워라.",
      "cautions": [
        "고위험 투자로 인해 큰 손실을 볼 수 있음."
      ],
      "tags": [
        "화",
        "투자",
        "유동성",
        "고위험",
        "레버리지"
      ]
    },
    {
      "id": "RC-aedea80e74",
      "topic": "WEALTH",
      "priority": 9,
      "trigger": {
        "note": "수가 발달한 사람의 자산 관리"
      },
      "mechanism": "수는 자산의 안정성과 보존을 중시.",
      "interpretation": "수가 발달한 사람은 자산을 장기적으로 유지하려는 경향.",
      "action": "자산 보존 전략을 수립하라.",
      "cautions": [
        "변화에 둔감하여 기회를 놓칠 수 있음."
      ],
      "tags": [
        "수",
        "자산 관리",
        "안정성",
        "보존",
        "장기적"
      ]
    },
    {
      "id": "RC-0d834f058d",
      "topic": "WEALTH",
      "priority": 8,
      "trigger": {
        "note": "화가 발달한 사람의 자산 관리"
      },
      "mechanism": "화는 자산의 유동성과 활용을 중시.",
      "interpretation": "화가 발달한 사람은 자산을 빠르게 활용하려는 경향.",
      "action": "자산 활용 계획을 세우고 소비를 조절하라.",
      "cautions": [
        "과도한 활용으로 인해 자산이 고갈될 수 있음."
      ],
      "tags": [
        "화",
        "자산 관리",
        "유동성",
        "활용",
        "소비 조절"
      ]
    },
    {
      "id": "RC-f52959cad8",
      "topic": "WEALTH",
      "priority": 7,
      "trigger": {
        "note": "수가 부족한 사람의 재정 관리"
      },
      "mechanism": "수는 현금 흐름과 안정성을 상징.",
      "interpretation": "수가 부족하면 재정 관리가 불안정하고 위기 상황에 취약.",
      "action": "비상 자금을 마련하고 현금 흐름을 점검하라.",
      "cautions": [
        "위기 상황에서 대처 능력이 부족할 수 있음."
      ],
      "tags": [
        "수",
        "재정 관리",
        "현금 흐름",
        "안정성",
        "비상 자금"
      ]
    },
    {
      "id": "RC-14dfe63f82",
      "topic": "ELEMENTS",
      "priority": 9,
      "trigger": {
        "elements": [
          "수",
          "화"
        ],
        "missing_elements": [
          "금",
          "목"
        ]
      },
      "mechanism": "수와 화만 존재하면 에너지의 흐름이 불안정하고 지속 가능성이 낮음.",
      "interpretation": "금과 목이 개입하지 않으면 재물의 흐름이 일시적이고 불안정할 가능성이 높음.",
      "action": "금과 목의 역할을 보완할 수 있는 활동이나 전략을 모색하라.",
      "cautions": [
        "도박, 투기 등 불안정한 재물 활동에 주의"
      ],
      "tags": [
        "수",
        "화",
        "금",
        "목",
        "재물",
        "불안정",
        "투자"
      ]
    },
    {
      "id": "RC-fe81366bb4",
      "topic": "ELEMENTS",
      "priority": 8,
      "trigger": {
        "elements": [
          "금",
          "목"
        ],
        "note": "수와 화 사이에 금목이 개입"
      },
      "mechanism": "금목은 수와 화의 에너지 흐름을 조율하고 실체를 부여함.",
      "interpretation": "금목이 개입하면 재물의 흐름이 안정되고 실체화됨.",
      "action": "금목의 역할을 강화할 수 있는 활동을 계획하라.",
      "cautions": [
        "금목의 과도한 개입은 에너지 흐름을 방해할 수 있음"
      ],
      "tags": [
        "금",
        "목",
        "수",
        "화",
        "조율",
        "안정",
        "실체"
      ]
    },
    {
      "id": "RC-21b779f176",
      "topic": "WEALTH",
      "priority": 10,
      "trigger": {
        "elements": [
          "수",
          "화"
        ],
        "missing_elements": [
          "금"
        ]
      },
      "mechanism": "금이 없으면 수와 화의 에너지 흐름이 실체를 가지기 어려움.",
      "interpretation": "금이 없으면 재물의 실체가 불분명하고 지속 가능성이 낮음.",
      "action": "금의 역할을 보완할 수 있는 실질적 자산 관리 방안을 마련하라.",
      "cautions": [
        "비현실적인 재물 계획에 주의"
      ],
      "tags": [
        "수",
        "화",
        "금",
        "실체",
        "재물",
        "관리"
      ]
    },
    {
      "id": "RC-eb817945a4",
      "topic": "WEALTH",
      "priority": 9,
      "trigger": {
        "elements": [
          "목"
        ],
        "note": "목이 수와 화 사이에 개입"
      },
      "mechanism": "목은 수와 화의 에너지 흐름을 설계하고 방향성을 부여함.",
      "interpretation": "목이 개입하면 재물의 흐름이 체계적이고 방향성을 가짐.",
      "action": "목의 역할을 강화할 수 있는 계획적이고 체계적인 접근을 하라.",
      "cautions": [
        "목의 과도한 개입은 에너지 낭비를 초래할 수 있음"
      ],
      "tags": [
        "목",
        "수",
        "화",
        "설계",
        "방향성",
        "체계"
      ]
    },
    {
      "id": "RC-e714d4a93b",
      "topic": "WEALTH",
      "priority": 8,
      "trigger": {
        "elements": [
          "수"
        ],
        "note": "현금성 자산으로서의 수"
      },
      "mechanism": "수는 현금성 자산으로 재물의 기초를 형성함.",
      "interpretation": "수는 재물의 기본적인 안정성을 나타냄.",
      "action": "현금성 자산을 확보하고 관리하라.",
      "cautions": [
        "현금의 과도한 보유는 기회 손실을 초래할 수 있음"
      ],
      "tags": [
        "수",
        "현금",
        "안정성",
        "재물",
        "기초"
      ]
    },
    {
      "id": "RC-4eca6cf63e",
      "topic": "WEALTH",
      "priority": 7,
      "trigger": {
        "elements": [
          "화"
        ],
        "note": "화의 팽창적 에너지"
      },
      "mechanism": "화는 재물의 팽창과 소비를 주도함.",
      "interpretation": "화는 재물의 성장 가능성을 나타내지만, 동시에 소비를 촉진함.",
      "action": "화의 에너지를 활용해 재물의 성장을 도모하라.",
      "cautions": [
        "과도한 소비와 낭비에 주의"
      ],
      "tags": [
        "화",
        "팽창",
        "소비",
        "성장",
        "재물"
      ]
    },
    {
      "id": "RC-6b8b9fcf71",
      "topic": "WEALTH",
      "priority": 8,
      "trigger": {
        "elements": [
          "목",
          "화"
        ],
        "note": "목생화의 에너지 흐름"
      },
      "mechanism": "목생화는 재물의 소비와 방향성을 강화함.",
      "interpretation": "목생화는 재물의 소비와 투자 방향을 결정함.",
      "action": "목생화의 에너지를 활용해 재물의 효율적 사용을 계획하라.",
      "cautions": [
        "목생화가 과도하면 재물의 고갈 위험이 있음"
      ],
      "tags": [
        "목",
        "화",
        "소비",
        "투자",
        "방향성"
      ]
    },
    {
      "id": "RC-6f81a95b45",
      "topic": "WEALTH",
      "priority": 9,
      "trigger": {
        "elements": [
          "금"
        ],
        "note": "금의 실체화 역할"
      },
      "mechanism": "금은 재물의 실체를 파악하고 안정성을 부여함.",
      "interpretation": "금은 재물의 실질적 가치를 나타냄.",
      "action": "금의 역할을 강화해 재물의 실체를 명확히 하라.",
      "cautions": [
        "금의 과도한 개입은 유연성을 저해할 수 있음"
      ],
      "tags": [
        "금",
        "실체",
        "안정성",
        "재물",
        "가치"
      ]
    },
    {
      "id": "RC-1e929910ca",
      "topic": "WEALTH",
      "priority": 8,
      "trigger": {
        "elements": [
          "수",
          "화",
          "금"
        ],
        "note": "수화와 금의 상호작용"
      },
      "mechanism": "금은 수화의 에너지 흐름을 조율하고 실체를 부여함.",
      "interpretation": "금이 개입하면 수화의 에너지가 안정되고 실질적 가치를 가짐.",
      "action": "금의 역할을 활용해 재물의 흐름을 안정화하라.",
      "cautions": [
        "금의 부족은 수화의 불안정성을 초래할 수 있음"
      ],
      "tags": [
        "수",
        "화",
        "금",
        "조율",
        "안정",
        "가치"
      ]
    },
    {
      "id": "RC-0a9830b6ef",
      "topic": "WEALTH",
      "priority": 7,
      "trigger": {
        "elements": [
          "목",
          "수"
        ],
        "note": "목이 수의 흐름을 설계"
      },
      "mechanism": "목은 수의 흐름을 설계하고 체계화함.",
      "interpretation": "목이 개입하면 재물의 흐름이 체계적이고 효율적임.",
      "action": "목의 역할을 활용해 재물의 흐름을 체계적으로 관리하라.",
      "cautions": [
        "목의 과도한 개입은 비효율을 초래할 수 있음"
      ],
      "tags": [
        "목",
        "수",
        "설계",
        "체계",
        "효율"
      ]
    },
    {
      "id": "RC-c64ec1a2a4",
      "topic": "WEALTH",
      "priority": 9,
      "trigger": {
        "fire_strength": "strong",
        "metal_strength": "strong"
      },
      "mechanism": "화와 금이 균형을 이루면 재물의 흐름이 안정적임.",
      "interpretation": "화와 금이 강하면 재물의 흐름이 원활하고 이익이 극대화됨.",
      "action": "화와 금의 균형을 유지하는 방향으로 재물 관리를 계획하라.",
      "cautions": [
        "화와 금 중 하나가 지나치게 강하거나 약하면 균형이 깨질 수 있음."
      ],
      "tags": [
        "화",
        "금",
        "재물",
        "균형",
        "이익",
        "안정",
        "투자",
        "관리"
      ]
    },
    {
      "id": "RC-500275b993",
      "topic": "WEALTH",
      "priority": 8,
      "trigger": {
        "fire_strength": "weak",
        "wood_support": true
      },
      "mechanism": "목생화로 인해 시간이 지나면서 화가 강해짐.",
      "interpretation": "시간이 지날수록 재물의 흐름이 개선되고 이익이 증가함.",
      "action": "장기적인 관점에서 재물 계획을 세우고 시간을 활용하라.",
      "cautions": [
        "초기에는 재물 흐름이 약할 수 있음."
      ],
      "tags": [
        "화",
        "목",
        "시간",
        "재물",
        "성장",
        "장기",
        "투자",
        "계획"
      ]
    },
    {
      "id": "RC-a6d576c393",
      "topic": "WEALTH",
      "priority": 7,
      "trigger": {
        "water_presence": false
      },
      "mechanism": "수가 없으면 재물의 흐름을 조절할 브레이크 역할이 부족함.",
      "interpretation": "재물은 많지만 소비가 과도하여 여유가 없어질 가능성이 큼.",
      "action": "재물의 흐름을 조절할 수 있는 방안을 마련하라.",
      "cautions": [
        "과도한 소비로 인해 재정적 불안정이 발생할 수 있음."
      ],
      "tags": [
        "수",
        "재물",
        "소비",
        "조절",
        "안정",
        "브레이크",
        "흐름",
        "관리"
      ]
    },
    {
      "id": "RC-a0a1219e6d",
      "topic": "WEALTH",
      "priority": 6,
      "trigger": {
        "fire_to_earth": true
      },
      "mechanism": "화생토는 시간이 지나면서 가치가 감소하는 소비를 유발함.",
      "interpretation": "감가상각이 큰 소비 형태와 연관됨.",
      "action": "가치가 유지되는 자산에 투자하거나 소비를 신중히 계획하라.",
      "cautions": [
        "감가상각이 큰 자산에 과도하게 투자하지 말 것."
      ],
      "tags": [
        "화",
        "토",
        "감가상각",
        "소비",
        "투자",
        "가치",
        "유지",
        "계획"
      ]
    },
    {
      "id": "RC-7cd2df0fc4",
      "topic": "WEALTH",
      "priority": 5,
      "trigger": {
        "fire_to_metal": true
      },
      "mechanism": "화각금은 가치가 유지되거나 증가하는 자산과 연관됨.",
      "interpretation": "클래식카나 수집품처럼 시간이 지나도 가치가 유지되는 자산.",
      "action": "가치가 유지되거나 증가할 가능성이 있는 자산에 투자하라.",
      "cautions": [
        "유지비용이 발생할 수 있음."
      ],
      "tags": [
        "화",
        "금",
        "가치",
        "유지",
        "투자",
        "수집",
        "자산",
        "안정"
      ]
    },
    {
      "id": "RC-65ffcf9fb7",
      "topic": "WEALTH",
      "priority": 7,
      "trigger": {
        "fire_to_earth": true,
        "timing": "missed"
      },
      "mechanism": "화생토는 타이밍을 놓치기 쉬운 소비 패턴과 연관됨.",
      "interpretation": "소비나 투자에서 적절한 시기를 놓칠 가능성이 큼.",
      "action": "소비와 투자에서 타이밍을 신중히 고려하라.",
      "cautions": [
        "타이밍을 놓치면 손실이 발생할 수 있음."
      ],
      "tags": [
        "화",
        "토",
        "타이밍",
        "소비",
        "투자",
        "손실",
        "계획",
        "주의"
      ]
    },
    {
      "id": "RC-7c160c2a92",
      "topic": "WEALTH",
      "priority": 6,
      "trigger": {
        "water_presence": true
      },
      "mechanism": "수는 재물의 흐름을 조절하고 안정감을 제공함.",
      "interpretation": "재물 관리에서 여유와 안정감을 가질 수 있음.",
      "action": "재물의 흐름을 조절할 수 있는 시스템을 구축하라.",
      "cautions": [
        "수가 과도하면 재물의 흐름이 지나치게 느려질 수 있음."
      ],
      "tags": [
        "수",
        "재물",
        "흐름",
        "안정",
        "조절",
        "시스템",
        "관리",
        "여유"
      ]
    },
    {
      "id": "RC-ba0790f00e",
      "topic": "WEALTH",
      "priority": 5,
      "trigger": {
        "fire_absence": true
      },
      "mechanism": "화가 없으면 재물의 흐름이 오행 외의 다른 요인에 의존함.",
      "interpretation": "오행 외의 요인으로 재물을 얻는 경향이 있음.",
      "action": "오행 외의 재물 운용 방식을 탐구하고 활용하라.",
      "cautions": [
        "오행만으로 재물 운을 판단하지 말 것."
      ],
      "tags": [
        "화",
        "재물",
        "오행",
        "외부요인",
        "흐름",
        "다양성",
        "운용",
        "탐구"
      ]
    }
  ],
  "notes": [
    "텍스트에서 언급된 '토'에 대한 구체적인 설명은 다음 강의에서 다룰 예정."
  ],
  "schema_version": "rulecards.v1",
  "module_code": "SajuOS_ELEM_039",
  "updated_at": "2025-12-23T20:27:25"
}