{
  "title": "SajuOS_Logic_ELEM_047",
  "rulecards": [
    {
      "id": "RC-4bc16efddf",
      "topic": "ELEMENTS",
      "priority": 10,
      "trigger": {
        "element": "토"
      },
      "mechanism": "토는 목, 화, 금, 수의 모든 속성을 포함하며 중심을 유지하는 특성을 가짐.",
      "interpretation": "토는 모든 것을 포용하고 조화롭게 유지하는 역할을 함.",
      "action": "토의 균형을 활용하여 다양한 상황에서 중재와 조화를 이끌어낼 것.",
      "cautions": [
        "토가 치우치면 본래의 균형을 잃을 수 있음."
      ],
      "tags": [
        "토",
        "포용",
        "중심",
        "조화",
        "균형",
        "오행",
        "변화",
        "포용력",
        "중재",
        "안정"
      ]
    },
    {
      "id": "RC-9541db8b02",
      "topic": "ELEMENTS",
      "priority": 9,
      "trigger": {
        "element": "토",
        "type": "진토"
      },
      "mechanism": "진토는 목과 화 사이에서 변화와 연결을 담당.",
      "interpretation": "진토는 변화와 아이디어의 원천으로 작용.",
      "action": "진토의 창의성과 변화를 활용하여 새로운 기획과 아이디어를 도출할 것.",
      "cautions": [
        "변화가 지나치면 혼란을 초래할 수 있음."
      ],
      "tags": [
        "진토",
        "변화",
        "아이디어",
        "창의성",
        "목생화",
        "중간 역할",
        "성장",
        "변화무쌍",
        "기획",
        "조화"
      ]
    },
    {
      "id": "RC-fd60e9f3b6",
      "topic": "ELEMENTS",
      "priority": 8,
      "trigger": {
        "element": "토",
        "type": "술토"
      },
      "mechanism": "술토는 화의 운동이 끝난 상태로 보수적 성향을 가짐.",
      "interpretation": "술토는 안정과 고유성을 유지하며 변화를 거부하는 특성을 가짐.",
      "action": "술토의 안정성을 활용하여 장기적인 계획을 세울 것.",
      "cautions": [
        "변화에 대한 저항이 지나치면 발전이 어려울 수 있음."
      ],
      "tags": [
        "술토",
        "보수적",
        "안정",
        "고유성",
        "변화 거부",
        "화의 마무리",
        "가을",
        "열매",
        "보호",
        "유지"
      ]
    },
    {
      "id": "RC-85429ed331",
      "topic": "ELEMENTS",
      "priority": 7,
      "trigger": {
        "element": "토",
        "type": "축토"
      },
      "mechanism": "축토는 자수의 압축과 에너지 전환을 담당.",
      "interpretation": "축토는 잠재력을 내포하며 에너지가 발산되기 전의 상태를 나타냄.",
      "action": "축토의 잠재력을 개발하여 큰 성과를 도출할 것.",
      "cautions": [
        "축토의 잠재력을 활용하지 못하면 정체될 수 있음."
      ],
      "tags": [
        "축토",
        "압축",
        "잠재력",
        "에너지",
        "전환",
        "변화",
        "자원",
        "개발",
        "기회",
        "성장"
      ]
    },
    {
      "id": "RC-e41c5822b5",
      "topic": "RELATION",
      "priority": 6,
      "trigger": {
        "relation": "묘술합"
      },
      "mechanism": "묘목은 술토의 보수적 성향을 해소하며 마음을 열게 함.",
      "interpretation": "묘술합은 술토의 벽을 허물고 관계를 형성하는 데 유리함.",
      "action": "묘목의 특성을 활용하여 술토와의 관계를 개선할 것.",
      "cautions": [
        "묘목이 술토의 핵심 가치를 건드리지 않도록 주의."
      ],
      "tags": [
        "묘술합",
        "관계",
        "벽 허물기",
        "포용",
        "보수적",
        "육합",
        "상호작용",
        "조화",
        "심리",
        "연결"
      ]
    },
    {
      "id": "RC-4f4a1e3373",
      "topic": "ELEMENTS",
      "priority": 7,
      "trigger": {
        "element": "토",
        "type": "미토"
      },
      "mechanism": "미토는 화의 세력권에 속하며 변화와 전달을 담당.",
      "interpretation": "미토는 화의 에너지를 유지하고 전달하는 역할을 함.",
      "action": "미토의 에너지를 활용하여 창의적이고 열정적인 활동을 계획할 것.",
      "cautions": [
        "미토의 에너지가 과도하면 소진될 수 있음."
      ],
      "tags": [
        "미토",
        "화",
        "변화",
        "전달",
        "창의성",
        "열정",
        "조화",
        "활동",
        "에너지",
        "포용"
      ]
    },
    {
      "id": "RC-f236711ae2",
      "topic": "ELEMENTS",
      "priority": 9,
      "trigger": {
        "element": "축토"
      },
      "mechanism": "축토는 에너지가 압축된 상태로 잠재력을 지닌다.",
      "interpretation": "축토는 개발되면 큰 성과를 낼 수 있는 잠재력을 가진다.",
      "action": "축토의 잠재력을 발휘할 수 있는 환경과 시기를 찾아라.",
      "cautions": [
        "축토는 적절한 자극이 없으면 잠재력만 남을 수 있다."
      ],
      "tags": [
        "축토",
        "잠재력",
        "개발",
        "압축",
        "에너지"
      ]
    },
    {
      "id": "RC-3d3aa740ab",
      "topic": "RELATION",
      "priority": 8,
      "trigger": {
        "relation": "축오탕화"
      },
      "mechanism": "축토와 오화의 상호작용으로 에너지가 폭발한다.",
      "interpretation": "축오탕화는 강한 변화를 일으키는 계기가 된다.",
      "action": "축오탕화의 시기를 활용해 새로운 도전을 시도하라.",
      "cautions": [
        "과도한 에너지 폭발로 인해 스트레스나 갈등이 생길 수 있다."
      ],
      "tags": [
        "축토",
        "오화",
        "탕화",
        "폭발",
        "변화"
      ]
    },
    {
      "id": "RC-d077a0ff47",
      "topic": "ELEMENTS",
      "priority": 7,
      "trigger": {
        "element": "미토"
      },
      "mechanism": "미토는 화와 금을 연결하는 중간 다리 역할을 한다.",
      "interpretation": "미토는 조화와 연결의 에너지를 상징한다.",
      "action": "미토의 조화로운 에너지를 활용해 협력과 성과를 도모하라.",
      "cautions": [
        "겉보기와 달리 실속이 부족할 수 있다."
      ],
      "tags": [
        "미토",
        "화",
        "금",
        "조화",
        "연결"
      ]
    },
    {
      "id": "RC-de4f899d3b",
      "topic": "RELATION",
      "priority": 6,
      "trigger": {
        "relation": "묘유충"
      },
      "mechanism": "묘유충은 음양의 불균형을 초래한다.",
      "interpretation": "묘유충은 변화와 갈등을 유발할 수 있다.",
      "action": "묘유충의 시기에는 신중하게 결정을 내리고 균형을 유지하라.",
      "cautions": [
        "묘신원진은 더 큰 갈등을 초래할 수 있다."
      ],
      "tags": [
        "묘유충",
        "음양",
        "갈등",
        "변화",
        "균형"
      ]
    },
    {
      "id": "RC-ab349e02d8",
      "topic": "STRUCTURE",
      "priority": 8,
      "trigger": {
        "note": "토의 창고와 묘지 역할"
      },
      "mechanism": "토는 저장고로 작용할 수도 있고 묘지로 작용할 수도 있다.",
      "interpretation": "토의 역할에 따라 자원을 활용할 수 있는지 여부가 결정된다.",
      "action": "토가 저장고로 작용하도록 환경을 조성하라.",
      "cautions": [
        "묘지로 작용하면 자원을 활용할 수 없다."
      ],
      "tags": [
        "토",
        "저장고",
        "묘지",
        "자원",
        "활용"
      ]
    },
    {
      "id": "RC-6c1cbd9d47",
      "topic": "GENERAL",
      "priority": 5,
      "trigger": {
        "note": "청간과 지지의 중요성"
      },
      "mechanism": "청간은 결과를 나타내고 지지는 과정과 흐름을 나타낸다.",
      "interpretation": "청간이 강하면 결과 중심의 삶을 살게 된다.",
      "action": "청간과 지지의 균형을 고려해 사주를 해석하라.",
      "cautions": [
        "청간만 강조하면 과정의 중요성을 간과할 수 있다."
      ],
      "tags": [
        "청간",
        "지지",
        "결과",
        "과정",
        "균형"
      ]
    },
    {
      "id": "RC-be96d8db7e",
      "topic": "RELATION",
      "priority": 7,
      "trigger": {
        "relation": "진술충"
      },
      "mechanism": "진술충은 보수적이고 변화가 적은 성향을 나타낸다.",
      "interpretation": "진술충은 안정적인 환경을 선호한다.",
      "action": "진술충의 시기에는 변화를 최소화하고 안정성을 유지하라.",
      "cautions": [
        "과도한 보수성은 발전을 저해할 수 있다."
      ],
      "tags": [
        "진술충",
        "보수",
        "안정",
        "변화",
        "발전"
      ]
    },
    {
      "id": "RC-e16d0e586e",
      "topic": "RELATION",
      "priority": 6,
      "trigger": {
        "relation": "인신충"
      },
      "mechanism": "인신충은 수화의 조화를 통해 긍정적인 변화를 유도한다.",
      "interpretation": "인신충은 적절한 환경에서 발전의 기회가 될 수 있다.",
      "action": "인신충의 시기에는 수화의 조화를 활용하라.",
      "cautions": [
        "조화가 없으면 갈등이 심화될 수 있다."
      ],
      "tags": [
        "인신충",
        "수화",
        "조화",
        "변화",
        "발전"
      ]
    },
    {
      "id": "RC-9842afe3a6",
      "topic": "ELEMENTS",
      "priority": 7,
      "trigger": {
        "element": "토"
      },
      "mechanism": "토는 금을 생하지만 금이 왕성해야 가능하다.",
      "interpretation": "토는 금의 상태에 따라 생설의 역할이 달라진다.",
      "action": "금이 왕성한 환경에서 토의 생설 작용을 활용하라.",
      "cautions": [
        "금이 약하면 토가 금을 생하지 못할 수 있다."
      ],
      "tags": [
        "토",
        "금",
        "생설",
        "왕성",
        "환경"
      ]
    },
    {
      "id": "RC-737b7c6a18",
      "topic": "TIMING",
      "priority": 8,
      "trigger": {
        "note": "축대운의 영향"
      },
      "mechanism": "축대운은 압축된 에너지가 발현되는 시기이다.",
      "interpretation": "축대운은 도전과 기회가 공존하는 시기이다.",
      "action": "축대운의 시기를 활용해 잠재력을 발휘하라.",
      "cautions": [
        "축대운은 스트레스와 갈등을 유발할 수 있다."
      ],
      "tags": [
        "축대운",
        "압축",
        "에너지",
        "도전",
        "기회"
      ]
    }
  ],
  "notes": [
    "텍스트에서 다루어진 토의 특성과 지지별 역할을 중심으로 규칙을 추출함.",
    "진술충미의 각 토의 특성을 구체적으로 설명함.",
    "강의 내용 중 일부는 구체적인 사례나 비유로 설명되어 있어, 이를 일반화하여 규칙으로 추출함."
  ],
  "schema_version": "rulecards.v1",
  "module_code": "SajuOS_ELEM_047",
  "updated_at": "2025-12-23T20:27:25"
}