{
  "title": "SajuOS_Logic_ELEM_058",
  "rulecards": [
    {
      "id": "RC-746c1855b1",
      "topic": "GENERAL",
      "priority": 9,
      "trigger": {
        "note": "지장간의 개념을 이해하려는 경우"
      },
      "mechanism": "지장간은 지지 속에 포함된 천간으로, 설계도와 같은 역할을 한다.",
      "interpretation": "지장간은 미래의 방향성을 암시하지만, 실제로 드러나지 않으면 사용할 수 없다.",
      "action": "지장간을 설계도로 이해하고, 실제로 드러날 때까지 기다려야 한다.",
      "cautions": [
        "지장간을 과대평가하지 말 것",
        "실제 운에서 드러나야 의미가 있음"
      ],
      "tags": [
        "지장간",
        "설계도",
        "미래",
        "운",
        "천간"
      ]
    },
    {
      "id": "RC-e8a498b4eb",
      "topic": "RELATION",
      "priority": 8,
      "trigger": {
        "note": "충의 개념을 이해하려는 경우"
      },
      "mechanism": "충은 두 지지가 부딪히는 작용으로, 음양의 상호작용을 포함한다.",
      "interpretation": "충은 단순히 부정적인 작용이 아니라 변화와 조정의 기회로 볼 수 있다.",
      "action": "충의 작용을 긍정적, 부정적으로 나누지 말고 중립적으로 관찰하라.",
      "cautions": [
        "충을 부정적으로만 해석하지 말 것",
        "사라지는 것이 아님"
      ],
      "tags": [
        "충",
        "부딪힘",
        "음양",
        "변화",
        "조정"
      ]
    },
    {
      "id": "RC-50e6567052",
      "topic": "ELEMENTS",
      "priority": 7,
      "trigger": {
        "note": "목(木)의 시간적 특성을 이해하려는 경우"
      },
      "mechanism": "목은 수에서 시작하여 화로 향하는 시간적 성장의 과정을 나타낸다.",
      "interpretation": "목은 시간을 투자하여 점진적으로 성장하고 변화한다.",
      "action": "목의 시간적 특성을 이해하고, 장기적인 관점에서 접근하라.",
      "cautions": [
        "목의 성장을 조급하게 기대하지 말 것"
      ],
      "tags": [
        "목",
        "시간",
        "성장",
        "변화",
        "투자"
      ]
    },
    {
      "id": "RC-7040f3bfbc",
      "topic": "ELEMENTS",
      "priority": 7,
      "trigger": {
        "note": "금(金)의 공간적 특성을 이해하려는 경우"
      },
      "mechanism": "금은 화의 확산된 에너지를 묶어내고 정리하는 역할을 한다.",
      "interpretation": "금은 에너지를 수렴하여 새로운 시작을 준비한다.",
      "action": "금의 수렴적 특성을 활용하여 에너지를 정리하라.",
      "cautions": [
        "금의 역할을 과소평가하지 말 것"
      ],
      "tags": [
        "금",
        "수렴",
        "정리",
        "에너지",
        "변환"
      ]
    },
    {
      "id": "RC-d6bd47eea9",
      "topic": "RELATION",
      "priority": 6,
      "trigger": {
        "note": "인신충의 작용을 이해하려는 경우"
      },
      "mechanism": "인신충은 목과 금의 상극 관계로, 초기의 움직임을 방해한다.",
      "interpretation": "인신충은 시작 단계에서의 갈등과 조정을 나타낸다.",
      "action": "인신충의 작용을 갈등이 아닌 조정의 기회로 받아들여라.",
      "cautions": [
        "인신충을 지나치게 부정적으로 해석하지 말 것"
      ],
      "tags": [
        "인신충",
        "목",
        "금",
        "갈등",
        "조정"
      ]
    },
    {
      "id": "RC-9dfe15a345",
      "topic": "GENERAL",
      "priority": 5,
      "trigger": {
        "note": "지지의 흐름을 이해하려는 경우"
      },
      "mechanism": "지지는 시간과 공간의 흐름을 통해 상호작용하며 변화한다.",
      "interpretation": "지지는 각 단계에서 다른 역할을 하며, 전체적인 흐름을 형성한다.",
      "action": "지지의 흐름을 이해하고, 각 단계의 의미를 파악하라.",
      "cautions": [
        "지지의 흐름을 단편적으로 보지 말 것"
      ],
      "tags": [
        "지지",
        "흐름",
        "시간",
        "공간",
        "변화"
      ]
    },
    {
      "id": "RC-9809dc133e",
      "topic": "ELEMENTS",
      "priority": 6,
      "trigger": {
        "note": "수(水)의 공간적 특성을 이해하려는 경우"
      },
      "mechanism": "수는 목의 성장을 위한 기반으로, 공간적 안정성을 제공한다.",
      "interpretation": "수는 목의 시작점으로, 안정성과 잠재력을 상징한다.",
      "action": "수의 안정성을 활용하여 목의 성장을 지원하라.",
      "cautions": [
        "수의 역할을 간과하지 말 것"
      ],
      "tags": [
        "수",
        "안정성",
        "기반",
        "목",
        "성장"
      ]
    },
    {
      "id": "RC-e82c520bb1",
      "topic": "RELATION",
      "priority": 7,
      "trigger": {
        "note": "충의 긍정적 측면을 이해하려는 경우"
      },
      "mechanism": "충은 변화와 재조정을 통해 새로운 가능성을 열어준다.",
      "interpretation": "충은 기존의 상태를 깨고 새로운 방향으로 나아가는 계기가 된다.",
      "action": "충의 긍정적 측면을 활용하여 변화를 수용하라.",
      "cautions": [
        "충을 지나치게 두려워하지 말 것"
      ],
      "tags": [
        "충",
        "변화",
        "재조정",
        "긍정",
        "가능성"
      ]
    }
  ],
  "notes": [
    "지장간과 충의 개념은 사주 해석의 기초로 중요하며, 이를 중립적으로 이해하는 것이 필요함."
  ],
  "schema_version": "rulecards.v1",
  "module_code": "SajuOS_ELEM_058",
  "updated_at": "2025-12-23T20:27:25"
}