{
  "title": "SajuOS_Logic_ELEM_033",
  "rulecards": [
    {
      "id": "RC-5fd3a767dd",
      "topic": "ELEMENTS",
      "priority": 10,
      "trigger": {
        "element": "토",
        "presence": true
      },
      "mechanism": "토는 오행 간의 조율과 균형을 담당한다.",
      "interpretation": "토가 있으면 사주의 다른 오행들이 조화를 이루며 안정감을 형성한다.",
      "action": "사주에 토가 있다면 조율 능력을 활용해 인간관계를 원활히 유지하라.",
      "cautions": [
        "토가 과도하면 지나친 안정으로 인해 활력이 줄어들 수 있다."
      ],
      "tags": [
        "토",
        "조율",
        "안정",
        "오행",
        "균형",
        "조화",
        "사주",
        "인간관계",
        "조정",
        "안정감"
      ]
    },
    {
      "id": "RC-6ab4c859bf",
      "topic": "ELEMENTS",
      "priority": 9,
      "trigger": {
        "element": "토",
        "presence": false
      },
      "mechanism": "토가 없으면 오행 간의 조율이 부족해진다.",
      "interpretation": "토가 없는 사주는 불안정하며, 오행 간의 충돌이 심화될 수 있다.",
      "action": "토가 부족한 경우, 명상이나 규칙적인 생활로 안정감을 보완하라.",
      "cautions": [
        "불안정한 상황에서 충동적인 결정을 피하라."
      ],
      "tags": [
        "토",
        "부족",
        "불안정",
        "조율 부족",
        "오행 충돌",
        "안정감",
        "명상",
        "규칙성",
        "보완",
        "충돌"
      ]
    },
    {
      "id": "RC-b8cf159692",
      "topic": "ELEMENTS",
      "priority": 8,
      "trigger": {
        "element": "토",
        "strength": "강함"
      },
      "mechanism": "토가 강하면 지나친 안정으로 인해 오행의 작용력이 약화된다.",
      "interpretation": "토가 강한 사주는 활력과 변화를 느끼기 어려울 수 있다.",
      "action": "토가 강한 경우, 새로운 경험을 통해 활력을 되찾아라.",
      "cautions": [
        "지나친 안정감이 삶의 의미를 약화시킬 수 있다."
      ],
      "tags": [
        "토",
        "강함",
        "안정 과다",
        "활력 부족",
        "변화",
        "경험",
        "삶의 의미",
        "조화",
        "오행 약화",
        "안정감"
      ]
    },
    {
      "id": "RC-56b6dd8123",
      "topic": "ELEMENTS",
      "priority": 7,
      "trigger": {
        "element": "토",
        "strength": "적당함"
      },
      "mechanism": "적당한 토는 오행 간의 균형을 유지하며 조화를 이룬다.",
      "interpretation": "토가 적당하면 안정과 활력을 동시에 느낄 수 있다.",
      "action": "토의 적절한 균형을 유지하며 조화로운 삶을 추구하라.",
      "cautions": [],
      "tags": [
        "토",
        "적당함",
        "균형",
        "조화",
        "안정",
        "활력",
        "오행",
        "삶",
        "조율",
        "조화로운 삶"
      ]
    },
    {
      "id": "RC-ecab5f2443",
      "topic": "RELATION",
      "priority": 8,
      "trigger": {
        "relation": "토-금",
        "interaction": "강함"
      },
      "mechanism": "토와 금의 강한 작용은 영역을 명확히 구분한다.",
      "interpretation": "토와 금이 강하면 서로의 영역을 침범하지 않으려는 경향이 강하다.",
      "action": "명확한 경계 설정을 통해 갈등을 예방하라.",
      "cautions": [
        "경계가 지나치게 강하면 협력이 어려울 수 있다."
      ],
      "tags": [
        "토",
        "금",
        "경계",
        "영역",
        "갈등 예방",
        "협력",
        "오행 관계",
        "조율",
        "구분",
        "강한 작용"
      ]
    },
    {
      "id": "RC-f2a8f83bc6",
      "topic": "RELATION",
      "priority": 7,
      "trigger": {
        "relation": "토-금",
        "interaction": "약함"
      },
      "mechanism": "토와 금의 약한 작용은 경계가 모호해질 수 있다.",
      "interpretation": "토와 금이 약하면 서로의 영역을 침범하거나 혼란이 생길 수 있다.",
      "action": "명확한 역할 분담과 소통을 통해 혼란을 줄여라.",
      "cautions": [
        "모호한 경계로 인해 책임 소재가 불분명해질 수 있다."
      ],
      "tags": [
        "토",
        "금",
        "경계 모호",
        "혼란",
        "역할 분담",
        "소통",
        "오행 관계",
        "조율",
        "책임",
        "영역"
      ]
    },
    {
      "id": "RC-48f3f13eb7",
      "topic": "TIMING",
      "priority": 9,
      "trigger": {
        "year": "무술년"
      },
      "mechanism": "무술년은 관계와 영역의 조정이 강조되는 시기이다.",
      "interpretation": "무술년에는 인간관계와 사회적 구조의 재조정이 일어난다.",
      "action": "관계의 변화를 수용하고 조율 능력을 발휘하라.",
      "cautions": [
        "관계 변화로 인한 스트레스를 관리하라."
      ],
      "tags": [
        "무술년",
        "관계 조정",
        "영역",
        "사회적 구조",
        "변화",
        "조율",
        "스트레스 관리",
        "재조정",
        "시기",
        "운"
      ]
    },
    {
      "id": "RC-aca658be50",
      "topic": "TIMING",
      "priority": 8,
      "trigger": {
        "month": "임술월"
      },
      "mechanism": "임술월은 수의 고립과 정체가 나타나는 시기이다.",
      "interpretation": "임술월에는 진행 중인 일이 멈추거나 결과가 지연될 수 있다.",
      "action": "현재 상황을 점검하고 다음 단계를 준비하라.",
      "cautions": [
        "정체된 상황에서 조급함을 피하라."
      ],
      "tags": [
        "임술월",
        "수",
        "고립",
        "정체",
        "결과 지연",
        "점검",
        "준비",
        "조급함",
        "시기",
        "운"
      ]
    },
    {
      "id": "RC-fedd563a27",
      "topic": "ELEMENTS",
      "priority": 8,
      "trigger": {
        "element": "무토",
        "presence": true
      },
      "mechanism": "무토는 정신적 가치를 추구하며 상징성을 강조한다.",
      "interpretation": "무토는 높은 이상과 정신적 성취를 중시한다.",
      "action": "정신적 성장과 내적 가치를 추구하라.",
      "cautions": [
        "현실적 문제를 간과하지 않도록 주의하라."
      ],
      "tags": [
        "무토",
        "정신적 가치",
        "상징성",
        "성장",
        "내적 가치",
        "이상",
        "성취",
        "오행",
        "추구",
        "정신"
      ]
    },
    {
      "id": "RC-b1485970a4",
      "topic": "ELEMENTS",
      "priority": 7,
      "trigger": {
        "element": "기토",
        "presence": true
      },
      "mechanism": "기토는 물질적 가치를 추구하며 생산성을 강조한다.",
      "interpretation": "기토는 현실적 성취와 경제적 이익을 중시한다.",
      "action": "현실적 목표를 설정하고 실행에 집중하라.",
      "cautions": [
        "물질적 가치에만 치중하지 않도록 주의하라."
      ],
      "tags": [
        "기토",
        "물질적 가치",
        "생산성",
        "현실적 성취",
        "경제적 이익",
        "목표",
        "실행",
        "오행",
        "추구",
        "현실"
      ]
    }
  ],
  "notes": [],
  "schema_version": "rulecards.v1",
  "module_code": "SajuOS_ELEM_033",
  "updated_at": "2025-12-23T20:27:25"
}