{
  "title": "SajuOS_Logic_ELEM_040",
  "rulecards": [
    {
      "id": "RC-1b9e749622",
      "topic": "STRUCTURE",
      "priority": 9,
      "trigger": {
        "type": "천간",
        "condition": "투출"
      },
      "mechanism": "천간이 지지의 에너지를 기반으로 위로 드러나는 현상.",
      "interpretation": "결정력과 행동력을 나타내며, 결과를 만들어내는 힘을 상징.",
      "action": "천간의 투출 여부를 통해 개인의 행동력과 결과 창출 능력을 분석.",
      "cautions": [
        "지지의 근거가 없는 투출은 불안정할 수 있음."
      ],
      "tags": [
        "천간",
        "투출",
        "결정력",
        "행동력",
        "결과"
      ]
    },
    {
      "id": "RC-abf3de3e48",
      "topic": "STRUCTURE",
      "priority": 8,
      "trigger": {
        "type": "천간",
        "condition": "투간"
      },
      "mechanism": "천간이 지지의 근거 없이 단독으로 드러나는 현상.",
      "interpretation": "근거 없는 결과로 인해 운에 의존하는 경향이 강함.",
      "action": "투간의 경우 운의 영향을 분석하여 안정성을 평가.",
      "cautions": [
        "운에 따라 성패가 크게 좌우될 수 있음."
      ],
      "tags": [
        "천간",
        "투간",
        "운",
        "결과",
        "불안정"
      ]
    },
    {
      "id": "RC-89e7a7eb30",
      "topic": "STRUCTURE",
      "priority": 10,
      "trigger": {
        "type": "천간-지지",
        "condition": "통근"
      },
      "mechanism": "천간이 지지의 에너지를 기반으로 안정적으로 연결된 상태.",
      "interpretation": "결과와 과정이 명확하며, 안정적인 행동력과 결정력을 가짐.",
      "action": "천간과 지지의 통근 여부를 통해 구조의 안정성을 평가.",
      "cautions": [
        "통근이 없는 경우 불안정성이 증가할 수 있음."
      ],
      "tags": [
        "천간",
        "지지",
        "통근",
        "안정성",
        "결과"
      ]
    },
    {
      "id": "RC-8b2f082b5f",
      "topic": "STRUCTURE",
      "priority": 7,
      "trigger": {
        "type": "일간",
        "condition": "신왕"
      },
      "mechanism": "일간이 지지의 근거를 통해 강한 에너지를 가짐.",
      "interpretation": "주도권을 가지고 환경을 변화시키는 힘을 가짐.",
      "action": "신왕 여부를 통해 개인의 주도성과 환경 적응력을 평가.",
      "cautions": [
        "구조가 나쁘면 과도한 주도권이 부정적으로 작용할 수 있음."
      ],
      "tags": [
        "일간",
        "신왕",
        "주도권",
        "환경",
        "강한 에너지"
      ]
    },
    {
      "id": "RC-a0e63f19e7",
      "topic": "STRUCTURE",
      "priority": 7,
      "trigger": {
        "type": "일간",
        "condition": "신약"
      },
      "mechanism": "일간이 지지의 근거가 부족하여 약한 에너지를 가짐.",
      "interpretation": "자신감 부족과 환경에 의존하는 경향이 있음.",
      "action": "신약 여부를 통해 개인의 안정성과 의존성을 평가.",
      "cautions": [
        "환경 변화에 쉽게 흔들릴 수 있음."
      ],
      "tags": [
        "일간",
        "신약",
        "의존성",
        "환경",
        "약한 에너지"
      ]
    },
    {
      "id": "RC-7253928307",
      "topic": "STRUCTURE",
      "priority": 8,
      "trigger": {
        "type": "지지",
        "condition": "근거 있음"
      },
      "mechanism": "지지가 천간의 에너지를 뒷받침하여 안정성을 제공.",
      "interpretation": "과정과 결과가 명확하며, 지속적인 힘을 발휘.",
      "action": "지지의 근거 여부를 통해 안정성과 지속성을 평가.",
      "cautions": [
        "근거가 없으면 운에 의존할 가능성이 높음."
      ],
      "tags": [
        "지지",
        "근거",
        "안정성",
        "지속성",
        "결과"
      ]
    },
    {
      "id": "RC-a99cacb269",
      "topic": "STRUCTURE",
      "priority": 6,
      "trigger": {
        "type": "지지",
        "condition": "복합적 에너지"
      },
      "mechanism": "지지는 다양한 에너지가 혼합된 상태로 존재.",
      "interpretation": "다양한 가능성과 복잡한 해석을 요구.",
      "action": "지지의 복합성을 분석하여 다양한 가능성을 탐구.",
      "cautions": [
        "복잡성이 높아 해석 오류 가능성이 있음."
      ],
      "tags": [
        "지지",
        "복합성",
        "다양성",
        "해석",
        "가능성"
      ]
    },
    {
      "id": "RC-80b22e1030",
      "topic": "RELATION",
      "priority": 7,
      "trigger": {
        "type": "지지",
        "condition": "삼합"
      },
      "mechanism": "지지끼리 특정 에너지를 중심으로 결합.",
      "interpretation": "강한 협력과 통일성을 나타냄.",
      "action": "삼합 여부를 통해 협력과 통일성을 평가.",
      "cautions": [
        "과도한 결합은 고집으로 작용할 수 있음."
      ],
      "tags": [
        "지지",
        "삼합",
        "협력",
        "통일성",
        "결합"
      ]
    },
    {
      "id": "RC-470f6aff5b",
      "topic": "RELATION",
      "priority": 6,
      "trigger": {
        "type": "지지",
        "condition": "방합"
      },
      "mechanism": "지지끼리 자연스럽게 에너지를 공유.",
      "interpretation": "조화로운 에너지 흐름을 형성.",
      "action": "방합 여부를 통해 조화와 균형을 평가.",
      "cautions": [
        "방합이 깨지면 불안정성이 증가할 수 있음."
      ],
      "tags": [
        "지지",
        "방합",
        "조화",
        "균형",
        "에너지"
      ]
    },
    {
      "id": "RC-cb8438d847",
      "topic": "STRUCTURE",
      "priority": 5,
      "trigger": {
        "type": "지지",
        "condition": "생지"
      },
      "mechanism": "생지는 에너지가 미성숙하고 성장하려는 상태.",
      "interpretation": "성장 가능성과 잠재력을 나타냄.",
      "action": "생지의 위치를 통해 성장 방향과 잠재력을 분석.",
      "cautions": [
        "미성숙한 에너지는 불안정할 수 있음."
      ],
      "tags": [
        "지지",
        "생지",
        "성장",
        "잠재력",
        "미성숙"
      ]
    },
    {
      "id": "RC-0fef6bd698",
      "topic": "GENERAL",
      "priority": 9,
      "trigger": {
        "note": "지장간의 중기와 정기 구분"
      },
      "mechanism": "지장간은 각 에너지의 근거와 역할을 구분하여 해석함.",
      "interpretation": "중기는 보조적 에너지, 정기는 주도적 에너지로 작용.",
      "action": "지장간의 중기와 정기를 구분하여 해석에 반영할 것.",
      "cautions": [
        "중기와 정기를 혼동하지 말 것."
      ],
      "tags": [
        "지장간",
        "중기",
        "정기",
        "에너지",
        "해석"
      ]
    },
    {
      "id": "RC-622acddbf2",
      "topic": "TIMING",
      "priority": 8,
      "trigger": {
        "note": "월율 분야에서 지장간의 에너지 분배"
      },
      "mechanism": "월의 지장간은 특정 기간 동안 에너지를 주도함.",
      "interpretation": "월율 분야는 지장간의 에너지 흐름을 이해하는 데 중요.",
      "action": "월별 지장간의 에너지 분배를 분석하여 활용.",
      "cautions": [
        "월율 분야를 무시하면 해석이 어려워질 수 있음."
      ],
      "tags": [
        "월율 분야",
        "지장간",
        "에너지 흐름",
        "해석",
        "타이밍"
      ]
    },
    {
      "id": "RC-fc0b4ddef9",
      "topic": "ELEMENTS",
      "priority": 7,
      "trigger": {
        "note": "목의 에너지가 왕성한 묘월"
      },
      "mechanism": "묘월은 목의 에너지가 절정에 이르는 시기.",
      "interpretation": "묘월은 목의 왕성한 에너지를 활용할 수 있는 시기.",
      "action": "묘월의 목 에너지를 활용한 계획 수립.",
      "cautions": [
        "목 에너지가 과도하면 조정이 필요함."
      ],
      "tags": [
        "목",
        "묘월",
        "왕성",
        "에너지",
        "활용"
      ]
    },
    {
      "id": "RC-038ca7e1a5",
      "topic": "STRUCTURE",
      "priority": 8,
      "trigger": {
        "note": "왕지와 생지의 차이"
      },
      "mechanism": "왕지는 고유의 강한 에너지를 가지며 생지는 변동성이 큼.",
      "interpretation": "왕지는 안정적이고 생지는 유동적임.",
      "action": "왕지와 생지의 특성을 구분하여 해석에 반영.",
      "cautions": [
        "왕지와 생지의 역할을 혼동하지 말 것."
      ],
      "tags": [
        "왕지",
        "생지",
        "안정성",
        "변동성",
        "구조"
      ]
    },
    {
      "id": "RC-3ae4ae2f48",
      "topic": "RELATION",
      "priority": 7,
      "trigger": {
        "note": "왕지와 다른 지지의 관계"
      },
      "mechanism": "왕지는 독립적 에너지를 가지며 다른 지지와 상호작용함.",
      "interpretation": "왕지는 중심적 역할을 하며 다른 지지와 조화를 이룸.",
      "action": "왕지와 다른 지지의 관계를 분석하여 해석.",
      "cautions": [
        "왕지의 독립성을 간과하지 말 것."
      ],
      "tags": [
        "왕지",
        "지지",
        "관계",
        "조화",
        "중심"
      ]
    },
    {
      "id": "RC-9613399749",
      "topic": "STRUCTURE",
      "priority": 9,
      "trigger": {
        "note": "방압의 형성 조건"
      },
      "mechanism": "방압은 특정 지지가 순서대로 배치될 때 형성됨.",
      "interpretation": "방압은 강한 세력과 현실적 에너지를 나타냄.",
      "action": "방압의 형성 여부를 확인하여 구조를 분석.",
      "cautions": [
        "방압의 순서와 조건을 정확히 이해할 것."
      ],
      "tags": [
        "방압",
        "구조",
        "세력",
        "현실성",
        "조건"
      ]
    },
    {
      "id": "RC-34ff75d3ea",
      "topic": "ELEMENTS",
      "priority": 8,
      "trigger": {
        "note": "진토의 역할"
      },
      "mechanism": "진토는 목의 에너지를 안정시키고 고정함.",
      "interpretation": "진토는 목의 과도한 성장을 억제하고 균형을 유지.",
      "action": "진토의 안정적 역할을 활용하여 조화로운 구조를 형성.",
      "cautions": [
        "진토의 역할을 과소평가하지 말 것."
      ],
      "tags": [
        "진토",
        "목",
        "안정",
        "균형",
        "조화"
      ]
    },
    {
      "id": "RC-44bccb8e82",
      "topic": "GENERAL",
      "priority": 6,
      "trigger": {
        "note": "조후의 중요성"
      },
      "mechanism": "조후는 에너지의 온도와 관계를 조정함.",
      "interpretation": "조후가 잘되면 사회성과 관계 형성이 원활.",
      "action": "조후 상태를 점검하고 필요한 경우 조정.",
      "cautions": [
        "조후가 부족하면 사회성이 저하될 수 있음."
      ],
      "tags": [
        "조후",
        "온도",
        "사회성",
        "관계",
        "조정"
      ]
    },
    {
      "id": "RC-550ce67e76",
      "topic": "STRUCTURE",
      "priority": 7,
      "trigger": {
        "note": "월의 에너지와 직업화 가능성"
      },
      "mechanism": "월의 에너지는 사주의 근본적 영향력을 제공.",
      "interpretation": "월의 에너지는 직업화와 재능 발현의 기반.",
      "action": "월의 에너지를 분석하여 직업적 방향성을 설정.",
      "cautions": [
        "월의 에너지를 과소평가하지 말 것."
      ],
      "tags": [
        "월",
        "에너지",
        "직업",
        "재능",
        "기반"
      ]
    },
    {
      "id": "RC-60619e7853",
      "topic": "RELATION",
      "priority": 6,
      "trigger": {
        "note": "겁재의 활용 조건"
      },
      "mechanism": "겁재는 이질적 관계를 통해 새로운 기회를 창출.",
      "interpretation": "겁재는 다양한 인연과 관계를 형성.",
      "action": "겁재를 활용하여 새로운 관계를 탐색.",
      "cautions": [
        "겁재의 활용 조건을 명확히 이해할 것."
      ],
      "tags": [
        "겁재",
        "관계",
        "이질성",
        "기회",
        "탐색"
      ]
    }
  ],
  "notes": [
    "지장간의 에너지는 복합적이며, 천간과 지지의 상호작용을 통해 해석해야 함.",
    "삼합과 방합은 지지의 에너지 결합을 설명하는 주요 개념으로, 단순히 좋고 나쁨으로 판단할 수 없음.",
    "지장간과 왕지의 에너지 흐름 및 관계를 중심으로 해석."
  ],
  "schema_version": "rulecards.v1",
  "module_code": "SajuOS_ELEM_040",
  "updated_at": "2025-12-23T20:27:25"
}