{
  "title": "SajuOS_Logic_ELEM_022",
  "rulecards": [
    {
      "id": "RC-c0b7fcfb5a",
      "topic": "ELEMENTS",
      "priority": 10,
      "trigger": {
        "element": "fire",
        "strength": "strong"
      },
      "mechanism": "화는 팽창, 확산, 분열의 에너지를 가진다.",
      "interpretation": "화가 강하면 불안정성이 커지고 에너지가 빠르게 확산된다.",
      "action": "화의 에너지를 긍정적으로 활용할 수 있는 활동을 찾는다.",
      "cautions": [
        "불안정성을 조절하지 않으면 과도한 에너지 소모로 이어질 수 있다."
      ],
      "tags": [
        "fire",
        "expansion",
        "instability",
        "energy",
        "growth"
      ]
    },
    {
      "id": "RC-8c84700047",
      "topic": "ELEMENTS",
      "priority": 9,
      "trigger": {
        "element": "fire",
        "strength": "weak"
      },
      "mechanism": "화가 약하면 드러내는 힘과 열정이 부족하다.",
      "interpretation": "자신을 표현하거나 주목받는 데 어려움을 겪을 수 있다.",
      "action": "자신의 강점을 드러낼 수 있는 방법을 찾아본다.",
      "cautions": [
        "자신감 부족으로 인해 기회를 놓칠 수 있다."
      ],
      "tags": [
        "fire",
        "expression",
        "visibility",
        "confidence",
        "weakness"
      ]
    },
    {
      "id": "RC-579fea1671",
      "topic": "ELEMENTS",
      "priority": 8,
      "trigger": {
        "element": "fire",
        "interaction": "wood"
      },
      "mechanism": "목은 화를 지원하며 화의 에너지를 강화한다.",
      "interpretation": "목이 화를 도와 에너지가 더 강하게 발현된다.",
      "action": "목의 에너지를 활용해 화의 긍정적 측면을 극대화한다.",
      "cautions": [
        "과도한 목의 지원은 화의 불안정성을 더 키울 수 있다."
      ],
      "tags": [
        "fire",
        "wood",
        "support",
        "energy",
        "interaction"
      ]
    },
    {
      "id": "RC-53baca999e",
      "topic": "ELEMENTS",
      "priority": 8,
      "trigger": {
        "element": "fire",
        "interaction": "metal"
      },
      "mechanism": "금은 화를 억제하고 안정시킨다.",
      "interpretation": "화의 과도한 에너지를 제어하여 균형을 맞춘다.",
      "action": "금의 에너지를 활용해 화의 불안정성을 줄인다.",
      "cautions": [
        "금이 과도하면 화의 에너지가 지나치게 억제될 수 있다."
      ],
      "tags": [
        "fire",
        "metal",
        "control",
        "stability",
        "balance"
      ]
    },
    {
      "id": "RC-456a7a6863",
      "topic": "ELEMENTS",
      "priority": 7,
      "trigger": {
        "element": "fire",
        "interaction": "water"
      },
      "mechanism": "수는 화를 조절하며 열기를 식힌다.",
      "interpretation": "화의 에너지를 안정적으로 유지하는 데 도움을 준다.",
      "action": "수의 에너지를 활용해 화의 과열을 방지한다.",
      "cautions": [
        "수의 과도한 작용은 화의 에너지를 약화시킬 수 있다."
      ],
      "tags": [
        "fire",
        "water",
        "cooling",
        "balance",
        "stability"
      ]
    },
    {
      "id": "RC-8f76f8ac33",
      "topic": "ELEMENTS",
      "priority": 9,
      "trigger": {
        "element": "fire",
        "manifestation": "light"
      },
      "mechanism": "화가 빛으로 작용하면 자신을 드러내는 힘이 강해진다.",
      "interpretation": "자신의 존재를 알리고 주목받는 데 유리하다.",
      "action": "빛의 에너지를 활용해 자신을 효과적으로 표현한다.",
      "cautions": [
        "과도한 자기 표현은 오히려 반감을 살 수 있다."
      ],
      "tags": [
        "fire",
        "light",
        "visibility",
        "expression",
        "recognition"
      ]
    },
    {
      "id": "RC-781e35795c",
      "topic": "ELEMENTS",
      "priority": 9,
      "trigger": {
        "element": "fire",
        "manifestation": "heat"
      },
      "mechanism": "화가 열로 작용하면 강한 에너지와 몰입을 유도한다.",
      "interpretation": "열정적으로 목표를 추구하는 힘을 제공한다.",
      "action": "열의 에너지를 생산적이고 창의적인 활동에 활용한다.",
      "cautions": [
        "과도한 열정은 번아웃으로 이어질 수 있다."
      ],
      "tags": [
        "fire",
        "heat",
        "passion",
        "focus",
        "energy"
      ]
    },
    {
      "id": "RC-7aefa27049",
      "topic": "ELEMENTS",
      "priority": 8,
      "trigger": {
        "element": "fire",
        "interaction": "earth"
      },
      "mechanism": "토는 화를 안정시키고 에너지를 담는 역할을 한다.",
      "interpretation": "화의 에너지를 안정적으로 유지하며 활용 가능하게 만든다.",
      "action": "토의 에너지를 활용해 화의 에너지를 효과적으로 관리한다.",
      "cautions": [
        "토가 과도하면 화의 에너지가 제한될 수 있다."
      ],
      "tags": [
        "fire",
        "earth",
        "stability",
        "containment",
        "balance"
      ]
    },
    {
      "id": "RC-955f18bb61",
      "topic": "ELEMENTS",
      "priority": 7,
      "trigger": {
        "element": "fire",
        "context": "social"
      },
      "mechanism": "화는 섞임과 관계 형성을 촉진한다.",
      "interpretation": "사회적 관계를 형성하고 유지하는 데 유리하다.",
      "action": "화의 에너지를 활용해 인간관계를 확장한다.",
      "cautions": [
        "과도한 섞임은 피로와 갈등을 초래할 수 있다."
      ],
      "tags": [
        "fire",
        "social",
        "relationships",
        "interaction",
        "networking"
      ]
    },
    {
      "id": "RC-9ee30e1bb5",
      "topic": "ELEMENTS",
      "priority": 6,
      "trigger": {
        "element": "fire",
        "context": "education"
      },
      "mechanism": "화는 빠른 학습과 몰입을 가능하게 한다.",
      "interpretation": "학습 속도가 빠르고 열정적으로 지식을 흡수한다.",
      "action": "화의 에너지를 활용해 학습 목표를 달성한다.",
      "cautions": [
        "기본기를 소홀히 하면 장기적인 성과가 저하될 수 있다."
      ],
      "tags": [
        "fire",
        "learning",
        "education",
        "speed",
        "focus"
      ]
    }
  ],
  "notes": [
    "화의 에너지는 팽창, 확산, 분열, 불안정성을 특징으로 한다.",
    "화는 빛과 열로 나뉘며, 각각 다른 방식으로 작용한다.",
    "화는 사회적 관계와 섞임을 촉진하며, 인간관계에서 중요한 역할을 한다."
  ],
  "schema_version": "rulecards.v1",
  "module_code": "SajuOS_ELEM_022",
  "updated_at": "2025-12-23T20:27:25"
}