{
  "title": "SajuOS_Logic_ELEM_053",
  "rulecards": [
    {
      "id": "RC-b17bd69d01",
      "topic": "RELATION",
      "priority": 9,
      "trigger": {
        "relation": "충",
        "type": "인신"
      },
      "mechanism": "인신충은 생지의 충으로, 시작 단계에서의 갈등을 의미함.",
      "interpretation": "초기 단계에서 문제가 발생하거나 계획이 원활히 진행되지 않음.",
      "action": "초기 계획을 세밀히 점검하고, 예상되는 문제를 미리 대비할 것.",
      "cautions": [
        "초기 실패에 좌절하지 말 것",
        "장기적인 관점 유지"
      ],
      "tags": [
        "인신충",
        "생지",
        "시작",
        "갈등",
        "계획"
      ]
    },
    {
      "id": "RC-da99e535dd",
      "topic": "RELATION",
      "priority": 8,
      "trigger": {
        "relation": "충",
        "type": "묘유"
      },
      "mechanism": "묘유충은 왕지의 충으로, 이미 진행된 상황에서의 갈등을 의미함.",
      "interpretation": "진행 중인 일에서 예상치 못한 문제나 충돌이 발생함.",
      "action": "진행 중인 상황을 점검하고, 문제 발생 시 유연하게 대처할 것.",
      "cautions": [
        "완벽주의를 지양할 것",
        "문제 해결에 집중"
      ],
      "tags": [
        "묘유충",
        "왕지",
        "진행",
        "갈등",
        "문제"
      ]
    },
    {
      "id": "RC-72ae4aee62",
      "topic": "RELATION",
      "priority": 7,
      "trigger": {
        "relation": "합",
        "type": "삼합",
        "elements": [
          "인",
          "오",
          "술"
        ]
      },
      "mechanism": "삼합은 멀리 떨어진 요소들이 목적을 가지고 결합함.",
      "interpretation": "목적 지향적인 협력이나 연합을 의미함.",
      "action": "목적을 명확히 하고, 협력 관계를 강화할 것.",
      "cautions": [
        "목적이 사라지면 결합이 깨질 수 있음"
      ],
      "tags": [
        "삼합",
        "목적",
        "협력",
        "연합",
        "인오술"
      ]
    },
    {
      "id": "RC-9b5e370711",
      "topic": "RELATION",
      "priority": 6,
      "trigger": {
        "relation": "합",
        "type": "방합",
        "elements": [
          "사",
          "오",
          "미"
        ]
      },
      "mechanism": "방합은 가까운 요소들이 세력을 형성하며 결합함.",
      "interpretation": "목적 없이 강한 결속력을 가진 연합을 의미함.",
      "action": "결속력을 활용해 안정적인 기반을 마련할 것.",
      "cautions": [
        "고집이 강해질 수 있음",
        "변화에 유연하게 대처할 것"
      ],
      "tags": [
        "방합",
        "세력",
        "결속",
        "사오미",
        "안정"
      ]
    },
    {
      "id": "RC-0ca81fd01b",
      "topic": "RELATION",
      "priority": 7,
      "trigger": {
        "relation": "충",
        "type": "방합",
        "elements": [
          "사",
          "오",
          "미"
        ]
      },
      "mechanism": "방합에 충이 오면 고집이 풀리고 변화가 촉진됨.",
      "interpretation": "고정된 사고나 태도가 변화하며 새로운 가능성이 열림.",
      "action": "충의 작용을 긍정적으로 받아들이고, 변화에 적응할 것.",
      "cautions": [
        "변화에 대한 두려움을 극복할 것"
      ],
      "tags": [
        "방합충",
        "변화",
        "고집",
        "적응",
        "사오미"
      ]
    },
    {
      "id": "RC-8955cb2040",
      "topic": "GENERAL",
      "priority": 8,
      "trigger": {
        "note": "청간과 지지의 차이"
      },
      "mechanism": "청간은 드러난 외적 행동, 지지는 내면의 숨겨진 본질을 나타냄.",
      "interpretation": "외부에서 보이는 모습과 내면의 본질이 다를 수 있음.",
      "action": "청간과 지지를 함께 분석하여 균형 잡힌 해석을 할 것.",
      "cautions": [
        "청간만으로 판단하지 말 것",
        "지지의 숨겨진 의미를 간과하지 말 것"
      ],
      "tags": [
        "청간",
        "지지",
        "외적",
        "내적",
        "분석"
      ]
    },
    {
      "id": "RC-51a8f37787",
      "topic": "RELATION",
      "priority": 9,
      "trigger": {
        "relation": "충",
        "type": "인신",
        "timing": "초기"
      },
      "mechanism": "인신충은 시작 단계에서의 내적 갈등을 유발함.",
      "interpretation": "초기 단계에서 예상치 못한 장애물이 발생할 가능성이 높음.",
      "action": "초기 계획을 철저히 점검하고, 유연한 대처 방안을 마련할 것.",
      "cautions": [
        "초기 실패에 좌절하지 말 것",
        "장기적인 관점 유지"
      ],
      "tags": [
        "인신충",
        "초기",
        "갈등",
        "계획",
        "대처"
      ]
    },
    {
      "id": "RC-e483a55234",
      "topic": "RELATION",
      "priority": 8,
      "trigger": {
        "relation": "충",
        "type": "묘유",
        "timing": "진행 중"
      },
      "mechanism": "묘유충은 진행 중인 상황에서의 갈등을 유발함.",
      "interpretation": "진행 중인 일에서 예상치 못한 문제나 충돌이 발생할 가능성이 있음.",
      "action": "진행 상황을 점검하고, 문제 발생 시 유연하게 대처할 것.",
      "cautions": [
        "완벽주의를 지양할 것",
        "문제 해결에 집중"
      ],
      "tags": [
        "묘유충",
        "진행",
        "갈등",
        "문제",
        "대처"
      ]
    },
    {
      "id": "RC-9d14f55d98",
      "topic": "RELATION",
      "priority": 9,
      "trigger": {
        "type": "충",
        "elements": [
          "묘",
          "신"
        ]
      },
      "mechanism": "충은 서로 부딪히며 한쪽이 깨지거나 사건이 발생하여 정리가 이루어짐.",
      "interpretation": "충은 갈등을 통해 문제를 해결하거나 새로운 국면을 맞이하게 함.",
      "action": "충이 발생하면 갈등을 피하지 말고 문제를 해결하려는 자세를 가질 것.",
      "cautions": [
        "충의 결과가 항상 긍정적이지 않을 수 있음.",
        "상황에 따라 신중히 대처해야 함."
      ],
      "tags": [
        "충",
        "갈등",
        "문제해결",
        "사건",
        "정리"
      ]
    },
    {
      "id": "RC-84c6fd44b0",
      "topic": "RELATION",
      "priority": 8,
      "trigger": {
        "type": "원진",
        "elements": [
          "유",
          "신"
        ]
      },
      "mechanism": "원진은 충이 제대로 발생하지 않고 스쳐 지나가는 관계로 형성됨.",
      "interpretation": "원진은 갈등이 해결되지 않고 감정적 반발이 남아있음을 의미.",
      "action": "원진 관계에서는 감정적 대응을 자제하고 상황을 객관적으로 바라볼 것.",
      "cautions": [
        "감정적 대응이 문제를 악화시킬 수 있음.",
        "원진 관계는 장기적으로 불편함을 초래할 수 있음."
      ],
      "tags": [
        "원진",
        "감정",
        "갈등",
        "스침",
        "반발"
      ]
    },
    {
      "id": "RC-81bea27608",
      "topic": "RELATION",
      "priority": 7,
      "trigger": {
        "type": "형",
        "elements": [
          "인",
          "사",
          "신"
        ]
      },
      "mechanism": "형은 공적이지 못한 관계에서 발생하며 배신과 갈등을 초래함.",
      "interpretation": "형은 신뢰 부족과 절차적 문제로 인해 갈등이 발생할 가능성을 시사.",
      "action": "형 관계에서는 신뢰를 기반으로 공정한 절차를 따를 것.",
      "cautions": [
        "형은 배신과 갈등을 유발할 수 있음.",
        "공적 절차를 무시하면 문제가 심화될 수 있음."
      ],
      "tags": [
        "형",
        "배신",
        "갈등",
        "공정",
        "신뢰"
      ]
    },
    {
      "id": "RC-9f9e6901ed",
      "topic": "RELATION",
      "priority": 6,
      "trigger": {
        "type": "삼합",
        "elements": [
          "인",
          "오",
          "술"
        ]
      },
      "mechanism": "삼합은 단계적 과정을 통해 공적이고 안정적인 구조를 형성함.",
      "interpretation": "삼합은 협력과 절차를 통해 안정적이고 공적인 성과를 도출함.",
      "action": "삼합 구조를 활용해 협력과 절차를 중시할 것.",
      "cautions": [
        "삼합이 형성되지 않으면 불안정한 결과를 초래할 수 있음."
      ],
      "tags": [
        "삼합",
        "협력",
        "절차",
        "안정",
        "성과"
      ]
    },
    {
      "id": "RC-c01963b7c2",
      "topic": "RELATION",
      "priority": 7,
      "trigger": {
        "type": "원진",
        "elements": [
          "자",
          "미"
        ]
      },
      "mechanism": "원진은 서로의 목적이 상충하여 갈등과 불편함을 초래함.",
      "interpretation": "원진 관계는 서로의 의도가 충돌하여 협력이 어려움을 의미.",
      "action": "원진 관계에서는 상대방의 의도를 이해하고 조율하려는 노력이 필요.",
      "cautions": [
        "원진은 감정적 갈등을 심화시킬 수 있음.",
        "협력보다는 갈등이 부각될 수 있음."
      ],
      "tags": [
        "원진",
        "갈등",
        "목적",
        "조율",
        "협력"
      ]
    },
    {
      "id": "RC-6572cda0cb",
      "topic": "RELATION",
      "priority": 8,
      "trigger": {
        "type": "파",
        "elements": [
          "묘",
          "오"
        ]
      },
      "mechanism": "파는 형을 깨뜨려 새로운 생의 흐름을 만들어냄.",
      "interpretation": "파는 정체된 상황을 깨고 새로운 기회를 창출함.",
      "action": "파의 시기에는 변화를 두려워하지 말고 새로운 기회를 모색할 것.",
      "cautions": [
        "파는 불안정한 변화를 초래할 수 있음.",
        "준비 없이 변화를 맞이하면 혼란이 가중될 수 있음."
      ],
      "tags": [
        "파",
        "변화",
        "기회",
        "정체",
        "생"
      ]
    },
    {
      "id": "RC-aa06450a5a",
      "topic": "RELATION",
      "priority": 6,
      "trigger": {
        "type": "충",
        "elements": [
          "자",
          "오"
        ]
      },
      "mechanism": "충은 서로 상반된 에너지가 부딪혀 갈등과 변화를 초래함.",
      "interpretation": "자오충은 극단적인 갈등과 변화를 의미하며, 조정이 필요함.",
      "action": "자오충 시기에는 갈등을 조정하고 균형을 유지하려는 노력이 필요.",
      "cautions": [
        "극단적인 갈등이 발생할 수 있음.",
        "조정 실패 시 큰 손실을 초래할 수 있음."
      ],
      "tags": [
        "충",
        "갈등",
        "변화",
        "조정",
        "균형"
      ]
    },
    {
      "id": "RC-226334bd15",
      "topic": "RELATION",
      "priority": 5,
      "trigger": {
        "type": "삼합",
        "elements": [
          "해",
          "묘",
          "미"
        ]
      },
      "mechanism": "삼합은 자연스러운 생의 흐름을 통해 안정적인 구조를 형성함.",
      "interpretation": "해묘미 삼합은 조화와 안정성을 의미하며, 협력의 가능성을 시사.",
      "action": "삼합 구조를 활용해 조화로운 협력을 도모할 것.",
      "cautions": [
        "삼합이 불완전하면 조화가 깨질 수 있음."
      ],
      "tags": [
        "삼합",
        "조화",
        "안정",
        "협력",
        "생"
      ]
    },
    {
      "id": "RC-057c9dabd3",
      "topic": "RELATION",
      "priority": 7,
      "trigger": {
        "type": "형",
        "elements": [
          "사",
          "술"
        ]
      },
      "mechanism": "형은 열량을 억제하여 발전을 저해함.",
      "interpretation": "사술형은 열정과 에너지가 억제되어 성장이 어려움을 의미.",
      "action": "사술형 관계에서는 에너지를 보충하고 억제를 극복하려는 노력이 필요.",
      "cautions": [
        "형은 발전을 저해할 수 있음.",
        "억제를 극복하지 못하면 정체될 수 있음."
      ],
      "tags": [
        "형",
        "억제",
        "열정",
        "성장",
        "발전"
      ]
    },
    {
      "id": "RC-60ccfbe398",
      "topic": "RELATION",
      "priority": 6,
      "trigger": {
        "type": "충",
        "elements": [
          "진",
          "술"
        ]
      },
      "mechanism": "충은 서로의 에너지가 부딪혀 갈등과 변화를 초래함.",
      "interpretation": "진술충은 갈등과 변화를 통해 새로운 국면을 맞이함.",
      "action": "진술충 시기에는 갈등을 피하지 말고 변화에 적응할 것.",
      "cautions": [
        "충은 갈등을 심화시킬 수 있음.",
        "변화에 적응하지 못하면 손실이 발생할 수 있음."
      ],
      "tags": [
        "충",
        "갈등",
        "변화",
        "적응",
        "국면"
      ]
    }
  ],
  "notes": [],
  "schema_version": "rulecards.v1",
  "module_code": "SajuOS_ELEM_053",
  "updated_at": "2025-12-23T20:27:25"
}