{
  "title": "SajuOS_Logic_ELEM_018",
  "rulecards": [
    {
      "id": "RC-2466140546",
      "topic": "ELEMENTS",
      "priority": 9,
      "trigger": {
        "element": "금",
        "interaction": "금생수"
      },
      "mechanism": "금은 화의 에너지를 수로 전환하는 역할을 한다.",
      "interpretation": "금생수는 응집력과 일체화를 상징하며, 대상을 하나로 모으는 힘을 발휘한다.",
      "action": "금생수의 원리를 이해하고 이를 인간관계나 직업적 응용에 활용하라.",
      "cautions": [
        "금생수는 즉흥적이지 않고 시간이 필요하다.",
        "화의 부족은 금생수의 완성 속도를 늦출 수 있다."
      ],
      "tags": [
        "금생수",
        "응집력",
        "일체화",
        "화극금",
        "수의 에너지"
      ]
    },
    {
      "id": "RC-ced043fe47",
      "topic": "TEN_GODS",
      "priority": 8,
      "trigger": {
        "element": "금",
        "ten_god": "식신"
      },
      "mechanism": "금의 식신은 내면화와 감추어진 표현을 중시한다.",
      "interpretation": "금의 식신은 외향적 표현보다는 내면적 성찰과 승화를 통해 자신을 드러낸다.",
      "action": "자신의 감정을 내면적으로 정리하고, 이를 행동으로 표현하라.",
      "cautions": [
        "내향적 성향이 인간관계에서 오해를 불러일으킬 수 있다.",
        "자신의 감정을 지나치게 억누르지 않도록 주의하라."
      ],
      "tags": [
        "금의 식신",
        "내향성",
        "감정 승화",
        "표현 방식",
        "내면화"
      ]
    },
    {
      "id": "RC-22b99bc8f0",
      "topic": "STRUCTURE",
      "priority": 7,
      "trigger": {
        "element": "금",
        "ten_god": "식신",
        "visibility": "감추어진 수"
      },
      "mechanism": "금의 식신은 감추어진 수의 특성을 통해 깊이와 내면적 성장을 추구한다.",
      "interpretation": "금의 식신은 외부로 드러나지 않는 방식으로 자신을 발전시킨다.",
      "action": "내면적 성장을 위한 시간을 확보하고, 이를 통해 전문성을 키워라.",
      "cautions": [
        "외부의 인정에 집착하지 말고 내면적 성취에 집중하라."
      ],
      "tags": [
        "금의 식신",
        "감추어진 수",
        "내면 성장",
        "전문성",
        "자기 성찰"
      ]
    },
    {
      "id": "RC-636dea57e7",
      "topic": "RELATION",
      "priority": 6,
      "trigger": {
        "element": "금",
        "relation": "금생수"
      },
      "mechanism": "금생수는 대상을 하나로 모으는 힘을 제공하며, 일체화를 가능하게 한다.",
      "interpretation": "금생수는 대상을 자신의 일부처럼 느끼게 하며, 높은 집중력을 발휘한다.",
      "action": "대상과의 일체감을 통해 전문성을 강화하라.",
      "cautions": [
        "대상과의 지나친 동일시로 인해 자기 정체성을 잃지 않도록 주의하라."
      ],
      "tags": [
        "금생수",
        "일체화",
        "집중력",
        "대상과의 관계",
        "응집력"
      ]
    },
    {
      "id": "RC-2fd42dff57",
      "topic": "CAREER",
      "priority": 8,
      "trigger": {
        "element": "금",
        "ten_god": "식신",
        "career_field": "IT/기술"
      },
      "mechanism": "금생수의 특성은 군더더기를 제거하고 효율성을 극대화하는 데 적합하다.",
      "interpretation": "금생수는 IT, 전자, 첨단기술 분야에서 뛰어난 성과를 낼 수 있다.",
      "action": "효율성과 집중력이 요구되는 직업군을 선택하라.",
      "cautions": [
        "지속적인 자기 계발과 전문성 확보가 필요하다."
      ],
      "tags": [
        "금생수",
        "IT",
        "첨단기술",
        "효율성",
        "전문성"
      ]
    },
    {
      "id": "RC-950265f7f4",
      "topic": "TEN_GODS",
      "priority": 7,
      "trigger": {
        "element": "금",
        "ten_god": "상관",
        "water_type": "계수"
      },
      "mechanism": "계수는 금생수를 단기적으로 활성화시키는 역할을 한다.",
      "interpretation": "금의 상관이 계수를 보면 재능 발휘는 뛰어나지만 지속력이 부족할 수 있다.",
      "action": "단기적 성과를 목표로 하되, 장기적 계획도 병행하라.",
      "cautions": [
        "지속력 부족으로 인해 장기 프로젝트에서 실패할 가능성이 있다."
      ],
      "tags": [
        "금의 상관",
        "계수",
        "단기 성과",
        "재능 발휘",
        "지속력"
      ]
    },
    {
      "id": "RC-0ffb4b14da",
      "topic": "CAREER",
      "priority": 7,
      "trigger": {
        "element": "금",
        "ten_god": "식신",
        "water_type": "임수"
      },
      "mechanism": "임수는 금생수를 지속적으로 유지시키는 역할을 한다.",
      "interpretation": "금의 식신이 임수를 보면 꾸준한 노력으로 전문성을 확보할 수 있다.",
      "action": "장기적인 목표를 설정하고 꾸준히 노력하라.",
      "cautions": [
        "초기에는 어려움을 겪을 수 있으나 포기하지 말라."
      ],
      "tags": [
        "금의 식신",
        "임수",
        "지속성",
        "전문성",
        "장기 목표"
      ]
    },
    {
      "id": "RC-880e76f847",
      "topic": "STRUCTURE",
      "priority": 6,
      "trigger": {
        "element": "금",
        "ten_god": "상관",
        "water_type": "임수"
      },
      "mechanism": "임수는 금생수를 꾸준히 유지하며 상관의 재능을 안정적으로 발휘하게 한다.",
      "interpretation": "금의 상관이 임수를 보면 재능이 안정적으로 발휘된다.",
      "action": "임수의 지속성을 활용해 장기적인 성과를 목표로 하라.",
      "cautions": [
        "임수의 부족은 재능 발휘의 안정성을 저해할 수 있다."
      ],
      "tags": [
        "금의 상관",
        "임수",
        "지속성",
        "재능 발휘",
        "안정성"
      ]
    },
    {
      "id": "RC-3d5508ccd1",
      "topic": "GENERAL",
      "priority": 5,
      "trigger": {
        "note": "금생수의 원리와 에너지에 대한 일반적 설명"
      },
      "mechanism": "금생수는 화의 에너지를 수로 전환하며 응집력을 발휘한다.",
      "interpretation": "금생수는 대상을 하나로 모으고 일체화하는 힘을 상징한다.",
      "action": "금생수의 원리를 이해하고 이를 다양한 상황에 적용하라.",
      "cautions": [
        "금생수의 과정은 시간이 걸리며 즉각적이지 않다."
      ],
      "tags": [
        "금생수",
        "응집력",
        "일체화",
        "화극금",
        "수의 에너지"
      ]
    },
    {
      "topic": "TEN_GODS",
      "priority": 9,
      "trigger": {
        "day_master": "신금",
        "presence_of": [
          "임수"
        ]
      },
      "mechanism": "신금은 독립성과 자존감이 높으며, 임수가 이를 강화함.",
      "interpretation": "자신의 재능을 발휘하고 독립적인 개성을 드러낼 가능성이 높음.",
      "action": "임수를 활용해 자신의 재능을 극대화할 수 있는 환경을 조성하라.",
      "cautions": [
        "임수의 과도한 영향으로 지속성이 떨어질 수 있음."
      ],
      "tags": [
        "신금",
        "임수",
        "독립성",
        "자존감",
        "재능"
      ],
      "id": "RC-3a81a9f7c6"
    },
    {
      "topic": "TEN_GODS",
      "priority": 8,
      "trigger": {
        "day_master": "신금",
        "presence_of": [
          "식신"
        ],
        "metal_to_water_flow": false
      },
      "mechanism": "금생수가 원활하지 않으면 신금이 녹슬어 부정적 영향을 받음.",
      "interpretation": "자신의 능력을 과신하며 지속적인 발전이 어려울 수 있음.",
      "action": "금생수를 원활히 하기 위해 주변 환경을 조정하라.",
      "cautions": [
        "자신의 능력을 과대평가하지 않도록 주의."
      ],
      "tags": [
        "신금",
        "식신",
        "금생수",
        "지속성",
        "발전"
      ],
      "id": "RC-86b6b9d87a"
    },
    {
      "topic": "TEN_GODS",
      "priority": 7,
      "trigger": {
        "day_master": "신금",
        "presence_of": [
          "계수"
        ],
        "childhood_talent": true
      },
      "mechanism": "계수가 신금의 재능을 끌어내지만 지속성이 부족함.",
      "interpretation": "어린 시절 천재로 인정받을 수 있으나 성인이 되면서 유지가 어려울 수 있음.",
      "action": "꾸준히 노력하고 지속성을 기르는 습관을 들여라.",
      "cautions": [
        "초기 성공에 안주하지 않도록 주의."
      ],
      "tags": [
        "신금",
        "계수",
        "천재성",
        "지속성",
        "노력"
      ],
      "id": "RC-458de24d26"
    },
    {
      "topic": "TEN_GODS",
      "priority": 8,
      "trigger": {
        "day_master": "신금",
        "presence_of": [
          "식상",
          "혼잡"
        ]
      },
      "mechanism": "식상 혼잡은 금생수를 강화하며 재능 발휘와 대인관계에 긍정적 영향을 줌.",
      "interpretation": "꾸준히 금생수를 통해 직업적 성공과 자존감을 높일 수 있음.",
      "action": "식상 혼잡을 활용해 지속 가능한 직업적 목표를 설정하라.",
      "cautions": [
        "혼잡이 과도하면 혼란을 초래할 수 있음."
      ],
      "tags": [
        "신금",
        "식상",
        "혼잡",
        "금생수",
        "직업"
      ],
      "id": "RC-6ed9728d25"
    },
    {
      "topic": "TEN_GODS",
      "priority": 6,
      "trigger": {
        "day_master": "신금",
        "presence_of": [
          "모욱"
        ]
      },
      "mechanism": "모욱이 식상 혼잡과 결합하면 금생수가 더욱 강화됨.",
      "interpretation": "재능 발휘와 직업적 성공 가능성이 높아짐.",
      "action": "모욱의 영향을 활용해 금생수를 극대화하라.",
      "cautions": [
        "모욱의 과도한 영향으로 균형이 깨질 수 있음."
      ],
      "tags": [
        "신금",
        "모욱",
        "식상",
        "금생수",
        "성공"
      ],
      "id": "RC-5e95281b2d"
    },
    {
      "topic": "TEN_GODS",
      "priority": 7,
      "trigger": {
        "day_master": "신금",
        "presence_of": [
          "계수"
        ],
        "lack_of_sustainability": true
      },
      "mechanism": "계수가 금생수를 끌어내지만 지속성이 부족하여 기대에 미치지 못함.",
      "interpretation": "초기에는 유망주로 인정받으나 결과적으로 성과가 미약할 수 있음.",
      "action": "지속성을 강화할 수 있는 전략을 마련하라.",
      "cautions": [
        "초기 성공에 지나치게 의존하지 않도록 주의."
      ],
      "tags": [
        "신금",
        "계수",
        "지속성",
        "유망주",
        "성과"
      ],
      "id": "RC-0d632877b1"
    },
    {
      "topic": "TEN_GODS",
      "priority": 9,
      "trigger": {
        "day_master": "신금",
        "presence_of": [
          "수"
        ],
        "career_choice": "unfavorable"
      },
      "mechanism": "금일간이 수를 보면 자신의 재능을 직업으로 삼으려는 경향이 강함.",
      "interpretation": "자신의 재능과 맞지 않는 직업을 선택하면 결국 그만두게 됨.",
      "action": "자신의 재능을 발휘할 수 있는 직업을 선택하라.",
      "cautions": [
        "재능과 무관한 직업 선택은 장기적으로 실패로 이어질 수 있음."
      ],
      "tags": [
        "신금",
        "수",
        "재능",
        "직업",
        "선택"
      ],
      "id": "RC-c4bc21dcd6"
    },
    {
      "topic": "TEN_GODS",
      "priority": 8,
      "trigger": {
        "day_master": "신금",
        "presence_of": [
          "화",
          "수"
        ]
      },
      "mechanism": "금은 화를 수로 전환하며 핵심을 단일화하는 역할을 함.",
      "interpretation": "복잡한 상황을 단순화하고 본질을 추구하는 능력이 있음.",
      "action": "복잡한 문제를 단순화하고 핵심에 집중하라.",
      "cautions": [
        "과도한 단순화로 중요한 요소를 놓치지 않도록 주의."
      ],
      "tags": [
        "신금",
        "화",
        "수",
        "단순화",
        "핵심"
      ],
      "id": "RC-6f54dc77fa"
    },
    {
      "topic": "TEN_GODS",
      "priority": 7,
      "trigger": {
        "day_master": "신금",
        "presence_of": [
          "상관",
          "계수"
        ]
      },
      "mechanism": "상관이 계수를 끌어내어 금생수를 강화함.",
      "interpretation": "재능 발휘와 직업적 성공 가능성이 높아짐.",
      "action": "상관과 계수를 활용해 지속 가능한 목표를 설정하라.",
      "cautions": [
        "상관의 과도한 영향으로 균형이 깨질 수 있음."
      ],
      "tags": [
        "신금",
        "상관",
        "계수",
        "금생수",
        "목표"
      ],
      "id": "RC-66c9a24803"
    },
    {
      "topic": "TEN_GODS",
      "priority": 6,
      "trigger": {
        "day_master": "신금",
        "presence_of": [
          "지지",
          "해수"
        ]
      },
      "mechanism": "지지의 해수가 금생수를 다르게 작용하게 만듦.",
      "interpretation": "금생수가 불편하게 작용할 수 있음.",
      "action": "지지의 해수를 조화롭게 활용할 방법을 모색하라.",
      "cautions": [
        "해수의 영향으로 금생수가 왜곡되지 않도록 주의."
      ],
      "tags": [
        "신금",
        "지지",
        "해수",
        "금생수",
        "조화"
      ],
      "id": "RC-1e777c275e"
    }
  ],
  "notes": [],
  "schema_version": "rulecards.v1",
  "module_code": "SajuOS_ELEM_018",
  "updated_at": "2025-12-23T20:27:25"
}