{
  "title": "SajuOS_Logic_ELEM_042",
  "rulecards": [
    {
      "id": "RC-8da2ac5a8e",
      "topic": "RELATION",
      "priority": 9,
      "trigger": {
        "relation": "원진",
        "note": "원진 관계가 사주에 포함됨"
      },
      "mechanism": "원진은 조화와 습화의 불균형에서 발생하며, 서로 섞이지 않거나 지나치게 섞이는 문제를 나타냄.",
      "interpretation": "원진은 집착, 원망, 증오 등 부정적 감정을 유발하며, 관계의 왜곡과 갈등을 초래함.",
      "action": "사주 내 조화와 습화를 조정할 수 있는 요소를 찾아 균형을 맞추는 것이 중요함.",
      "cautions": [
        "원진은 예방이 아닌 사후 해결의 관점에서 접근해야 함.",
        "해결 인자가 있어도 원진 관계 자체는 발생함."
      ],
      "tags": [
        "원진",
        "조화",
        "습화",
        "갈등",
        "관계",
        "집착",
        "원망",
        "증오",
        "조정",
        "균형"
      ]
    },
    {
      "id": "RC-28a91f2925",
      "topic": "RELATION",
      "priority": 8,
      "trigger": {
        "relation": "인유 원진"
      },
      "mechanism": "인목의 시작 에너지가 유금의 조화로 인해 타협되지 못함.",
      "interpretation": "짧고 자주 반복되는 갈등과 상처를 유발하며, 건망증과 같은 현상으로 나타날 수 있음.",
      "action": "수기나 습기를 제공하여 조화를 이루는 방향으로 해결책을 모색.",
      "cautions": [
        "갈등은 짧게 반복되지만 자주 발생할 수 있음.",
        "해결 인자가 있어도 갈등 자체는 피할 수 없음."
      ],
      "tags": [
        "인유 원진",
        "갈등",
        "조화",
        "습기",
        "건망증",
        "반복",
        "해결책",
        "수기",
        "타협",
        "상처"
      ]
    },
    {
      "id": "RC-8fab18e2b1",
      "topic": "RELATION",
      "priority": 8,
      "trigger": {
        "relation": "묘신 원진"
      },
      "mechanism": "묘목과 신금의 습한 에너지가 서로 연결과 구분의 불분명함을 초래함.",
      "interpretation": "관계가 왜곡되고 변질되며, 만성적이고 해결되지 않는 갈등으로 이어짐.",
      "action": "사화와 같은 조화로운 에너지를 통해 갈등을 완화하고 관계를 개선.",
      "cautions": [
        "갈등이 길게 지속될 가능성이 높음.",
        "감정이 쌓여 만성적인 문제로 발전할 수 있음."
      ],
      "tags": [
        "묘신 원진",
        "관계 왜곡",
        "만성 갈등",
        "습기",
        "사화",
        "조화",
        "해결책",
        "감정",
        "변질",
        "연결"
      ]
    },
    {
      "id": "RC-a505614bad",
      "topic": "RELATION",
      "priority": 7,
      "trigger": {
        "relation": "사술 원진"
      },
      "mechanism": "4화의 성장 에너지가 술토에 의해 억제되어 발현되지 못함.",
      "interpretation": "억울함, 조급증, 조울증 등의 감정적 문제를 유발함.",
      "action": "묘목을 통해 화생토를 조정하고 억울함을 해소.",
      "cautions": [
        "병화로는 근본적인 해결이 어려움.",
        "감정적 앙금이 남을 수 있음."
      ],
      "tags": [
        "사술 원진",
        "억울함",
        "조급증",
        "조울증",
        "묘목",
        "화생토",
        "감정",
        "억제",
        "해결책",
        "발현"
      ]
    },
    {
      "id": "RC-05fbd9d29d",
      "topic": "RELATION",
      "priority": 7,
      "trigger": {
        "relation": "진해 원진"
      },
      "mechanism": "진토와 해수의 습한 에너지가 서로 충돌하며 과도한 집착과 오해를 초래함.",
      "interpretation": "우울증과 같은 지속적이고 해결되지 않는 감정적 문제를 유발함.",
      "action": "조목이나 강목을 통해 습기를 조정하여 문제를 완화.",
      "cautions": [
        "습한 에너지는 쉽게 해결되지 않음.",
        "여명에서 더 강하게 나타날 수 있음."
      ],
      "tags": [
        "진해 원진",
        "우울증",
        "집착",
        "오해",
        "습기",
        "조목",
        "강목",
        "감정",
        "충돌",
        "해결책"
      ]
    },
    {
      "id": "RC-cb36259422",
      "topic": "RELATION",
      "priority": 6,
      "trigger": {
        "relation": "자미 원진"
      },
      "mechanism": "미토가 자수를 흡수하며 자수의 본질적 기능을 약화시킴.",
      "interpretation": "무기력, 무감각, 인정받지 못하는 상황을 초래함.",
      "action": "신금을 통해 자수를 보완하고 본질적 기능을 회복.",
      "cautions": [
        "자각 증상이 없을 수 있음.",
        "문제가 장기적으로 지속될 가능성이 있음."
      ],
      "tags": [
        "자미 원진",
        "무기력",
        "무감각",
        "인정",
        "미토",
        "자수",
        "신금",
        "흡수",
        "기능 약화",
        "해결책"
      ]
    },
    {
      "id": "RC-523ce36966",
      "topic": "RELATION",
      "priority": 6,
      "trigger": {
        "relation": "추구 원진"
      },
      "mechanism": "축토가 화기를 급격히 흡수하며 폭발성을 유발함.",
      "interpretation": "위험한 시한폭탄 같은 갈등 상황을 초래함.",
      "action": "조화로운 에너지를 통해 폭발성을 완화하고 안정성을 확보.",
      "cautions": [
        "갈등이 폭발적으로 나타날 수 있음.",
        "문제가 급격히 악화될 가능성이 있음."
      ],
      "tags": [
        "추구 원진",
        "폭발성",
        "갈등",
        "축토",
        "화기",
        "조화",
        "안정성",
        "해결책",
        "위험",
        "급격"
      ]
    },
    {
      "id": "RC-336197bf83",
      "topic": "RELATION",
      "priority": 9,
      "trigger": {
        "relation": "원진",
        "month": "축월",
        "daymaster": "5화"
      },
      "mechanism": "축토가 5화의 강한 에너지를 급격히 흡수하며 폭발성을 유발.",
      "interpretation": "축월의 5화 일주는 이성에게 중독되기 쉬운 성향을 가질 수 있음.",
      "action": "자신의 감정을 객관적으로 바라보고, 지나친 몰입을 피하도록 노력.",
      "cautions": [
        "중독적 관계는 결국 파괴적 결과를 초래할 수 있음."
      ],
      "tags": [
        "원진",
        "축월",
        "5화",
        "중독",
        "이성"
      ]
    },
    {
      "id": "RC-eb1dadd2cf",
      "topic": "RELATION",
      "priority": 8,
      "trigger": {
        "relation": "원진",
        "note": "상대방과의 관계에서 지나친 치우침"
      },
      "mechanism": "한쪽으로 치우친 감정이 상대방에게 강요로 작용.",
      "interpretation": "원진 관계는 지나친 자기중심적 태도로 인해 갈등을 유발.",
      "action": "상대방의 의견을 존중하고 균형 잡힌 관계를 유지.",
      "cautions": [
        "자기중심적 태도는 관계를 악화시킬 수 있음."
      ],
      "tags": [
        "원진",
        "관계",
        "갈등",
        "조화",
        "균형"
      ]
    },
    {
      "id": "RC-7012398ff7",
      "topic": "RELATION",
      "priority": 7,
      "trigger": {
        "relation": "원진",
        "note": "간목이 사주에 존재"
      },
      "mechanism": "간목이 축토와 5화를 조절하며 균형을 유지.",
      "interpretation": "간목이 있으면 원진 관계에서도 조화로운 관계를 유지 가능.",
      "action": "간목의 역할을 활용해 상대방과의 관계를 조율.",
      "cautions": [
        "간목이 없을 경우 조절이 어려울 수 있음."
      ],
      "tags": [
        "원진",
        "간목",
        "조화",
        "관계",
        "조절"
      ]
    },
    {
      "id": "RC-fc30a8711e",
      "topic": "RELATION",
      "priority": 6,
      "trigger": {
        "relation": "원진",
        "note": "묘목이 사주에 존재"
      },
      "mechanism": "묘목이 축토를 조절하며 관계의 균형을 유지.",
      "interpretation": "묘목은 축토의 급격한 에너지를 완화하여 원진 관계를 개선.",
      "action": "묘목의 조절력을 활용해 관계를 안정화.",
      "cautions": [
        "묘목이 없을 경우 축토의 에너지가 과도할 수 있음."
      ],
      "tags": [
        "원진",
        "묘목",
        "조화",
        "관계",
        "조절"
      ]
    },
    {
      "id": "RC-71691cec06",
      "topic": "RELATION",
      "priority": 7,
      "trigger": {
        "relation": "원진",
        "note": "상대방과의 관계에서 조습 불균형"
      },
      "mechanism": "조습의 불균형이 감정적 갈등을 유발.",
      "interpretation": "조습의 균형이 깨지면 원진 관계에서 갈등이 심화.",
      "action": "조습의 균형을 유지하며 감정적 안정 추구.",
      "cautions": [
        "조습 불균형은 관계를 악화시킬 수 있음."
      ],
      "tags": [
        "원진",
        "조습",
        "균형",
        "갈등",
        "관계"
      ]
    },
    {
      "id": "RC-497dde8b5a",
      "topic": "RELATION",
      "priority": 6,
      "trigger": {
        "relation": "원진",
        "note": "상대방과의 관계에서 지나친 몰입"
      },
      "mechanism": "지나친 몰입이 상대방에게 부담으로 작용.",
      "interpretation": "원진 관계는 지나친 몰입으로 인해 파괴적 결과를 초래할 수 있음.",
      "action": "자신의 감정을 조절하고 상대방의 입장을 고려.",
      "cautions": [
        "지나친 몰입은 관계를 악화시킬 수 있음."
      ],
      "tags": [
        "원진",
        "몰입",
        "관계",
        "갈등",
        "조절"
      ]
    },
    {
      "id": "RC-3dde6c2e60",
      "topic": "RELATION",
      "priority": 5,
      "trigger": {
        "relation": "원진",
        "note": "상대방과의 관계에서 타인의 의견 존중 부족"
      },
      "mechanism": "타인의 의견을 존중하지 않으면 갈등이 발생.",
      "interpretation": "타인의 의견을 존중하면 원진 관계에서도 긍정적 결과를 얻을 수 있음.",
      "action": "상대방의 의견을 경청하고 존중.",
      "cautions": [
        "타인의 의견을 무시하면 관계가 악화될 수 있음."
      ],
      "tags": [
        "원진",
        "의견",
        "존중",
        "관계",
        "갈등"
      ]
    },
    {
      "id": "RC-89492b6bad",
      "topic": "RELATION",
      "priority": 6,
      "trigger": {
        "relation": "원진",
        "note": "사주 내 원진 관계 존재"
      },
      "mechanism": "사주 내 원진 관계는 개인의 감정적 갈등을 유발.",
      "interpretation": "사주 내 원진 관계는 내적 갈등과 관계 문제를 나타낼 수 있음.",
      "action": "자신의 감정을 객관적으로 분석하고 조화로운 관계를 추구.",
      "cautions": [
        "원진 관계는 내적 갈등을 심화시킬 수 있음."
      ],
      "tags": [
        "원진",
        "사주",
        "갈등",
        "관계",
        "조화"
      ]
    },
    {
      "id": "RC-22cac56f6a",
      "topic": "RELATION",
      "priority": 5,
      "trigger": {
        "relation": "원진",
        "note": "상대방과의 관계에서 육합 존재"
      },
      "mechanism": "육합은 원진 관계를 완화하거나 조화롭게 만듦.",
      "interpretation": "육합이 있으면 원진 관계에서도 긍정적 상호작용 가능.",
      "action": "육합의 에너지를 활용해 관계를 개선.",
      "cautions": [
        "육합이 없을 경우 원진 관계가 더 부정적으로 작용할 수 있음."
      ],
      "tags": [
        "원진",
        "육합",
        "조화",
        "관계",
        "완화"
      ]
    }
  ],
  "notes": [
    "원진 관계는 조화와 습화의 불균형에서 발생하며, 이를 해결하기 위해 사주 내 조정 요소를 찾아야 함.",
    "원진 관계는 감정적 갈등과 중독적 성향을 유발할 수 있으므로 조화와 균형이 중요."
  ],
  "schema_version": "rulecards.v1",
  "module_code": "SajuOS_ELEM_042",
  "updated_at": "2025-12-23T20:27:25"
}