{
  "title": "SajuOS_Logic_ELEM_028",
  "rulecards": [
    {
      "id": "RC-05ee8e7135",
      "topic": "ELEMENTS",
      "priority": 10,
      "trigger": {
        "element": "병화"
      },
      "mechanism": "병화는 태양과 같은 자연적 에너지로 빛을 발산한다.",
      "interpretation": "병화는 전체를 비추며 숨기지 않고 드러나는 성질을 가진다.",
      "action": "병화의 사람은 진실되고 투명한 태도를 유지하며, 자신을 자연스럽게 드러내는 직업을 선택하라.",
      "cautions": [
        "숨기려 해도 드러날 가능성이 높음",
        "과도한 노출로 인해 오해를 받을 수 있음"
      ],
      "tags": [
        "병화",
        "태양",
        "자연",
        "빛",
        "투명성",
        "전체성",
        "드러남",
        "교육",
        "공평"
      ]
    },
    {
      "id": "RC-53fc4a93f0",
      "topic": "ELEMENTS",
      "priority": 10,
      "trigger": {
        "element": "정화"
      },
      "mechanism": "정화는 인공적이고 집중된 에너지로 열을 발산한다.",
      "interpretation": "정화는 특정 대상을 타겟팅하며, 선택적으로 보여주는 성질을 가진다.",
      "action": "정화의 사람은 자신이 보여주고 싶은 부분을 전략적으로 활용하며, 특화된 분야에서 전문성을 키워라.",
      "cautions": [
        "타겟팅이 지나치면 편협해질 수 있음",
        "과도한 집중으로 주변을 놓칠 수 있음"
      ],
      "tags": [
        "정화",
        "열",
        "인공",
        "집중",
        "타겟팅",
        "특수성",
        "전문성",
        "전략",
        "선택적"
      ]
    },
    {
      "id": "RC-bfa34b4cf5",
      "topic": "ELEMENTS",
      "priority": 9,
      "trigger": {
        "element": "병화",
        "attribute": "빛"
      },
      "mechanism": "병화는 빛의 에너지를 통해 전체를 비추는 역할을 한다.",
      "interpretation": "병화는 보편적이고 일반적인 성격을 띤다.",
      "action": "병화의 사람은 다양한 사람들과 소통하며, 공평하게 대하는 태도를 유지하라.",
      "cautions": [
        "과도한 노출로 인해 피로감을 느낄 수 있음"
      ],
      "tags": [
        "병화",
        "빛",
        "보편성",
        "일반성",
        "공평",
        "소통",
        "전체성",
        "투명성"
      ]
    },
    {
      "id": "RC-803f484171",
      "topic": "ELEMENTS",
      "priority": 9,
      "trigger": {
        "element": "정화",
        "attribute": "열"
      },
      "mechanism": "정화는 열의 에너지를 통해 특정 대상을 집중적으로 비춘다.",
      "interpretation": "정화는 특정한 목적과 타겟을 가진다.",
      "action": "정화의 사람은 자신만의 전문 분야를 개발하고, 집중력을 발휘하라.",
      "cautions": [
        "집중이 지나치면 균형을 잃을 수 있음"
      ],
      "tags": [
        "정화",
        "열",
        "집중",
        "타겟",
        "전문성",
        "목적",
        "특수성",
        "전략",
        "효율"
      ]
    },
    {
      "id": "RC-cda5bc54ae",
      "topic": "ELEMENTS",
      "priority": 8,
      "trigger": {
        "element": "병화",
        "context": "교육"
      },
      "mechanism": "병화는 빛의 에너지를 통해 전체를 비추며 교육적 역할을 한다.",
      "interpretation": "병화는 보편적이고 일반적인 교육에 적합하다.",
      "action": "병화의 사람은 다양한 사람들에게 공평하게 지식을 전달하는 교육자가 되어라.",
      "cautions": [
        "모든 사람을 만족시키려다 과로할 수 있음"
      ],
      "tags": [
        "병화",
        "교육",
        "빛",
        "보편성",
        "공평",
        "지식",
        "전달",
        "전체성",
        "소통"
      ]
    },
    {
      "id": "RC-49190edbfc",
      "topic": "ELEMENTS",
      "priority": 8,
      "trigger": {
        "element": "정화",
        "context": "교육"
      },
      "mechanism": "정화는 열의 에너지를 통해 특정 대상을 타겟팅하며 교육적 역할을 한다.",
      "interpretation": "정화는 특수 교육이나 전문 분야에 적합하다.",
      "action": "정화의 사람은 특정 대상이나 분야에 집중하여 전문성을 키워라.",
      "cautions": [
        "타겟팅이 지나치면 다른 가능성을 놓칠 수 있음"
      ],
      "tags": [
        "정화",
        "교육",
        "열",
        "타겟팅",
        "전문성",
        "특수성",
        "집중",
        "효율",
        "전략"
      ]
    },
    {
      "id": "RC-c0bd5f3db1",
      "topic": "ELEMENTS",
      "priority": 7,
      "trigger": {
        "element": "병화",
        "attribute": "열"
      },
      "mechanism": "병화가 열로 작용하면 본래의 빛의 성질에서 벗어난다.",
      "interpretation": "병화가 열로 작용하면 급하고 성급한 성향을 보일 수 있다.",
      "action": "병화의 사람은 열로 작용할 때 신중함을 유지하고, 서두르지 않도록 주의하라.",
      "cautions": [
        "성급함으로 인해 실수를 저지를 수 있음"
      ],
      "tags": [
        "병화",
        "열",
        "성급함",
        "신중함",
        "균형",
        "조화",
        "변질",
        "속도",
        "주의"
      ]
    },
    {
      "id": "RC-93ede29c36",
      "topic": "ELEMENTS",
      "priority": 7,
      "trigger": {
        "element": "정화",
        "attribute": "빛"
      },
      "mechanism": "정화가 빛으로 작용하면 부분적으로 비추는 성질을 가진다.",
      "interpretation": "정화가 빛으로 작용하면 특정 부분에 집중하여 주목받는다.",
      "action": "정화의 사람은 자신이 주목받고 싶은 부분을 전략적으로 활용하라.",
      "cautions": [
        "부분적 집중이 전체적인 시야를 제한할 수 있음"
      ],
      "tags": [
        "정화",
        "빛",
        "부분성",
        "집중",
        "주목",
        "전략",
        "효율",
        "특수성",
        "조명"
      ]
    },
    {
      "id": "RC-a55069f2e3",
      "topic": "ELEMENTS",
      "priority": 6,
      "trigger": {
        "element": "병화",
        "context": "사회적 관계"
      },
      "mechanism": "병화는 전체를 비추며 공평하게 대하는 성질을 가진다.",
      "interpretation": "병화는 차별 없이 모든 사람을 포용하려는 성향이 있다.",
      "action": "병화의 사람은 공평한 태도로 사람들을 대하며, 포용력을 발휘하라.",
      "cautions": [
        "모든 사람을 만족시키려다 에너지가 소진될 수 있음"
      ],
      "tags": [
        "병화",
        "사회",
        "공평",
        "포용",
        "전체성",
        "소통",
        "조화",
        "균형",
        "관계"
      ]
    },
    {
      "id": "RC-fdf3725de6",
      "topic": "ELEMENTS",
      "priority": 6,
      "trigger": {
        "element": "정화",
        "context": "사회적 관계"
      },
      "mechanism": "정화는 특정 대상을 타겟팅하며 선택적으로 관계를 맺는다.",
      "interpretation": "정화는 선택적으로 관계를 맺으며, 특정 대상에 집중한다.",
      "action": "정화의 사람은 자신이 중요하게 여기는 관계에 집중하라.",
      "cautions": [
        "선택적 관계가 지나치면 고립될 수 있음"
      ],
      "tags": [
        "정화",
        "사회",
        "타겟팅",
        "선택",
        "집중",
        "관계",
        "특수성",
        "전략",
        "효율"
      ]
    }
  ],
  "notes": [],
  "schema_version": "rulecards.v1",
  "module_code": "SajuOS_ELEM_028",
  "updated_at": "2025-12-23T20:27:25"
}