{
  "title": "SajuOS_Logic_TEN_006",
  "rulecards": [
    {
      "id": "RC-d2f96eda6d",
      "topic": "TEN_GODS",
      "priority": 9,
      "trigger": {
        "center_god": "정제"
      },
      "mechanism": "정제가 중심일 때, 의도와 결과가 명확히 드러남.",
      "interpretation": "정제 중심의 사주는 계획과 실행을 통해 결과를 얻으려는 성향이 강함.",
      "action": "목표를 명확히 설정하고 계획적으로 행동할 것.",
      "cautions": [
        "결과에 집착하여 유연성을 잃을 수 있음."
      ],
      "tags": [
        "정제",
        "계획",
        "결과",
        "목표",
        "집중"
      ]
    },
    {
      "id": "RC-4933550f52",
      "topic": "TEN_GODS",
      "priority": 8,
      "trigger": {
        "center_god": "정제",
        "interaction": "재생살"
      },
      "mechanism": "재생살은 재물이 빠져나가는 구조를 형성함.",
      "interpretation": "재물이 건강 문제나 예기치 못한 상황으로 인해 손실될 가능성이 높음.",
      "action": "재산을 분산하고 비상 상황에 대비할 것.",
      "cautions": [
        "과도한 소유욕이 문제를 초래할 수 있음."
      ],
      "tags": [
        "재생살",
        "손실",
        "건강",
        "재산관리",
        "위험"
      ]
    },
    {
      "id": "RC-70ddf8bcdc",
      "topic": "TEN_GODS",
      "priority": 7,
      "trigger": {
        "center_god": "정제",
        "interaction": "재생관"
      },
      "mechanism": "재생관은 재물을 통해 권력과 지위를 얻으려는 구조를 형성함.",
      "interpretation": "사회적 지위와 안정성을 추구하는 성향이 강함.",
      "action": "재물을 활용해 사회적 기반을 강화할 것.",
      "cautions": [
        "과도한 야망이 문제를 초래할 수 있음."
      ],
      "tags": [
        "재생관",
        "권력",
        "지위",
        "사회적 안정",
        "야망"
      ]
    },
    {
      "id": "RC-7111b75ca6",
      "topic": "TEN_GODS",
      "priority": 8,
      "trigger": {
        "center_god": "정제",
        "interaction": "재극인"
      },
      "mechanism": "재극인은 재물이 인성을 극하면서 문서화되는 구조를 형성함.",
      "interpretation": "재물이 문서, 권리, 증권 등으로 변환되어 가치를 가짐.",
      "action": "재산을 문서화하고 법적 보호를 받을 것.",
      "cautions": [
        "문서화 과정에서 실수를 주의할 것."
      ],
      "tags": [
        "재극인",
        "문서",
        "권리",
        "증권",
        "법적 보호"
      ]
    },
    {
      "id": "RC-abc560f287",
      "topic": "TEN_GODS",
      "priority": 6,
      "trigger": {
        "center_god": "정제",
        "interaction": "정관"
      },
      "mechanism": "정관은 정제와 결합하여 안정적이고 정당한 구조를 형성함.",
      "interpretation": "사회적 시스템 내에서 안정적으로 재산을 보호할 수 있음.",
      "action": "법적, 제도적 보호를 활용할 것.",
      "cautions": [
        "시스템에 의존하여 유연성을 잃을 수 있음."
      ],
      "tags": [
        "정관",
        "안정",
        "법적 보호",
        "시스템",
        "재산"
      ]
    },
    {
      "id": "RC-84c88f663a",
      "topic": "TEN_GODS",
      "priority": 7,
      "trigger": {
        "center_god": "정제",
        "interaction": "편관"
      },
      "mechanism": "편관은 정제와 결합하여 변수를 만들어냄.",
      "interpretation": "예측 불가능한 상황에서 무리수를 두는 경향이 있음.",
      "action": "위험을 감수하기 전에 철저히 검토할 것.",
      "cautions": [
        "과로와 건강 문제를 유발할 수 있음."
      ],
      "tags": [
        "편관",
        "무리수",
        "위험",
        "건강",
        "변수"
      ]
    },
    {
      "id": "RC-23f753b818",
      "topic": "TEN_GODS",
      "priority": 6,
      "trigger": {
        "center_god": "정제",
        "interaction": "인성"
      },
      "mechanism": "정제가 인성과 결합하면 재물이 기록되고 가치를 가짐.",
      "interpretation": "재물이 문서화되어 지속 가능한 자산으로 전환됨.",
      "action": "재산을 체계적으로 관리하고 기록할 것.",
      "cautions": [
        "문서화 과정에서 법적 문제를 주의할 것."
      ],
      "tags": [
        "정제",
        "인성",
        "문서화",
        "자산관리",
        "기록"
      ]
    },
    {
      "id": "RC-6e9f23aa7d",
      "topic": "TEN_GODS",
      "priority": 5,
      "trigger": {
        "center_god": "정제",
        "interaction": "정인"
      },
      "mechanism": "정인이 정제와 결합하면 정보가 공개적으로 활용됨.",
      "interpretation": "공개된 정보로 인해 손실이 발생할 가능성이 있음.",
      "action": "정보를 신중히 관리하고 공개 여부를 검토할 것.",
      "cautions": [
        "공개된 정보로 인해 손해를 볼 수 있음."
      ],
      "tags": [
        "정제",
        "정인",
        "정보",
        "공개",
        "손실"
      ]
    },
    {
      "id": "RC-e287eaf7d3",
      "topic": "TEN_GODS",
      "priority": 6,
      "trigger": {
        "center_god": "정제",
        "interaction": "편인"
      },
      "mechanism": "편인은 정제와 결합하여 의심과 검증을 강화함.",
      "interpretation": "판단의 정확성을 높이고 손실을 줄이는 데 유리함.",
      "action": "투자나 거래 전에 철저히 검증할 것.",
      "cautions": [
        "과도한 의심이 기회를 놓칠 수 있음."
      ],
      "tags": [
        "정제",
        "편인",
        "검증",
        "의심",
        "정확성"
      ]
    },
    {
      "id": "RC-6a7ab97f15",
      "topic": "TEN_GODS",
      "priority": 7,
      "trigger": {
        "center_god": "정제",
        "interaction": "식상생재"
      },
      "mechanism": "식상이 정제를 생하면 재물이 창출됨.",
      "interpretation": "노력과 창의성을 통해 재물을 얻는 구조.",
      "action": "창의적인 아이디어를 활용하여 수익을 창출할 것.",
      "cautions": [
        "과도한 노력으로 인해 건강을 해칠 수 있음."
      ],
      "tags": [
        "식상생재",
        "창의성",
        "노력",
        "수익",
        "건강"
      ]
    },
    {
      "id": "RC-002d5b2720",
      "topic": "WEALTH",
      "priority": 9,
      "trigger": {
        "condition": "재가 강할 때"
      },
      "mechanism": "재가 강할 때는 물질적 가치가 저평가되기 쉬움.",
      "interpretation": "재가 강할 때는 자산을 저렴하게 구매할 기회가 생김.",
      "action": "재가 강할 때 자산을 매입하는 전략을 고려하라.",
      "cautions": [
        "재가 강하다고 무조건 구매하지 말고, 시장 상황을 함께 고려해야 함."
      ],
      "tags": [
        "재",
        "자산",
        "구매",
        "타이밍",
        "저평가"
      ]
    },
    {
      "id": "RC-628540df2d",
      "topic": "WEALTH",
      "priority": 9,
      "trigger": {
        "condition": "인성이 강할 때"
      },
      "mechanism": "인성이 강할 때는 물질적 가치가 고평가되기 쉬움.",
      "interpretation": "인성이 강할 때는 자산을 비싸게 판매할 기회가 생김.",
      "action": "인성이 강할 때 자산을 매도하는 전략을 고려하라.",
      "cautions": [
        "인성이 강하다고 무조건 매도하지 말고, 시장 상황을 함께 고려해야 함."
      ],
      "tags": [
        "인성",
        "자산",
        "판매",
        "타이밍",
        "고평가"
      ]
    },
    {
      "id": "RC-93ef27ea2b",
      "topic": "WEALTH",
      "priority": 8,
      "trigger": {
        "condition": "재와 인성의 균형이 깨질 때"
      },
      "mechanism": "재와 인성의 불균형은 자산 거래의 어려움을 초래함.",
      "interpretation": "재와 인성의 균형이 중요하며, 불균형 시 거래가 원활하지 않음.",
      "action": "재와 인성의 균형을 고려하여 거래 시점을 판단하라.",
      "cautions": [
        "균형이 깨진 상태에서 무리한 거래는 손실을 초래할 수 있음."
      ],
      "tags": [
        "재",
        "인성",
        "균형",
        "거래",
        "타이밍"
      ]
    },
    {
      "id": "RC-2b590ecdaa",
      "topic": "WEALTH",
      "priority": 7,
      "trigger": {
        "condition": "대운이 좋을 때"
      },
      "mechanism": "대운은 개인의 그릇 크기를 결정하며, 큰 그릇은 큰 자산을 다룰 수 있게 함.",
      "interpretation": "대운이 좋을 때는 큰 자산을 다룰 수 있는 기회가 생김.",
      "action": "대운이 좋을 때 자산 확대를 고려하라.",
      "cautions": [
        "대운이 좋지 않을 때는 무리한 자산 확대를 피하라."
      ],
      "tags": [
        "대운",
        "자산",
        "확대",
        "기회",
        "그릇"
      ]
    },
    {
      "id": "RC-0d577ec051",
      "topic": "RELATION",
      "priority": 8,
      "trigger": {
        "condition": "천간에 정제가 있을 때"
      },
      "mechanism": "천간의 정제는 고부갈등과 같은 가족 내 갈등을 유발할 가능성이 있음.",
      "interpretation": "천간에 정제가 있으면 가족 간 갈등이 발생할 수 있음.",
      "action": "가족 간 갈등을 예방하기 위해 중재 역할을 강화하라.",
      "cautions": [
        "갈등 상황에서 감정적으로 대응하지 말고 중립을 유지하라."
      ],
      "tags": [
        "정제",
        "가족",
        "갈등",
        "중재",
        "천간"
      ]
    },
    {
      "id": "RC-2a8954947d",
      "topic": "RELATION",
      "priority": 7,
      "trigger": {
        "condition": "지지에 정제가 있고 인성이 강할 때"
      },
      "mechanism": "지지의 정제와 강한 인성은 가족 내 갈등을 심화시킬 수 있음.",
      "interpretation": "이혼이나 심각한 갈등 가능성이 높아짐.",
      "action": "가족 간 소통을 강화하고 갈등을 미리 예방하라.",
      "cautions": [
        "갈등 상황에서 감정적으로 대응하지 말고 중립을 유지하라."
      ],
      "tags": [
        "정제",
        "인성",
        "갈등",
        "이혼",
        "지지"
      ]
    },
    {
      "id": "RC-565da7deab",
      "topic": "RELATION",
      "priority": 6,
      "trigger": {
        "condition": "비견이 강할 때"
      },
      "mechanism": "비견은 경쟁과 비교를 유발하며, 긴장감을 형성함.",
      "interpretation": "비견이 강하면 주변과의 경쟁이 심화됨.",
      "action": "비교보다는 자신의 목표에 집중하라.",
      "cautions": [
        "비교로 인한 스트레스를 관리하라."
      ],
      "tags": [
        "비견",
        "경쟁",
        "비교",
        "긴장감",
        "목표"
      ]
    },
    {
      "id": "RC-9b98cfad2a",
      "topic": "RELATION",
      "priority": 7,
      "trigger": {
        "condition": "겁재가 강할 때"
      },
      "mechanism": "겁재는 소유권 분쟁과 같은 갈등을 유발할 수 있음.",
      "interpretation": "겁재가 강하면 재산이나 권리에 대한 갈등이 발생할 수 있음.",
      "action": "재산 관리와 소유권 분쟁을 예방하기 위한 대비책을 마련하라.",
      "cautions": [
        "겁재로 인한 갈등 상황에서 감정적으로 대응하지 말라."
      ],
      "tags": [
        "겁재",
        "소유권",
        "갈등",
        "재산",
        "관리"
      ]
    },
    {
      "id": "RC-08587582a8",
      "topic": "WEALTH",
      "priority": 8,
      "trigger": {
        "condition": "겁재가 대운으로 들어올 때"
      },
      "mechanism": "겁재는 재산의 손실 가능성을 높임.",
      "interpretation": "겁재 대운에서는 재산 손실 가능성이 높아짐.",
      "action": "재산 보호를 위한 대비책을 마련하라.",
      "cautions": [
        "겁재 대운에서는 무리한 투자나 확장을 피하라."
      ],
      "tags": [
        "겁재",
        "대운",
        "재산",
        "손실",
        "보호"
      ]
    },
    {
      "id": "RC-0656c58bcc",
      "topic": "RELATION",
      "priority": 6,
      "trigger": {
        "condition": "비견과 겁재가 함께 있을 때"
      },
      "mechanism": "비견과 겁재는 경쟁과 갈등을 동시에 유발함.",
      "interpretation": "비견과 겁재가 함께 있으면 주변과의 갈등이 심화됨.",
      "action": "갈등 상황에서 중재 역할을 강화하라.",
      "cautions": [
        "갈등 상황에서 감정적으로 대응하지 말라."
      ],
      "tags": [
        "비견",
        "겁재",
        "갈등",
        "경쟁",
        "중재"
      ]
    }
  ],
  "notes": [
    "텍스트가 매우 길고 복잡하여 일부 규칙은 요약 및 단순화됨."
  ],
  "schema_version": "rulecards.v1",
  "module_code": "SajuOS_TEN_006",
  "updated_at": "2025-12-23T20:27:25"
}