{
  "title": "SajuOS_Logic_ELEM_008",
  "rulecards": [
    {
      "id": "RC-ac1ee92194",
      "topic": "ELEMENTS",
      "priority": 9,
      "trigger": {
        "note": "목생화가 발생한 경우"
      },
      "mechanism": "목생화는 조습의 균형이 깨질 경우 지나치게 한쪽으로 치우칠 수 있음.",
      "interpretation": "조습의 균형이 깨지면 판단력이 흐려지고 타이밍을 놓칠 가능성이 높음.",
      "action": "조습의 균형을 유지하여 원하는 방향으로 상황을 이끌어갈 수 있도록 노력해야 함.",
      "cautions": [
        "균형이 깨지면 흐지부지한 결과를 초래할 수 있음."
      ],
      "tags": [
        "목생화",
        "조습",
        "균형",
        "판단력",
        "타이밍"
      ]
    },
    {
      "id": "RC-a2a7ec73f1",
      "topic": "ELEMENTS",
      "priority": 8,
      "trigger": {
        "note": "사주에서 목생화만 존재하는 경우"
      },
      "mechanism": "목생화만으로는 에너지의 흐름을 명확히 관측하기 어려움.",
      "interpretation": "목생화 이후 추가적인 변화를 통해 사건의 결과를 명확히 해석할 수 있음.",
      "action": "목생화 이후의 흐름을 관찰하여 사건의 전개를 이해해야 함.",
      "cautions": [
        "목생화만으로는 결과를 특정하기 어려움."
      ],
      "tags": [
        "목생화",
        "에너지 흐름",
        "사건 해석",
        "결과",
        "변화"
      ]
    },
    {
      "id": "RC-b853e21bcd",
      "topic": "ELEMENTS",
      "priority": 10,
      "trigger": {
        "note": "오행의 3변이 이루어진 경우"
      },
      "mechanism": "3번의 변화를 통해 에너지가 명확히 드러나고 사건이 관측 가능해짐.",
      "interpretation": "3변이 이루어져야 명확한 결과와 사건의 해석이 가능함.",
      "action": "사주에서 3변의 흐름을 확인하여 결과를 분석해야 함.",
      "cautions": [
        "3변이 이루어지지 않으면 사건 해석이 난해할 수 있음."
      ],
      "tags": [
        "3변",
        "오행",
        "사건 해석",
        "결과",
        "변화"
      ]
    },
    {
      "id": "RC-f90974b595",
      "topic": "ELEMENTS",
      "priority": 7,
      "trigger": {
        "note": "토의 에너지가 사주에 존재하는 경우"
      },
      "mechanism": "토는 다른 오행의 에너지를 증폭시키고 조화롭게 연결함.",
      "interpretation": "토는 다른 오행의 에너지를 담아내고 조율하는 역할을 함.",
      "action": "토의 에너지를 활용하여 다른 오행의 균형을 맞추도록 해야 함.",
      "cautions": [
        "토가 없으면 에너지의 조화와 균형이 어려울 수 있음."
      ],
      "tags": [
        "토",
        "에너지 증폭",
        "조화",
        "오행",
        "균형"
      ]
    },
    {
      "id": "RC-5ee6d3e8bf",
      "topic": "ELEMENTS",
      "priority": 8,
      "trigger": {
        "note": "무토와 기토가 사주에 존재하는 경우"
      },
      "mechanism": "무토는 정신적 영역, 기토는 물질적 영역을 형성함.",
      "interpretation": "무토는 높은 시야와 권위를, 기토는 실용성과 물질적 가치를 강조함.",
      "action": "무토와 기토의 특성을 이해하고 적절히 활용해야 함.",
      "cautions": [
        "무토와 기토가 없으면 영역이 불명확해질 수 있음."
      ],
      "tags": [
        "무토",
        "기토",
        "정신적 영역",
        "물질적 영역",
        "실용성"
      ]
    },
    {
      "id": "RC-bff94d2337",
      "topic": "ELEMENTS",
      "priority": 6,
      "trigger": {
        "note": "토가 사주에 없는 경우"
      },
      "mechanism": "토는 에너지를 담고 조율하며 안정시키는 역할을 함.",
      "interpretation": "토가 없으면 에너지의 균형과 조율이 어려워질 수 있음.",
      "action": "토의 부재를 보완할 수 있는 방법을 모색해야 함.",
      "cautions": [
        "토가 없으면 감정 조절과 안정이 어려울 수 있음."
      ],
      "tags": [
        "토",
        "부재",
        "균형",
        "조율",
        "안정"
      ]
    },
    {
      "id": "RC-5254d368db",
      "topic": "ELEMENTS",
      "priority": 7,
      "trigger": {
        "note": "토가 과도한 경우"
      },
      "mechanism": "과도한 토는 지나친 안정과 망각을 초래할 수 있음.",
      "interpretation": "토가 지나치면 감정의 희로애락을 제대로 느끼지 못할 수 있음.",
      "action": "토의 과잉을 조절하여 감정의 균형을 유지해야 함.",
      "cautions": [
        "과도한 토는 삶의 무의미함을 느끼게 할 수 있음."
      ],
      "tags": [
        "토",
        "과잉",
        "감정",
        "균형",
        "망각"
      ]
    },
    {
      "id": "RC-c9fba49907",
      "topic": "ELEMENTS",
      "priority": 9,
      "trigger": {
        "note": "무토가 사주에 있는 경우"
      },
      "mechanism": "무토는 정신적 안정과 높은 시야를 제공함.",
      "interpretation": "무토는 권위와 거리감을 형성하며 정신적 가치를 중시함.",
      "action": "무토의 특성을 활용하여 정신적 안정과 권위를 유지해야 함.",
      "cautions": [
        "무토가 지나치면 사람들과의 거리감이 심해질 수 있음."
      ],
      "tags": [
        "무토",
        "정신적 안정",
        "권위",
        "거리감",
        "정신적 가치"
      ]
    },
    {
      "id": "RC-51bd5a1389",
      "topic": "ELEMENTS",
      "priority": 8,
      "trigger": {
        "note": "기토가 사주에 있는 경우"
      },
      "mechanism": "기토는 물질적 가치를 강조하고 실용성을 중시함.",
      "interpretation": "기토는 현실적이고 실용적인 접근을 가능하게 함.",
      "action": "기토의 특성을 활용하여 실용적이고 현실적인 선택을 해야 함.",
      "cautions": [
        "기토가 없으면 물질적 가치와 실용성을 놓칠 수 있음."
      ],
      "tags": [
        "기토",
        "물질적 가치",
        "실용성",
        "현실적",
        "선택"
      ]
    },
    {
      "id": "RC-013adaab8a",
      "topic": "ELEMENTS",
      "priority": 6,
      "trigger": {
        "note": "토가 사주에 과소한 경우"
      },
      "mechanism": "토는 에너지를 담고 안정시키는 역할을 함.",
      "interpretation": "토가 부족하면 감정 조절과 안정이 어려워질 수 있음.",
      "action": "토의 부족을 보완할 수 있는 방법을 찾아야 함.",
      "cautions": [
        "토가 부족하면 에너지의 균형이 깨질 수 있음."
      ],
      "tags": [
        "토",
        "부족",
        "감정 조절",
        "안정",
        "균형"
      ]
    },
    {
      "id": "RC-9c301664cc",
      "topic": "ELEMENTS",
      "priority": 9,
      "trigger": {
        "element": "토",
        "interaction": "목생화"
      },
      "mechanism": "토는 목생화의 에너지를 일정하게 유지시킴.",
      "interpretation": "토가 있어야 목생화가 안정적으로 이루어짐.",
      "action": "사주에서 목생화의 흐름을 볼 때 토의 존재 여부를 확인.",
      "cautions": [
        "토가 없으면 목생화의 안정성이 떨어질 수 있음."
      ],
      "tags": [
        "토",
        "목생화",
        "안정성",
        "오행",
        "흐름"
      ]
    },
    {
      "id": "RC-476a57a829",
      "topic": "ELEMENTS",
      "priority": 8,
      "trigger": {
        "element": "무토"
      },
      "mechanism": "무토는 정신적 가치를 유지하는 힘을 가짐.",
      "interpretation": "무토는 자존심과 정신적 영역을 중시함.",
      "action": "무토의 영향을 받는 사람은 정신적 가치를 우선시하도록 조언.",
      "cautions": [
        "무토가 과하면 지나치게 고집스러워질 수 있음."
      ],
      "tags": [
        "무토",
        "정신적 가치",
        "자존심",
        "오행",
        "안정"
      ]
    },
    {
      "id": "RC-dc19c2aaa0",
      "topic": "ELEMENTS",
      "priority": 8,
      "trigger": {
        "element": "기토"
      },
      "mechanism": "기토는 물질적 가치를 중시하며 현실적 관점을 가짐.",
      "interpretation": "기토는 실용적이고 현실적인 사고를 지향함.",
      "action": "기토의 영향을 받는 사람은 실용성을 중시하는 방향으로 조언.",
      "cautions": [
        "기토가 과하면 삶의 의미를 잃고 종교적 성향으로 치우칠 수 있음."
      ],
      "tags": [
        "기토",
        "물질적 가치",
        "실용성",
        "현실적",
        "오행"
      ]
    },
    {
      "id": "RC-c1b1ae4344",
      "topic": "RELATION",
      "priority": 7,
      "trigger": {
        "relation": "갑기합"
      },
      "mechanism": "갑목이 기토를 낮은 곳으로 끌어내림.",
      "interpretation": "갑기합은 갑목의 상승 에너지를 제한함.",
      "action": "갑기합이 있는 사주는 현실적 제약을 고려한 조언 필요.",
      "cautions": [
        "갑기합이 강하면 상승 에너지가 제한될 수 있음."
      ],
      "tags": [
        "갑기합",
        "갑목",
        "기토",
        "제약",
        "오행"
      ]
    },
    {
      "id": "RC-a956656133",
      "topic": "ELEMENTS",
      "priority": 7,
      "trigger": {
        "element": "기토",
        "state": "높음"
      },
      "mechanism": "기토가 높아지면 실감이 줄어들고 삶의 의미를 잃음.",
      "interpretation": "기토가 높아진 사주는 종교적 성향으로 치우칠 가능성이 있음.",
      "action": "기토가 높은 사람에게는 현실적 활동을 권장.",
      "cautions": [
        "기토가 높아지면 삶의 괴리감이 커질 수 있음."
      ],
      "tags": [
        "기토",
        "높음",
        "실감",
        "종교",
        "오행"
      ]
    },
    {
      "id": "RC-c6c359525a",
      "topic": "ELEMENTS",
      "priority": 6,
      "trigger": {
        "element": "토",
        "quantity": "많음"
      },
      "mechanism": "토가 많으면 망각과 무감각이 증가함.",
      "interpretation": "토가 많은 사주는 감정적 반응이 둔화될 수 있음.",
      "action": "토가 많은 사람에게는 감정적 자극을 제공.",
      "cautions": [
        "과도한 토는 삶의 활력을 저하시킬 수 있음."
      ],
      "tags": [
        "토",
        "많음",
        "망각",
        "무감각",
        "오행"
      ]
    },
    {
      "id": "RC-f9c288abec",
      "topic": "ELEMENTS",
      "priority": 7,
      "trigger": {
        "element": "기토",
        "occupation": "생산직"
      },
      "mechanism": "기토는 꾸준히 반복적인 일을 수행할 수 있는 힘을 가짐.",
      "interpretation": "기토는 생산직에서 안정적으로 일할 수 있음.",
      "action": "기토가 강한 사람에게는 생산직이나 실용적 직업을 추천.",
      "cautions": [
        "기토가 약하면 지속성이 떨어질 수 있음."
      ],
      "tags": [
        "기토",
        "생산직",
        "꾸준함",
        "실용성",
        "오행"
      ]
    },
    {
      "id": "RC-be67418784",
      "topic": "ELEMENTS",
      "priority": 6,
      "trigger": {
        "element": "무토",
        "occupation": "반복 노동"
      },
      "mechanism": "무토는 정신적 가치를 중시하여 단순 반복 노동에 적합하지 않음.",
      "interpretation": "무토는 반복적인 일에서 쉽게 지침.",
      "action": "무토가 강한 사람에게는 창의적이고 정신적 만족을 줄 수 있는 일을 추천.",
      "cautions": [
        "무토가 반복 노동에 종사하면 스트레스가 증가할 수 있음."
      ],
      "tags": [
        "무토",
        "반복 노동",
        "정신적 가치",
        "창의성",
        "오행"
      ]
    },
    {
      "id": "RC-077a88b563",
      "topic": "ELEMENTS",
      "priority": 7,
      "trigger": {
        "element": "기토",
        "location": "역 근처"
      },
      "mechanism": "기토는 접근성과 실용성을 중시함.",
      "interpretation": "기토는 사람이 많은 곳에서 활동하기를 선호함.",
      "action": "기토가 강한 사람에게는 접근성이 좋은 장소를 추천.",
      "cautions": [
        "기토가 약하면 접근성이 떨어질 수 있음."
      ],
      "tags": [
        "기토",
        "접근성",
        "실용성",
        "역 근처",
        "오행"
      ]
    },
    {
      "id": "RC-fea533cdff",
      "topic": "ELEMENTS",
      "priority": 8,
      "trigger": {
        "element": "무토",
        "location": "은밀한 장소"
      },
      "mechanism": "무토는 정신적 가치를 중시하여 은밀한 장소를 선호함.",
      "interpretation": "무토는 접근성이 낮은 곳에서 활동하기를 선호함.",
      "action": "무토가 강한 사람에게는 조용하고 은밀한 장소를 추천.",
      "cautions": [
        "무토가 약하면 은밀한 장소에서 활동하기 어려울 수 있음."
      ],
      "tags": [
        "무토",
        "은밀한 장소",
        "정신적 가치",
        "접근성",
        "오행"
      ]
    }
  ],
  "notes": [
    "기토와 무토의 차이를 명확히 이해하는 것이 중요함.",
    "토의 상태와 위치에 따라 해석이 달라질 수 있음."
  ],
  "schema_version": "rulecards.v1",
  "module_code": "SajuOS_ELEM_008",
  "updated_at": "2025-12-23T20:27:25"
}