{
  "title": "SajuOS_Logic_TEN_012",
  "rulecards": [
    {
      "topic": "TEN_GODS",
      "priority": 9,
      "trigger": {
        "has_sang_gwan": true,
        "has_pyeon_gwan": true
      },
      "mechanism": "상관은 편관을 제어하거나 활용할 수 있는 능력을 가짐.",
      "interpretation": "상관이 편관을 다룰 수 있으면 문제 해결 능력이 뛰어나고, 사업적 성공 가능성이 높음.",
      "action": "상관이 편관을 다룰 수 있는지 분석하고, 이를 기반으로 적합한 직업이나 사업 방향을 설정.",
      "cautions": [
        "편관이 약하면 상관의 능력이 제한될 수 있음.",
        "운에서 인성운이 오면 실패 가능성 증가."
      ],
      "tags": [
        "상관",
        "편관",
        "사업",
        "문제해결",
        "운영"
      ],
      "id": "RC-1c6c883ea3"
    },
    {
      "topic": "TEN_GODS",
      "priority": 8,
      "trigger": {
        "has_sang_gwan": true,
        "has_bi_gyeop": true
      },
      "mechanism": "상관은 비겁과 결합하여 외부 자원을 효과적으로 활용 가능.",
      "interpretation": "비겁이 상관과 함께 있으면 네트워크 활용 능력이 뛰어나며, 브로커 역할에 적합.",
      "action": "비겁과 상관의 조합을 활용해 네트워크 기반의 직업이나 사업을 모색.",
      "cautions": [
        "비겁이 약하면 외부 자원 활용이 어려울 수 있음.",
        "비겁이 과도하면 갈등 가능성 증가."
      ],
      "tags": [
        "상관",
        "비겁",
        "네트워크",
        "브로커",
        "자원활용"
      ],
      "id": "RC-2cd1fadf48"
    },
    {
      "topic": "TEN_GODS",
      "priority": 7,
      "trigger": {
        "has_sang_gwan": true
      },
      "mechanism": "상관은 외부 자원을 활용하여 문제를 해결하는 특성을 가짐.",
      "interpretation": "상관은 자신의 능력보다는 외부 자원을 통해 문제를 해결하려는 경향이 있음.",
      "action": "외부 자원을 효과적으로 활용할 수 있는 환경을 조성.",
      "cautions": [
        "외부 자원 의존도가 높아질 경우 독립성이 약화될 수 있음."
      ],
      "tags": [
        "상관",
        "외부자원",
        "문제해결",
        "의존성",
        "사업"
      ],
      "id": "RC-60c8d3d39f"
    },
    {
      "topic": "TEN_GODS",
      "priority": 8,
      "trigger": {
        "has_sang_gwan": true,
        "has_bi_gyeop": true
      },
      "mechanism": "비겁이 상관과 결합하면 사업 확장 가능성이 높아짐.",
      "interpretation": "비겁이 상관과 함께 있으면 사업이 커지고, 대규모 프로젝트를 진행할 가능성이 있음.",
      "action": "비겁이 강한 시기에 사업 확장을 계획.",
      "cautions": [
        "비겁이 과도하면 내부 갈등이 발생할 수 있음."
      ],
      "tags": [
        "상관",
        "비겁",
        "사업확장",
        "프로젝트",
        "성장"
      ],
      "id": "RC-cd7c2fb515"
    },
    {
      "topic": "TEN_GODS",
      "priority": 6,
      "trigger": {
        "has_sang_gwan": true,
        "has_in_seong": true
      },
      "mechanism": "인성은 상관의 리스크를 완화하고 안정성을 제공.",
      "interpretation": "상관이 인성과 결합하면 리스크 관리 능력이 향상되고, 안정적인 성과를 낼 수 있음.",
      "action": "인성을 강화하거나 인성이 강한 파트너와 협력.",
      "cautions": [
        "인성이 약하면 상관의 리스크가 증가할 수 있음."
      ],
      "tags": [
        "상관",
        "인성",
        "리스크관리",
        "안정성",
        "협력"
      ],
      "id": "RC-dc9b8d5c1a"
    },
    {
      "topic": "TEN_GODS",
      "priority": 7,
      "trigger": {
        "has_sang_gwan": true,
        "has_pyeon_gwan": true,
        "has_bi_gyeop": true
      },
      "mechanism": "상관과 비겁, 편관의 조합은 대규모 사업을 가능하게 함.",
      "interpretation": "이 조합은 대규모 프로젝트를 성공적으로 이끌 가능성이 높음.",
      "action": "이 조합을 활용해 대규모 사업이나 프로젝트를 계획.",
      "cautions": [
        "편관이 약하면 조합의 효과가 제한될 수 있음."
      ],
      "tags": [
        "상관",
        "비겁",
        "편관",
        "대규모사업",
        "프로젝트"
      ],
      "id": "RC-ddcd993739"
    },
    {
      "topic": "TEN_GODS",
      "priority": 5,
      "trigger": {
        "has_sang_gwan": true
      },
      "mechanism": "상관은 순발력과 문제 해결 능력을 가짐.",
      "interpretation": "상관은 빠른 판단과 실행으로 문제를 해결할 수 있음.",
      "action": "상관의 순발력을 활용해 빠른 의사결정이 필요한 분야를 선택.",
      "cautions": [
        "순발력에 의존하다가 장기적인 계획이 부족할 수 있음."
      ],
      "tags": [
        "상관",
        "순발력",
        "문제해결",
        "의사결정",
        "실행력"
      ],
      "id": "RC-2887950977"
    },
    {
      "topic": "TEN_GODS",
      "priority": 6,
      "trigger": {
        "has_sang_gwan": true,
        "has_pyeon_gwan": true,
        "has_in_seong": true
      },
      "mechanism": "인성은 상관과 편관의 조화를 도와 안정성을 제공.",
      "interpretation": "상관과 편관의 조합에 인성이 더해지면 안정적인 성과를 낼 가능성이 높음.",
      "action": "인성을 강화하거나 인성이 강한 파트너와 협력.",
      "cautions": [
        "인성이 약하면 조합의 안정성이 떨어질 수 있음."
      ],
      "tags": [
        "상관",
        "편관",
        "인성",
        "안정성",
        "조화"
      ],
      "id": "RC-8acbd271d0"
    },
    {
      "topic": "TEN_GODS",
      "priority": 7,
      "trigger": {
        "has_sang_gwan": true,
        "has_bi_gyeop": true
      },
      "mechanism": "비겁은 상관의 외부 자원 활용 능력을 강화.",
      "interpretation": "비겁이 상관과 함께 있으면 외부 자원을 효과적으로 활용할 수 있음.",
      "action": "비겁이 강한 시기에 외부 자원 활용을 극대화.",
      "cautions": [
        "비겁이 과도하면 내부 갈등이 발생할 수 있음."
      ],
      "tags": [
        "상관",
        "비겁",
        "외부자원",
        "활용",
        "갈등"
      ],
      "id": "RC-01161cff25"
    },
    {
      "topic": "TEN_GODS",
      "priority": 8,
      "trigger": {
        "has_sang_gwan": true,
        "has_pyeon_gwan": true
      },
      "mechanism": "상관은 편관을 활용해 문제를 해결하고 사업을 확장.",
      "interpretation": "상관과 편관의 조합은 문제 해결 능력을 강화하고, 사업 확장 가능성을 높임.",
      "action": "상관과 편관의 조합을 활용해 사업 확장을 계획.",
      "cautions": [
        "편관이 약하면 조합의 효과가 제한될 수 있음."
      ],
      "tags": [
        "상관",
        "편관",
        "사업확장",
        "문제해결",
        "조합"
      ],
      "id": "RC-1c6d4ce363"
    },
    {
      "id": "RC-a7b0b9ed22",
      "topic": "TEN_GODS",
      "priority": 9,
      "trigger": {
        "condition": "살인상생 구조"
      },
      "mechanism": "살을 인성으로 소화하여 긴장감을 완화하고 공생을 도모함.",
      "interpretation": "살을 다룰 수 있는 능력은 인내와 수용력을 요구하며, 이를 통해 문제를 해결하고 조화를 이룬다.",
      "action": "살을 다룰 때 인내심을 가지고 문제를 해결하며, 상대를 수용하는 태도를 유지하라.",
      "cautions": [
        "살이 약해지면 활용도가 떨어질 수 있음.",
        "인성이 너무 강하면 살의 역할이 약화될 수 있음."
      ],
      "tags": [
        "살인상생",
        "인성",
        "긴장감",
        "공생",
        "문제해결"
      ]
    },
    {
      "id": "RC-5e64f5c5a0",
      "topic": "TEN_GODS",
      "priority": 8,
      "trigger": {
        "condition": "인성이 강하고 살이 약한 경우"
      },
      "mechanism": "인성이 강하면 살의 역할이 약화되어 직업적 안정성이 떨어질 수 있음.",
      "interpretation": "살이 약한 경우 인성이 강하면 스펙은 좋으나 실질적 성과가 부족할 수 있다.",
      "action": "재생살 구조를 통해 살을 보완하고, 결혼이나 재성을 활용하여 균형을 맞춰라.",
      "cautions": [
        "살이 약하면 직업적 성과가 제한될 수 있음.",
        "재생살을 통해 살을 보완해야 함."
      ],
      "tags": [
        "인성",
        "살",
        "재생살",
        "직업",
        "균형"
      ]
    },
    {
      "id": "RC-664eb17a32",
      "topic": "TEN_GODS",
      "priority": 7,
      "trigger": {
        "condition": "편인이 강한 구조"
      },
      "mechanism": "편인은 특정 분야에 몰입하여 살을 소화하는 방식으로 작용.",
      "interpretation": "편인이 강한 사람은 흥미를 느끼는 분야에서 독보적인 성과를 낼 수 있다.",
      "action": "자신이 흥미를 느끼는 분야를 찾아 몰입하고, 해당 분야에서 전문성을 키워라.",
      "cautions": [
        "재성운에서 편인의 몰입이 약화될 수 있음.",
        "흥미를 잃지 않도록 주의."
      ],
      "tags": [
        "편인",
        "몰입",
        "전문성",
        "흥미",
        "재성운"
      ]
    },
    {
      "id": "RC-5ad3ce4a14",
      "topic": "TEN_GODS",
      "priority": 8,
      "trigger": {
        "condition": "살이 강하고 인성과 식상이 존재"
      },
      "mechanism": "살이 강한 구조에서 인성과 식상이 살을 소화하여 고속 승진과 성과를 이끎.",
      "interpretation": "살이 강한 사람은 인성과 식상을 통해 사회적 성공과 고속 승진을 이룰 수 있다.",
      "action": "인성과 식상을 활용하여 살을 소화하고, 사회적 성공을 목표로 하라.",
      "cautions": [
        "살이 강하다고 무조건 부정적으로 보지 말 것.",
        "인성과 식상이 없으면 살을 다루기 어려움."
      ],
      "tags": [
        "살",
        "인성",
        "식상",
        "고속승진",
        "사회적성공"
      ]
    },
    {
      "id": "RC-24332be610",
      "topic": "TEN_GODS",
      "priority": 7,
      "trigger": {
        "condition": "살이 강한 구조에서 비겁 운"
      },
      "mechanism": "비겁 운은 살을 비교 우위로 활용할 수 있는 기회를 제공.",
      "interpretation": "살이 강한 구조에서 비겁 운은 경쟁에서 우위를 점할 수 있는 기회이다.",
      "action": "비겁 운을 활용하여 경쟁에서 우위를 점하고, 자신의 능력을 발휘하라.",
      "cautions": [
        "비겁 운에서 지나친 욕심은 문제를 초래할 수 있음."
      ],
      "tags": [
        "살",
        "비겁",
        "경쟁",
        "우위",
        "기회"
      ]
    },
    {
      "id": "RC-d2a4225eb0",
      "topic": "TEN_GODS",
      "priority": 6,
      "trigger": {
        "condition": "관살 혼잡 구조"
      },
      "mechanism": "관살 혼잡은 선택의 어려움을 초래하며, 일관성 부족으로 문제를 야기.",
      "interpretation": "관살 혼잡 구조는 선택의 어려움과 일관성 부족으로 인해 삶의 안정성이 떨어질 수 있다.",
      "action": "인성이나 합을 통해 관살 혼잡을 정리하고, 선택의 일관성을 유지하라.",
      "cautions": [
        "관살 혼잡은 결정 장애를 초래할 수 있음.",
        "일관성 부족으로 신뢰를 잃을 위험이 있음."
      ],
      "tags": [
        "관살혼잡",
        "일관성",
        "선택",
        "인성",
        "합"
      ]
    },
    {
      "id": "RC-e2bb853030",
      "topic": "TEN_GODS",
      "priority": 7,
      "trigger": {
        "condition": "편관과 정관 혼잡"
      },
      "mechanism": "편관과 정관의 혼잡은 일관성 부족과 갈등을 초래.",
      "interpretation": "편관과 정관이 혼잡한 구조는 갈등과 혼란을 초래하며, 안정적인 선택이 어렵다.",
      "action": "인성을 통해 편관과 정관의 혼잡을 정리하고, 안정적인 선택을 하라.",
      "cautions": [
        "혼잡 구조는 신뢰를 잃을 수 있음.",
        "결정의 일관성을 유지해야 함."
      ],
      "tags": [
        "편관",
        "정관",
        "혼잡",
        "일관성",
        "갈등"
      ]
    },
    {
      "id": "RC-6714974135",
      "topic": "TEN_GODS",
      "priority": 8,
      "trigger": {
        "condition": "살을 다룰 수 있는 구조"
      },
      "mechanism": "살을 다룰 수 있는 능력은 사회적 성공과 영향력을 확대.",
      "interpretation": "살을 다룰 수 있는 사람은 사회적 성공과 영향력을 확대할 수 있다.",
      "action": "살을 다룰 수 있는 능력을 키우고, 이를 통해 사회적 성공을 목표로 하라.",
      "cautions": [
        "살을 다룰 수 없는 경우 사회적 실패로 이어질 수 있음."
      ],
      "tags": [
        "살",
        "사회적성공",
        "영향력",
        "능력",
        "확대"
      ]
    },
    {
      "id": "RC-a976ad7d62",
      "topic": "TEN_GODS",
      "priority": 6,
      "trigger": {
        "condition": "살이 강하고 식상이 존재"
      },
      "mechanism": "식상은 살을 다룰 수 있는 능력을 강화하며, 사회적 성공을 도모.",
      "interpretation": "식상이 있는 구조는 살을 다룰 수 있는 능력을 강화하여 사회적 성공을 이끈다.",
      "action": "식상을 활용하여 살을 다루고, 사회적 성공을 목표로 하라.",
      "cautions": [
        "식상이 없으면 살을 다루기 어려움."
      ],
      "tags": [
        "살",
        "식상",
        "사회적성공",
        "능력",
        "강화"
      ]
    },
    {
      "id": "RC-baa9a9b877",
      "topic": "TEN_GODS",
      "priority": 7,
      "trigger": {
        "condition": "살이 강하고 인성이 약한 경우"
      },
      "mechanism": "인성이 약하면 살을 다루기 어려워 사회적 실패로 이어질 수 있음.",
      "interpretation": "살이 강한 구조에서 인성이 약하면 살을 다루기 어려워 사회적 실패로 이어질 수 있다.",
      "action": "인성을 보완하여 살을 다룰 수 있는 능력을 키워라.",
      "cautions": [
        "인성이 약하면 살을 다루기 어려움.",
        "사회적 실패로 이어질 수 있음."
      ],
      "tags": [
        "살",
        "인성",
        "사회적실패",
        "보완",
        "능력"
      ]
    }
  ],
  "notes": [],
  "schema_version": "rulecards.v1",
  "module_code": "SajuOS_TEN_012",
  "updated_at": "2025-12-23T20:27:26"
}