{
  "title": "SajuOS_Logic_TEN_009",
  "rulecards": [
    {
      "id": "RC-303379a25c",
      "topic": "TEN_GODS",
      "priority": 9,
      "trigger": {
        "type": "정관",
        "relation": "일관"
      },
      "mechanism": "정관은 일관을 극하며 통제와 보호의 역할을 한다.",
      "interpretation": "정관은 일관에게 울타리와 같은 존재로, 통제와 보호를 동시에 제공한다.",
      "action": "정관의 통제와 보호를 긍정적으로 받아들이고, 이를 통해 책임감을 키워라.",
      "cautions": [
        "정관의 통제를 억압으로만 받아들이지 말 것."
      ],
      "tags": [
        "정관",
        "일관",
        "통제",
        "보호",
        "책임"
      ]
    },
    {
      "id": "RC-ad0ec8bd19",
      "topic": "TEN_GODS",
      "priority": 8,
      "trigger": {
        "type": "정관",
        "strength": "강함"
      },
      "mechanism": "정관이 강하면 울타리가 튼튼해지고 통제력이 강해진다.",
      "interpretation": "정관이 강한 사람은 사회적 규범과 책임을 잘 따르는 경향이 있다.",
      "action": "정관의 강점을 활용해 조직 내에서 신뢰를 쌓아라.",
      "cautions": [
        "정관이 강할수록 자율성이 제한될 수 있음."
      ],
      "tags": [
        "정관",
        "강함",
        "조직",
        "책임",
        "규범"
      ]
    },
    {
      "id": "RC-b91a557449",
      "topic": "TEN_GODS",
      "priority": 7,
      "trigger": {
        "type": "정관",
        "strength": "약함"
      },
      "mechanism": "정관이 약하면 울타리가 약해지고 통제력이 약화된다.",
      "interpretation": "정관이 약한 사람은 사회적 규범에 덜 민감하며 자율성이 높다.",
      "action": "자율성을 활용하되, 필요한 경우 규범을 따를 준비를 하라.",
      "cautions": [
        "정관이 약하면 책임감이 부족해 보일 수 있음."
      ],
      "tags": [
        "정관",
        "약함",
        "자율성",
        "규범",
        "책임"
      ]
    },
    {
      "id": "RC-1beab241db",
      "topic": "TEN_GODS",
      "priority": 8,
      "trigger": {
        "type": "정관",
        "relation": "식신"
      },
      "mechanism": "식신은 정관을 극하며 낡은 것을 새롭게 만든다.",
      "interpretation": "식신이 정관과 만나면 정관의 낡은 면을 개선하고 새롭게 한다.",
      "action": "식신의 창의성을 활용해 정관의 규범을 개선하라.",
      "cautions": [
        "식신이 과도하면 정관의 안정성을 해칠 수 있음."
      ],
      "tags": [
        "정관",
        "식신",
        "개선",
        "창의성",
        "규범"
      ]
    },
    {
      "id": "RC-0de2fe2655",
      "topic": "TEN_GODS",
      "priority": 7,
      "trigger": {
        "type": "정관",
        "relation": "상관"
      },
      "mechanism": "상관은 정관을 극하며 자유로움을 추구한다.",
      "interpretation": "상관이 정관과 만나면 규범에 대한 반발심이 생길 수 있다.",
      "action": "상관의 자유로움을 긍정적으로 활용하되, 규범을 완전히 무시하지 말라.",
      "cautions": [
        "상관이 과도하면 사회적 갈등을 초래할 수 있음."
      ],
      "tags": [
        "정관",
        "상관",
        "자유",
        "규범",
        "갈등"
      ]
    },
    {
      "id": "RC-a9f5b6128c",
      "topic": "TEN_GODS",
      "priority": 9,
      "trigger": {
        "type": "정관",
        "relation": "조직"
      },
      "mechanism": "정관은 조직과 수직적 관계를 중시한다.",
      "interpretation": "정관이 있는 사람은 조직 내에서 규율과 서열을 중요시한다.",
      "action": "조직 내에서 규율을 따르고 서열을 존중하라.",
      "cautions": [
        "과도한 서열 중시는 갈등을 유발할 수 있음."
      ],
      "tags": [
        "정관",
        "조직",
        "수직관계",
        "규율",
        "서열"
      ]
    },
    {
      "id": "RC-914b8c067e",
      "topic": "TEN_GODS",
      "priority": 8,
      "trigger": {
        "type": "정관",
        "relation": "결혼"
      },
      "mechanism": "정관은 결혼에서 안정성과 책임감을 나타낸다.",
      "interpretation": "정관이 있는 사람은 결혼 생활에서 책임감과 안정성을 중시한다.",
      "action": "결혼 생활에서 책임감을 가지고 안정적인 관계를 유지하라.",
      "cautions": [
        "정관이 없다고 결혼이 불가능한 것은 아님."
      ],
      "tags": [
        "정관",
        "결혼",
        "책임감",
        "안정성",
        "관계"
      ]
    },
    {
      "id": "RC-ca7787184d",
      "topic": "TEN_GODS",
      "priority": 7,
      "trigger": {
        "type": "정관",
        "relation": "법과 제도"
      },
      "mechanism": "정관은 법과 제도를 통해 사회적 규범을 형성한다.",
      "interpretation": "정관이 있는 사람은 법과 제도를 준수하며 사회적 책임을 다한다.",
      "action": "법과 제도를 준수하며 사회적 책임을 다하라.",
      "cautions": [
        "법과 제도를 지나치게 중시하면 융통성이 부족할 수 있음."
      ],
      "tags": [
        "정관",
        "법",
        "제도",
        "규범",
        "책임"
      ]
    },
    {
      "id": "RC-92320fa22f",
      "topic": "TEN_GODS",
      "priority": 6,
      "trigger": {
        "type": "정관",
        "relation": "명분"
      },
      "mechanism": "정관은 합리적 명분을 통해 행동을 정당화한다.",
      "interpretation": "정관이 있는 사람은 명분을 중시하며 합리적인 행동을 추구한다.",
      "action": "행동에 앞서 명분을 명확히 하고 합리적으로 행동하라.",
      "cautions": [
        "명분이 부족하면 행동의 정당성이 의심받을 수 있음."
      ],
      "tags": [
        "정관",
        "명분",
        "합리성",
        "행동",
        "정당성"
      ]
    },
    {
      "id": "RC-0d29494bda",
      "topic": "TEN_GODS",
      "priority": 7,
      "trigger": {
        "type": "정관",
        "relation": "사회적 지위"
      },
      "mechanism": "정관은 사회적 지위와 책임을 나타낸다.",
      "interpretation": "정관이 있는 사람은 사회적 지위와 책임을 중요시한다.",
      "action": "사회적 지위에 맞는 책임을 다하라.",
      "cautions": [
        "지위에 따른 책임을 회피하지 말 것."
      ],
      "tags": [
        "정관",
        "사회적 지위",
        "책임",
        "규범",
        "조직"
      ]
    },
    {
      "id": "RC-b45c68e812",
      "topic": "TEN_GODS",
      "priority": 9,
      "trigger": {
        "relation": "식신-정관"
      },
      "mechanism": "식신은 정관을 관리하고 보완하는 역할을 함.",
      "interpretation": "식신과 정관의 조합은 정관을 젊고 활기차게 유지하며, 관계를 긍정적으로 발전시킴.",
      "action": "식신이 정관을 보완하는 구조를 활용해 관계를 개선하고 성장에 집중하라.",
      "cautions": [
        "식신의 과도한 통제는 상대방에게 부담이 될 수 있음."
      ],
      "tags": [
        "식신",
        "정관",
        "관계",
        "관리",
        "성장"
      ]
    },
    {
      "id": "RC-ce9a8a0e72",
      "topic": "TEN_GODS",
      "priority": 8,
      "trigger": {
        "relation": "상관-정관"
      },
      "mechanism": "상관은 정관의 시스템에 도전하고 변화를 추구함.",
      "interpretation": "상관과 정관의 조합은 기존 체제를 비판하고 혁신을 추구하는 에너지를 가짐.",
      "action": "상관의 에너지를 긍정적으로 활용해 부패한 시스템을 개선하라.",
      "cautions": [
        "과도한 도전은 갈등과 손실을 초래할 수 있음."
      ],
      "tags": [
        "상관",
        "정관",
        "변화",
        "혁신",
        "도전"
      ]
    },
    {
      "id": "RC-af9d6e4d87",
      "topic": "TEN_GODS",
      "priority": 7,
      "trigger": {
        "relation": "상관-정관",
        "strength": "상관 강함"
      },
      "mechanism": "상관이 강하면 정관을 극복하려는 경향이 강해짐.",
      "interpretation": "상관이 강한 경우 기존 체제를 무너뜨리고 새로운 질서를 세우려는 성향이 강함.",
      "action": "상관의 에너지를 사회적 변화나 개혁에 활용하라.",
      "cautions": [
        "강한 상관은 권력과의 충돌을 유발할 수 있음."
      ],
      "tags": [
        "상관",
        "정관",
        "개혁",
        "충돌",
        "사회변화"
      ]
    },
    {
      "id": "RC-2cfbddecd2",
      "topic": "TEN_GODS",
      "priority": 6,
      "trigger": {
        "relation": "상관-정관",
        "visibility": "청간"
      },
      "mechanism": "청간에 상관이 드러나면 공론화와 갈등이 발생함.",
      "interpretation": "청간에 상관이 있으면 사회적 이슈를 공론화하고 갈등을 유발할 가능성이 높음.",
      "action": "공론화된 문제를 해결하기 위해 협상과 중재를 활용하라.",
      "cautions": [
        "공론화가 과도하면 사회적 반발을 초래할 수 있음."
      ],
      "tags": [
        "상관",
        "정관",
        "청간",
        "공론화",
        "갈등"
      ]
    },
    {
      "id": "RC-4b855f8acc",
      "topic": "TEN_GODS",
      "priority": 5,
      "trigger": {
        "relation": "상관-정관",
        "strength": "정관 강함"
      },
      "mechanism": "정관이 강하면 상관의 도전이 억제되거나 실패할 가능성이 높음.",
      "interpretation": "정관이 강한 경우 상관의 도전은 체제에 의해 억제되거나 무력화됨.",
      "action": "강한 정관을 활용해 체제를 안정적으로 유지하라.",
      "cautions": [
        "상관의 억제는 창의성과 혁신을 저해할 수 있음."
      ],
      "tags": [
        "상관",
        "정관",
        "체제",
        "안정",
        "억제"
      ]
    },
    {
      "id": "RC-0876bc5835",
      "topic": "TEN_GODS",
      "priority": 7,
      "trigger": {
        "relation": "식신-정관",
        "context": "이성관계"
      },
      "mechanism": "식신은 정관을 관리하며 관계를 조화롭게 유지함.",
      "interpretation": "식신과 정관의 조합은 이성관계에서 상호 성장과 조화를 이룸.",
      "action": "상대방을 존중하며 관계를 지속적으로 관리하라.",
      "cautions": [
        "과도한 간섭은 관계에 부정적 영향을 줄 수 있음."
      ],
      "tags": [
        "식신",
        "정관",
        "이성관계",
        "조화",
        "성장"
      ]
    },
    {
      "id": "RC-e678121a6d",
      "topic": "TEN_GODS",
      "priority": 6,
      "trigger": {
        "relation": "상관-정관",
        "context": "직업"
      },
      "mechanism": "상관은 정관의 부패를 비판하고 개선을 추구함.",
      "interpretation": "상관과 정관의 조합은 감사, 감독, 언론 등 체제 비판적 직업에 적합함.",
      "action": "상관의 비판적 에너지를 직업적 성취로 연결하라.",
      "cautions": [
        "과도한 비판은 직업적 안정성을 해칠 수 있음."
      ],
      "tags": [
        "상관",
        "정관",
        "직업",
        "비판",
        "감사"
      ]
    },
    {
      "id": "RC-d99067ad49",
      "topic": "TEN_GODS",
      "priority": 5,
      "trigger": {
        "relation": "상관-정관",
        "context": "결혼"
      },
      "mechanism": "상관은 정관의 안정성을 흔들며 새로운 관계 패턴을 만듦.",
      "interpretation": "상관과 정관의 조합은 결혼 생활에서 갈등과 변화의 가능성을 내포함.",
      "action": "결혼 생활에서 상호 이해와 조화를 위해 노력하라.",
      "cautions": [
        "갈등이 심화되면 관계가 파탄날 수 있음."
      ],
      "tags": [
        "상관",
        "정관",
        "결혼",
        "갈등",
        "변화"
      ]
    },
    {
      "id": "RC-315028cac5",
      "topic": "TEN_GODS",
      "priority": 4,
      "trigger": {
        "relation": "상관-정관",
        "context": "운세"
      },
      "mechanism": "상관 운에서는 정관의 체제가 흔들리며 갈등이 발생함.",
      "interpretation": "상관 운은 체제와의 갈등과 변화의 시기를 나타냄.",
      "action": "운세에서 갈등을 최소화하고 긍정적 변화를 추구하라.",
      "cautions": [
        "운세의 변화에 적응하지 못하면 손실이 발생할 수 있음."
      ],
      "tags": [
        "상관",
        "정관",
        "운세",
        "갈등",
        "변화"
      ]
    },
    {
      "id": "RC-76d7864520",
      "topic": "TEN_GODS",
      "priority": 6,
      "trigger": {
        "relation": "상관-정관",
        "strength": "상관 약함"
      },
      "mechanism": "상관이 약하면 정관의 체제에 도전하기 어려움.",
      "interpretation": "상관이 약한 경우 체제에 순응하거나 도전이 무력화됨.",
      "action": "상관의 에너지를 보완해 체제 내에서 성취를 추구하라.",
      "cautions": [
        "약한 상관은 체제에 의해 쉽게 억압될 수 있음."
      ],
      "tags": [
        "상관",
        "정관",
        "체제",
        "순응",
        "약함"
      ]
    }
  ],
  "notes": [],
  "schema_version": "rulecards.v1",
  "module_code": "SajuOS_TEN_009",
  "updated_at": "2025-12-23T20:27:25"
}