{
  "title": "SajuOS_Logic_TEN_019",
  "rulecards": [
    {
      "id": "RC-8769638465",
      "topic": "TEN_GODS",
      "priority": 9,
      "trigger": {
        "ten_god": "겁재",
        "exists": true
      },
      "mechanism": "겁재는 나와 같은 오행이지만 음양이 달라 이질적인 존재로 인식된다.",
      "interpretation": "겁재는 주변에 이질적인 사람들과의 관계를 형성하며, 이들을 경쟁자로 인식할 수 있다.",
      "action": "겁재가 있는 경우, 타인의 심리를 이해하고 관계를 조율하는 능력을 키워라.",
      "cautions": [
        "타인을 지나치게 경계하면 고립될 수 있다.",
        "자신의 재산이나 자원을 보호하는 데 주의가 필요하다."
      ],
      "tags": [
        "겁재",
        "이질성",
        "경쟁",
        "타인",
        "관계"
      ]
    },
    {
      "id": "RC-e748e7b1ee",
      "topic": "TEN_GODS",
      "priority": 8,
      "trigger": {
        "ten_god": "겁재",
        "exists": true,
        "awareness": false
      },
      "mechanism": "겁재를 인식하지 못하면 자신의 자산이나 기회를 잃을 가능성이 높아진다.",
      "interpretation": "겁재가 있는 사람은 자신의 자산을 보호하는 데 신중해야 한다.",
      "action": "겁재의 존재를 인식하고, 재산 관리와 인간관계에서 경계심을 유지하라.",
      "cautions": [
        "무방비 상태로 타인에게 의존하지 말 것.",
        "자신의 약점을 노출하지 않도록 주의."
      ],
      "tags": [
        "겁재",
        "재산",
        "경계",
        "인식",
        "관리"
      ]
    },
    {
      "id": "RC-d89ca28f5c",
      "topic": "TEN_GODS",
      "priority": 7,
      "trigger": {
        "ten_god": "겁재",
        "exists": true,
        "well_structured": true
      },
      "mechanism": "겁재가 잘 구성된 경우, 타인의 심리를 파악하고 냉정한 판단을 내릴 수 있다.",
      "interpretation": "겁재가 잘 작동하면 이성적이고 신리적인 결정을 내릴 수 있다.",
      "action": "타인의 심리를 이해하고, 감정에 휘둘리지 않는 결정을 내리도록 노력하라.",
      "cautions": [
        "냉정함이 지나치면 인간관계에서 거리감이 생길 수 있다."
      ],
      "tags": [
        "겁재",
        "냉정",
        "이성",
        "심리",
        "판단"
      ]
    },
    {
      "id": "RC-e93c05fd1f",
      "topic": "TEN_GODS",
      "priority": 8,
      "trigger": {
        "ten_god": "겁재",
        "exists": true,
        "social_context": "외부인"
      },
      "mechanism": "겁재는 외부인이나 낯선 사람들과의 관계를 형성하는 데 유리하다.",
      "interpretation": "겁재는 외국인, 다른 성별, 다른 지역 사람들과의 인연을 형성할 가능성이 높다.",
      "action": "다양한 배경의 사람들과 관계를 맺고, 이를 통해 기회를 확장하라.",
      "cautions": [
        "타인과의 관계에서 지나치게 의존하지 않도록 주의."
      ],
      "tags": [
        "겁재",
        "외부인",
        "인연",
        "다양성",
        "관계"
      ]
    },
    {
      "id": "RC-a8c36c3288",
      "topic": "TEN_GODS",
      "priority": 7,
      "trigger": {
        "ten_god": "겁재",
        "exists": true,
        "emotional_state": "외로움"
      },
      "mechanism": "겁재는 이질적인 관계로 인해 내적으로 고립감을 느낄 수 있다.",
      "interpretation": "겁재가 있는 사람은 군중 속에서도 고독을 느낄 가능성이 있다.",
      "action": "내면의 고독을 인정하고, 이를 감당하며 살아가는 방법을 찾아라.",
      "cautions": [
        "고독감을 해소하기 위해 지나치게 타인에게 의존하지 말 것."
      ],
      "tags": [
        "겁재",
        "고독",
        "내면",
        "감당",
        "관계"
      ]
    },
    {
      "id": "RC-3021556036",
      "topic": "TEN_GODS",
      "priority": 9,
      "trigger": {
        "ten_god": "겁재",
        "exists": true,
        "decision_making": "냉정"
      },
      "mechanism": "겁재는 감정적 상황에서도 냉정하게 신리를 따지는 판단을 한다.",
      "interpretation": "겁재는 위기 상황에서 이성적으로 행동할 수 있는 능력을 가진다.",
      "action": "위기 상황에서 감정에 휘둘리지 않고, 신리적인 판단을 내리도록 연습하라.",
      "cautions": [
        "냉정함이 지나치면 인간미가 부족하다는 인상을 줄 수 있다."
      ],
      "tags": [
        "겁재",
        "냉정",
        "위기",
        "판단",
        "신리"
      ]
    },
    {
      "id": "RC-1c505e72c4",
      "topic": "TEN_GODS",
      "priority": 8,
      "trigger": {
        "ten_god": "겁재",
        "exists": true,
        "leadership": true
      },
      "mechanism": "겁재는 타인을 이해하고, 포용하며, 리더십을 발휘할 수 있다.",
      "interpretation": "겁재가 있는 사람은 다양한 배경의 사람들을 포용하며 리더 역할을 할 수 있다.",
      "action": "타인의 다양성을 인정하고, 이를 기반으로 리더십을 발휘하라.",
      "cautions": [
        "타인의 의견을 지나치게 수용하면 자신의 중심을 잃을 수 있다."
      ],
      "tags": [
        "겁재",
        "리더십",
        "포용",
        "다양성",
        "이해"
      ]
    },
    {
      "id": "RC-250ac260a5",
      "topic": "TEN_GODS",
      "priority": 7,
      "trigger": {
        "ten_god": "겁재",
        "exists": true,
        "risk_taking": true
      },
      "mechanism": "겁재는 리스크를 감수하며 큰 결정을 내릴 수 있는 성향을 가진다.",
      "interpretation": "겁재는 대담한 선택을 통해 큰 성과를 얻을 가능성이 있다.",
      "action": "리스크를 감수하되, 충분한 분석과 준비를 통해 신중하게 결정하라.",
      "cautions": [
        "과도한 리스크 감수는 실패로 이어질 수 있다."
      ],
      "tags": [
        "겁재",
        "리스크",
        "대담",
        "결정",
        "성과"
      ]
    },
    {
      "id": "RC-0372ba1002",
      "topic": "TEN_GODS",
      "priority": 6,
      "trigger": {
        "ten_god": "겁재",
        "exists": true,
        "emotional_control": true
      },
      "mechanism": "겁재는 감정적으로 화가 날수록 오히려 냉정해지는 특성을 가진다.",
      "interpretation": "겁재는 감정적으로 격앙된 상황에서도 이성적으로 대처할 수 있다.",
      "action": "감정적으로 격앙된 상황에서 냉정을 유지하며 문제를 해결하라.",
      "cautions": [
        "냉정함이 오해를 불러일으킬 수 있으니 의사소통에 주의하라."
      ],
      "tags": [
        "겁재",
        "감정",
        "냉정",
        "대처",
        "문제해결"
      ]
    },
    {
      "id": "RC-9320b48ffc",
      "topic": "TEN_GODS",
      "priority": 7,
      "trigger": {
        "ten_god": "겁재",
        "exists": true,
        "social_skills": true
      },
      "mechanism": "겁재는 타인과 빠르게 친밀감을 형성하는 능력을 가진다.",
      "interpretation": "겁재는 낯선 사람들과도 쉽게 친해질 수 있는 사교성을 가진다.",
      "action": "새로운 사람들과의 관계를 적극적으로 형성하고, 이를 활용하라.",
      "cautions": [
        "겉으로만 친밀한 관계를 맺고 깊은 신뢰를 쌓지 못할 수 있다."
      ],
      "tags": [
        "겁재",
        "사교성",
        "친밀감",
        "관계",
        "신뢰"
      ]
    },
    {
      "id": "RC-0b3cc92b05",
      "topic": "TEN_GODS",
      "priority": 9,
      "trigger": {
        "ten_gods": "겁재",
        "presence": true
      },
      "mechanism": "겁재는 경쟁과 승부욕을 자극하며, 타인을 구분하고 활용하는 능력을 강화한다.",
      "interpretation": "겁재는 적과 아군을 명확히 구분하고, 충성심을 이끌어내는 리더십을 발휘한다.",
      "action": "겁재를 활용해 팀워크를 강화하고, 적절한 보상을 통해 충성심을 유지하라.",
      "cautions": [
        "겁재가 강하면 갈등이 심화될 수 있음",
        "적절한 통제가 필요"
      ],
      "tags": [
        "겁재",
        "리더십",
        "충성심",
        "경쟁",
        "팀워크"
      ]
    },
    {
      "id": "RC-9f29bea497",
      "topic": "TEN_GODS",
      "priority": 8,
      "trigger": {
        "ten_gods": "편관",
        "presence": true
      },
      "mechanism": "편관은 겁재를 통제하고 활용하는 역할을 한다.",
      "interpretation": "편관이 강하면 겁재를 효과적으로 다루며, 조직 내 질서를 유지할 수 있다.",
      "action": "편관을 통해 겁재를 제압하고, 조직의 안정성을 확보하라.",
      "cautions": [
        "편관이 약하면 겁재를 통제하기 어려움",
        "과도한 통제는 반발을 초래할 수 있음"
      ],
      "tags": [
        "편관",
        "겁재",
        "통제",
        "조직",
        "안정성"
      ]
    },
    {
      "id": "RC-7378b4e7ac",
      "topic": "TEN_GODS",
      "priority": 7,
      "trigger": {
        "ten_gods": "정관",
        "presence": true
      },
      "mechanism": "정관은 타인을 희생시키며 자신의 이익을 추구하는 경향이 있다.",
      "interpretation": "정관이 강하면 기득권을 형성하지만, 타인과의 갈등이 발생할 수 있다.",
      "action": "정관의 영향력을 활용하되, 타인과의 조화를 고려하라.",
      "cautions": [
        "정관이 약하면 기득권 형성에 실패할 수 있음",
        "타인의 반발을 유발할 수 있음"
      ],
      "tags": [
        "정관",
        "기득권",
        "희생",
        "조화",
        "갈등"
      ]
    },
    {
      "id": "RC-3584ec7750",
      "topic": "TEN_GODS",
      "priority": 8,
      "trigger": {
        "ten_gods": "겁재",
        "ten_gods_2": "식상",
        "interaction": "생"
      },
      "mechanism": "식상이 겁재를 설계하면 겁재의 경쟁성을 완화시킨다.",
      "interpretation": "겁재가 식상을 통해 생재로 전환되면 협력적인 구조를 형성할 수 있다.",
      "action": "식상을 활용해 겁재와 협력적인 관계를 구축하라.",
      "cautions": [
        "식상이 약하면 겁재의 경쟁성이 다시 강화될 수 있음",
        "분배 문제에 주의"
      ],
      "tags": [
        "겁재",
        "식상",
        "생재",
        "협력",
        "분배"
      ]
    },
    {
      "id": "RC-f99292c309",
      "topic": "TEN_GODS",
      "priority": 7,
      "trigger": {
        "ten_gods": "겁재",
        "ten_gods_2": "편재",
        "interaction": "조화"
      },
      "mechanism": "편재는 겁재의 능력을 인정하고 보상하며, 충성심을 강화한다.",
      "interpretation": "편재가 겁재와 조화를 이루면 조직의 성장이 촉진된다.",
      "action": "편재를 통해 겁재에게 적절한 보상을 제공하라.",
      "cautions": [
        "보상이 부족하면 겁재의 반발을 초래할 수 있음",
        "장기적인 계획 필요"
      ],
      "tags": [
        "겁재",
        "편재",
        "보상",
        "조화",
        "성장"
      ]
    },
    {
      "id": "RC-9d79208466",
      "topic": "TEN_GODS",
      "priority": 6,
      "trigger": {
        "ten_gods": "겁재",
        "ten_gods_2": "상관",
        "interaction": "활용"
      },
      "mechanism": "상관은 겁재의 능력을 활용해 창의적이고 확장적인 활동을 가능하게 한다.",
      "interpretation": "겁재와 상관의 조합은 사업적 성공 가능성을 높인다.",
      "action": "상관을 통해 겁재의 창의성을 극대화하라.",
      "cautions": [
        "상관이 약하면 겁재의 능력이 제한될 수 있음",
        "장기적인 안정성 부족"
      ],
      "tags": [
        "겁재",
        "상관",
        "창의성",
        "사업",
        "확장"
      ]
    },
    {
      "id": "RC-4ec024a0b8",
      "topic": "TEN_GODS",
      "priority": 7,
      "trigger": {
        "ten_gods": "겁재",
        "ten_gods_2": "정재",
        "interaction": "갈등"
      },
      "mechanism": "정재는 겁재와 갈등을 유발하며, 자원의 분배 문제를 초래할 수 있다.",
      "interpretation": "정재와 겁재의 조합은 경쟁과 갈등을 심화시킬 수 있다.",
      "action": "정재와 겁재의 갈등을 조정하고, 자원의 공정한 분배를 도모하라.",
      "cautions": [
        "정재가 강하면 겁재의 반발이 심화될 수 있음",
        "분배 문제에 주의"
      ],
      "tags": [
        "겁재",
        "정재",
        "갈등",
        "분배",
        "조정"
      ]
    },
    {
      "id": "RC-c49678215c",
      "topic": "TEN_GODS",
      "priority": 8,
      "trigger": {
        "ten_gods": "겁재",
        "ten_gods_2": "편관",
        "interaction": "제압"
      },
      "mechanism": "편관은 겁재를 제압하며, 조직 내 질서를 유지한다.",
      "interpretation": "편관이 강하면 겁재를 효과적으로 통제할 수 있다.",
      "action": "편관을 통해 겁재를 제압하고, 조직의 안정성을 확보하라.",
      "cautions": [
        "편관이 약하면 겁재를 통제하기 어려움",
        "과도한 통제는 반발을 초래할 수 있음"
      ],
      "tags": [
        "겁재",
        "편관",
        "제압",
        "질서",
        "안정성"
      ]
    },
    {
      "id": "RC-9a75b2f9ad",
      "topic": "TEN_GODS",
      "priority": 6,
      "trigger": {
        "ten_gods": "겁재",
        "ten_gods_2": "식신",
        "interaction": "생"
      },
      "mechanism": "식신은 겁재를 설계하여 경쟁성을 완화시킨다.",
      "interpretation": "식신이 겁재를 생재로 전환하면 협력적인 구조를 형성할 수 있다.",
      "action": "식신을 활용해 겁재와 협력적인 관계를 구축하라.",
      "cautions": [
        "식신이 약하면 겁재의 경쟁성이 다시 강화될 수 있음",
        "분배 문제에 주의"
      ],
      "tags": [
        "겁재",
        "식신",
        "생재",
        "협력",
        "분배"
      ]
    }
  ],
  "notes": [
    "겁재의 다양한 특성과 작용을 중심으로 규칙을 구성함.",
    "사주 구조에 따라 겁재의 작용이 달라질 수 있음."
  ],
  "schema_version": "rulecards.v1",
  "module_code": "SajuOS_TEN_019",
  "updated_at": "2025-12-23T20:27:26"
}