{
  "title": "SajuOS_Logic_BASIC_019",
  "rulecards": [
    {
      "id": "RC-a3a4f4bd10",
      "topic": "STRUCTURE",
      "priority": 9,
      "trigger": {
        "position": "월지",
        "type": "편관",
        "visibility": "미투관"
      },
      "mechanism": "월지의 편관이 투관되지 않으면 에너지가 내면에 머물러 불만과 스트레스를 유발함.",
      "interpretation": "직업이나 삶에서 만족도가 낮고, 스트레스가 높아질 가능성이 큼.",
      "action": "편관을 투관시켜 활용할 방법을 모색하거나, 스트레스 해소 방안을 마련.",
      "cautions": [
        "불만이 쌓이면 타인에게 책임을 전가할 가능성 있음.",
        "스트레스 관리가 중요."
      ],
      "tags": [
        "월지",
        "편관",
        "투관",
        "스트레스",
        "불만",
        "직업",
        "삶의 만족도",
        "내면 에너지"
      ]
    },
    {
      "id": "RC-6c26fcb878",
      "topic": "STRUCTURE",
      "priority": 8,
      "trigger": {
        "position": "일지",
        "type": "편관"
      },
      "mechanism": "일지의 편관은 자기 통제력과 결단력을 강화하며, 멘탈적 강인함을 제공.",
      "interpretation": "자기 자신에게 엄격하며, 어려운 상황에서도 흔들리지 않음.",
      "action": "자신의 강점을 활용해 어려운 상황을 극복하고, 리더십을 발휘.",
      "cautions": [
        "자존심이 지나치게 강할 수 있음.",
        "타인과의 협력에서 유연성을 유지해야 함."
      ],
      "tags": [
        "일지",
        "편관",
        "통제력",
        "멘탈",
        "자존심",
        "리더십",
        "강인함",
        "자기 엄격성"
      ]
    },
    {
      "id": "RC-010947262e",
      "topic": "RELATION",
      "priority": 7,
      "trigger": {
        "position": "일지",
        "type": "편관",
        "gender": "여성"
      },
      "mechanism": "여명의 일지 편관은 배우자의 성향과 연결되며, 가부장적이고 책임감 있는 배우자를 선호.",
      "interpretation": "배우자는 희생적이고 책임감 있는 성향을 가질 가능성이 높음.",
      "action": "배우자 선택 시 책임감과 희생적 성향을 중시.",
      "cautions": [
        "배우자의 가부장적 성향이 지나칠 경우 갈등 가능성 있음."
      ],
      "tags": [
        "일지",
        "편관",
        "배우자",
        "가부장적",
        "책임감",
        "희생",
        "여명",
        "결혼"
      ]
    },
    {
      "id": "RC-15b85c5946",
      "topic": "STRUCTURE",
      "priority": 8,
      "trigger": {
        "position": "시지",
        "type": "편관",
        "support": "재생"
      },
      "mechanism": "시지의 편관이 재생을 받으면 만년에 출세할 가능성이 높아짐.",
      "interpretation": "만년에 사회적 성공이나 영향력을 발휘할 가능성이 있음.",
      "action": "장기적인 목표를 설정하고, 만년을 대비한 준비를 철저히 함.",
      "cautions": [
        "재생 지원이 없을 경우 성공 시기가 늦어질 수 있음."
      ],
      "tags": [
        "시지",
        "편관",
        "재생",
        "만년",
        "출세",
        "성공",
        "장기 목표",
        "사회적 영향력"
      ]
    },
    {
      "id": "RC-3f5cecf400",
      "topic": "STRUCTURE",
      "priority": 7,
      "trigger": {
        "position": "청간",
        "type": "편관",
        "timing": "투관"
      },
      "mechanism": "청간으로 편관이 투관될 때 에너지가 외부로 발현되어 위험 요소가 증가.",
      "interpretation": "이 시기에 사고나 건강 문제 발생 가능성이 높아짐.",
      "action": "투관 시기에는 신체적 안전과 건강에 각별히 주의.",
      "cautions": [
        "예측 불가능한 사고 가능성 있음.",
        "건강 검진을 소홀히 하지 말 것."
      ],
      "tags": [
        "청간",
        "편관",
        "투관",
        "위험",
        "사고",
        "건강",
        "예방",
        "안전"
      ]
    },
    {
      "id": "RC-1f145b9f34",
      "topic": "STRUCTURE",
      "priority": 9,
      "trigger": {
        "position": "월간",
        "type": "정관"
      },
      "mechanism": "월간의 정관은 조직 내에서의 권력과 책임감을 나타냄.",
      "interpretation": "조직 생활에 적합하며, 법과 제도에 충실한 성향.",
      "action": "조직 내에서 자신의 역할을 충실히 수행하고, 법적 혜택을 적극 활용.",
      "cautions": [
        "비교적 융통성이 부족할 수 있음."
      ],
      "tags": [
        "월간",
        "정관",
        "조직",
        "권력",
        "책임감",
        "법",
        "제도",
        "조직 생활"
      ]
    },
    {
      "id": "RC-a163b8693b",
      "topic": "STRUCTURE",
      "priority": 8,
      "trigger": {
        "position": "연간",
        "type": "정관"
      },
      "mechanism": "연간의 정관은 사회적 이미지와 공적 역할을 강조.",
      "interpretation": "사회적으로 반듯한 이미지를 가지며, 공적 역할을 수행.",
      "action": "사회적 이미지 관리에 신경 쓰고, 공적 역할을 충실히 수행.",
      "cautions": [
        "실질적 권한이 약할 수 있음."
      ],
      "tags": [
        "연간",
        "정관",
        "사회적 이미지",
        "공적 역할",
        "반듯함",
        "책임",
        "공공성",
        "사회적 위치"
      ]
    },
    {
      "id": "RC-f61801e318",
      "topic": "STRUCTURE",
      "priority": 7,
      "trigger": {
        "position": "면지",
        "type": "정관",
        "visibility": "미투관"
      },
      "mechanism": "면지의 정관이 투관되지 않으면 기대와 현실의 괴리가 발생.",
      "interpretation": "기대치가 높아져 실망감과 자격지심이 생길 가능성이 있음.",
      "action": "현실적인 목표를 설정하고, 투관 시기를 활용.",
      "cautions": [
        "자격지심으로 인해 타인과의 비교가 심화될 수 있음."
      ],
      "tags": [
        "면지",
        "정관",
        "투관",
        "기대",
        "현실",
        "자격지심",
        "목표 설정",
        "비교"
      ]
    },
    {
      "id": "RC-d205d94462",
      "topic": "STRUCTURE",
      "priority": 9,
      "trigger": {
        "position": "월간",
        "god": "정관"
      },
      "mechanism": "월간 정관은 관의 긍정적 속성을 강하게 드러냄.",
      "interpretation": "월간 정관은 책임감과 사회적 역할에 충실한 성향을 나타냄.",
      "action": "월간 정관의 긍정적 에너지를 활용해 사회적 신뢰를 쌓아라.",
      "cautions": [
        "월간 정관은 긍정적이지만, 과도한 책임감으로 스트레스를 받을 수 있음."
      ],
      "tags": [
        "정관",
        "월간",
        "책임감",
        "사회적 역할",
        "긍정적"
      ]
    },
    {
      "id": "RC-403dce0d66",
      "topic": "STRUCTURE",
      "priority": 8,
      "trigger": {
        "position": "월지",
        "god": "정관"
      },
      "mechanism": "월지 정관은 내면적 책임감과 역할 수행을 강조.",
      "interpretation": "월지 정관은 자신의 역할에 충실하며, 내면적 안정감을 추구함.",
      "action": "자신의 역할을 명확히 하고, 내면적 안정감을 유지하라.",
      "cautions": [
        "월지 정관은 외부의 인정보다는 내면적 만족에 초점이 맞춰질 수 있음."
      ],
      "tags": [
        "정관",
        "월지",
        "책임감",
        "내면적 안정",
        "역할 수행"
      ]
    },
    {
      "id": "RC-d31e712a57",
      "topic": "STRUCTURE",
      "priority": 7,
      "trigger": {
        "position": "일지",
        "god": "정관"
      },
      "mechanism": "일지 정관은 개인적 기준과 판단력을 강화.",
      "interpretation": "일지 정관은 자신의 기준에 따라 판단하며, 강한 자아를 형성함.",
      "action": "자신의 기준을 명확히 하고, 타인과의 조화를 고려하라.",
      "cautions": [
        "자신의 기준이 지나치게 강하면 타인과 갈등이 생길 수 있음."
      ],
      "tags": [
        "정관",
        "일지",
        "기준",
        "판단력",
        "자아"
      ]
    },
    {
      "id": "RC-b2a680590d",
      "topic": "STRUCTURE",
      "priority": 8,
      "trigger": {
        "position": "청관",
        "god": "정관"
      },
      "mechanism": "청관 정관은 사회적 타이밍과 역할 수행을 강조.",
      "interpretation": "청관 정관은 사회적 인정과 타이밍을 맞추는 데 유리함.",
      "action": "사회적 타이밍을 잘 활용하고, 책임 있는 행동을 하라.",
      "cautions": [
        "청관 정관이 없으면 사회적 타이밍을 놓칠 가능성이 있음."
      ],
      "tags": [
        "정관",
        "청관",
        "사회적 타이밍",
        "책임",
        "역할 수행"
      ]
    },
    {
      "id": "RC-42d4ad8426",
      "topic": "STRUCTURE",
      "priority": 6,
      "trigger": {
        "position": "지지",
        "god": "정관",
        "condition": "투관되지 않음"
      },
      "mechanism": "지지에만 있는 정관은 외부로 드러나지 않음.",
      "interpretation": "지지 정관은 내면적 기준에 머물며, 외부로 표현되지 않음.",
      "action": "내면적 기준을 외부와 조화롭게 연결하려는 노력이 필요함.",
      "cautions": [
        "투관되지 않으면 사회적 인정이 부족할 수 있음."
      ],
      "tags": [
        "정관",
        "지지",
        "투관",
        "내면적 기준",
        "사회적 인정"
      ]
    },
    {
      "id": "RC-290410920d",
      "topic": "RELATION",
      "priority": 7,
      "trigger": {
        "relation": "합",
        "position": "월간"
      },
      "mechanism": "월간 정관이 합을 이루면 에너지가 집중됨.",
      "interpretation": "합이 이루어진 월간 정관은 몰입과 집중력이 강함.",
      "action": "합의 에너지를 활용해 목표를 달성하라.",
      "cautions": [
        "합이 지나치면 균형을 잃을 수 있음."
      ],
      "tags": [
        "정관",
        "월간",
        "합",
        "몰입",
        "집중력"
      ]
    },
    {
      "id": "RC-1fa5aa312d",
      "topic": "RELATION",
      "priority": 6,
      "trigger": {
        "relation": "충",
        "position": "지지"
      },
      "mechanism": "지지에서 충이 발생하면 에너지의 변동이 큼.",
      "interpretation": "충은 변화를 의미하며, 새로운 기회를 가져올 수 있음.",
      "action": "충의 에너지를 긍정적으로 활용해 변화를 수용하라.",
      "cautions": [
        "충이 지나치면 불안정성이 커질 수 있음."
      ],
      "tags": [
        "충",
        "지지",
        "변화",
        "기회",
        "불안정성"
      ]
    },
    {
      "id": "RC-18e0c6dfef",
      "topic": "STRUCTURE",
      "priority": 7,
      "trigger": {
        "position": "시지",
        "god": "정관"
      },
      "mechanism": "시지 정관은 미래의 안정성과 책임감을 강조.",
      "interpretation": "시지 정관은 말년의 안정과 책임 있는 삶을 나타냄.",
      "action": "미래를 대비하고, 장기적인 계획을 세워라.",
      "cautions": [
        "시지 정관이 약하면 말년의 안정성이 부족할 수 있음."
      ],
      "tags": [
        "정관",
        "시지",
        "미래",
        "안정성",
        "책임감"
      ]
    },
    {
      "id": "RC-15332576bd",
      "topic": "STRUCTURE",
      "priority": 8,
      "trigger": {
        "position": "시지",
        "god": "편관"
      },
      "mechanism": "시지 편관은 과거의 경험을 통해 현재를 판단함.",
      "interpretation": "시지 편관은 과거의 경험을 바탕으로 현실적인 판단을 내림.",
      "action": "과거의 경험을 긍정적으로 활용해 현재를 개선하라.",
      "cautions": [
        "과거에 지나치게 얽매이면 현재를 놓칠 수 있음."
      ],
      "tags": [
        "편관",
        "시지",
        "과거",
        "경험",
        "현실적 판단"
      ]
    },
    {
      "id": "RC-1049cbd403",
      "topic": "STRUCTURE",
      "priority": 9,
      "trigger": {
        "position": "월",
        "season": "가을",
        "element": "금"
      },
      "mechanism": "가을에 태어난 금은 분리와 분별의 재능을 가짐.",
      "interpretation": "가을 금은 분석적이고 체계적인 재능을 나타냄.",
      "action": "분석적 재능을 활용해 전문성을 키워라.",
      "cautions": [
        "재능을 활용하지 않으면 잠재력이 낭비될 수 있음."
      ],
      "tags": [
        "가을",
        "금",
        "분석",
        "분별",
        "재능"
      ]
    },
    {
      "topic": "STRUCTURE",
      "priority": 8,
      "trigger": {
        "note": "지장간에 특정 요소가 숨겨져 있는 경우"
      },
      "mechanism": "지장간은 겉으로 드러나지 않는 요소를 포함한다.",
      "interpretation": "사람의 내면적 성향이나 숨겨진 면을 나타낼 수 있다.",
      "action": "지장간을 분석하여 숨겨진 성향을 파악하라.",
      "cautions": [
        "지장간 분석이 항상 필요한 것은 아니다.",
        "과도한 해석은 피하라."
      ],
      "tags": [
        "지장간",
        "숨겨진 성향",
        "내면",
        "분석",
        "사주"
      ],
      "id": "RC-ddab5d9056"
    },
    {
      "topic": "RELATION",
      "priority": 7,
      "trigger": {
        "note": "사주에 식상이 연월에 위치한 경우"
      },
      "mechanism": "식상은 표현력과 솔직함을 나타낸다.",
      "interpretation": "해당 사람은 자신의 기질을 솔직하게 드러내는 경향이 있다.",
      "action": "식상이 연월에 있는 사람의 표현력을 활용하라.",
      "cautions": [
        "솔직함이 과도하면 오해를 살 수 있다."
      ],
      "tags": [
        "식상",
        "표현력",
        "솔직함",
        "연월",
        "사주"
      ],
      "id": "RC-13a34152d3"
    },
    {
      "topic": "LOVE",
      "priority": 6,
      "trigger": {
        "note": "식상이 있는 사람과 무식상인 사람의 관계"
      },
      "mechanism": "식상이 있는 사람은 표현력이 강하고, 무식상인 사람은 이를 매력적으로 느낀다.",
      "interpretation": "무식상인 사람은 표현력이 강한 사람에게 끌릴 가능성이 높다.",
      "action": "상대방의 표현력을 이해하고 존중하라.",
      "cautions": [
        "상대방의 표현 방식이 다를 수 있음을 인지하라."
      ],
      "tags": [
        "식상",
        "무식상",
        "표현력",
        "매력",
        "관계"
      ],
      "id": "RC-03738f0adb"
    },
    {
      "topic": "LOVE",
      "priority": 6,
      "trigger": {
        "note": "인성이 강한 사람과 지적인 사람의 관계"
      },
      "mechanism": "인성이 강한 사람은 지적인 면모를 가진 사람에게 매력을 느낀다.",
      "interpretation": "지적인 사람은 인성이 강한 사람에게 끌릴 가능성이 있다.",
      "action": "상대방의 지적 매력을 인정하고 소통하라.",
      "cautions": [
        "지적 매력을 과대평가하지 않도록 주의하라."
      ],
      "tags": [
        "인성",
        "지적 매력",
        "관계",
        "사주",
        "소통"
      ],
      "id": "RC-e9d98a49df"
    },
    {
      "topic": "STRUCTURE",
      "priority": 9,
      "trigger": {
        "note": "사주 분석 시 지장간을 과도하게 해석하는 경우"
      },
      "mechanism": "지장간은 보조적인 정보로 활용되어야 한다.",
      "interpretation": "지장간에 지나치게 의존하면 통변의 실효성이 떨어질 수 있다.",
      "action": "지장간은 필요한 경우에만 참고하라.",
      "cautions": [
        "지장간에 과도하게 의존하지 말라.",
        "핵심적인 요소를 간과하지 말라."
      ],
      "tags": [
        "지장간",
        "통변",
        "분석",
        "사주",
        "해석"
      ],
      "id": "RC-5afb1e10d8"
    },
    {
      "topic": "GENERAL",
      "priority": 7,
      "trigger": {
        "note": "사주에서 겉으로 드러나는 요소와 숨겨진 요소의 차이"
      },
      "mechanism": "겉으로 드러나는 요소와 숨겨진 요소는 사람의 이중성을 나타낼 수 있다.",
      "interpretation": "사람의 겉모습과 내면이 다를 수 있음을 이해해야 한다.",
      "action": "겉과 속의 차이를 분석하여 사람의 성향을 파악하라.",
      "cautions": [
        "겉모습만으로 판단하지 말라.",
        "숨겨진 요소를 과대해석하지 말라."
      ],
      "tags": [
        "겉모습",
        "내면",
        "이중성",
        "사주",
        "분석"
      ],
      "id": "RC-eb230f3bc0"
    },
    {
      "topic": "STRUCTURE",
      "priority": 8,
      "trigger": {
        "note": "사주에서 개인적인 기질이 드러나는 경우"
      },
      "mechanism": "사주에 따라 개인의 기질이 명확히 드러날 수 있다.",
      "interpretation": "개인의 기질은 사주를 통해 분석 가능하다.",
      "action": "사주를 통해 개인의 기질을 파악하고 활용하라.",
      "cautions": [
        "기질 분석이 지나치게 단정적이지 않도록 주의하라."
      ],
      "tags": [
        "기질",
        "사주",
        "분석",
        "개인성향",
        "활용"
      ],
      "id": "RC-d6fdddb898"
    }
  ],
  "notes": [
    "지장간 해석은 보조적 도구로 사용해야 하며, 과도한 해석은 피해야 함.",
    "사주에서 겉과 속의 차이를 이해하는 것이 중요함."
  ],
  "schema_version": "rulecards.v1",
  "module_code": "SajuOS_BASIC_019",
  "updated_at": "2025-12-23T20:27:25"
}