{
  "title": "SajuOS_Logic_ELEM_003",
  "rulecards": [
    {
      "id": "RC-e7ffab5bff",
      "topic": "ELEMENTS",
      "priority": 9,
      "trigger": {
        "wood": false
      },
      "mechanism": "목은 근원적인 감정과 행복의 시작을 상징.",
      "interpretation": "목이 없으면 근원적인 행복을 느끼지 못하고, 삶에서 즐거움을 찾기 어려움.",
      "action": "목의 에너지를 보충할 수 있는 활동을 추천.",
      "cautions": [
        "목이 없다고 해서 삶이 불행하다는 것은 아님.",
        "다른 오행으로 보완 가능."
      ],
      "tags": [
        "목",
        "행복",
        "감정",
        "근원",
        "결핍"
      ]
    },
    {
      "id": "RC-00b4ef4b72",
      "topic": "ELEMENTS",
      "priority": 8,
      "trigger": {
        "wood": true,
        "fire": true
      },
      "mechanism": "목생화는 행복과 쾌락의 조화를 상징.",
      "interpretation": "목생화가 잘 되어 있으면 행복 유전자를 타고난 사람으로 주변에 긍정적인 에너지를 전달.",
      "action": "목생화를 유지하고 강화할 수 있는 활동을 지속.",
      "cautions": [
        "목생화가 지나치면 에너지 소모가 빠를 수 있음."
      ],
      "tags": [
        "목생화",
        "행복",
        "쾌락",
        "조화",
        "긍정"
      ]
    },
    {
      "id": "RC-4226b49d31",
      "topic": "ELEMENTS",
      "priority": 7,
      "trigger": {
        "wood": true,
        "fire": false,
        "cold": true
      },
      "mechanism": "목은 있지만 화가 없고 사주가 차가우면 행복 욕구가 절실.",
      "interpretation": "행복을 갈망하지만 실제로 경험하지 못하는 경우가 많음.",
      "action": "따뜻한 환경과 활동을 통해 화의 에너지를 보충.",
      "cautions": [
        "행복 욕구가 충족되지 않으면 우울감으로 이어질 수 있음."
      ],
      "tags": [
        "목",
        "화",
        "행복",
        "결핍",
        "조후"
      ]
    },
    {
      "id": "RC-71e8bf22fd",
      "topic": "ELEMENTS",
      "priority": 6,
      "trigger": {
        "metal": true,
        "water": true
      },
      "mechanism": "금생수는 만족과 안정감을 상징.",
      "interpretation": "금생수는 활동보다는 가만히 있는 것에서 행복을 느끼는 에너지.",
      "action": "조용한 환경에서 독서나 명상 같은 활동을 추천.",
      "cautions": [
        "금생수만으로는 외부와의 소통이 부족할 수 있음."
      ],
      "tags": [
        "금생수",
        "만족",
        "안정",
        "내향",
        "조용"
      ]
    },
    {
      "id": "RC-e24f4786d7",
      "topic": "ELEMENTS",
      "priority": 7,
      "trigger": {
        "fire": false
      },
      "mechanism": "화는 밝음과 소통을 상징.",
      "interpretation": "화가 없으면 소통 능력이 부족하고, 시야가 좁아질 가능성이 있음.",
      "action": "화의 에너지를 보충할 수 있는 활동, 예를 들어 사람들과의 교류를 추천.",
      "cautions": [
        "화가 없다고 해서 반드시 소통이 불가능한 것은 아님."
      ],
      "tags": [
        "화",
        "소통",
        "밝음",
        "시야",
        "결핍"
      ]
    },
    {
      "id": "RC-022f866a6f",
      "topic": "ELEMENTS",
      "priority": 8,
      "trigger": {
        "fire": true,
        "water": true
      },
      "mechanism": "병화와 계수는 온도와 습도를 조절.",
      "interpretation": "병화와 계수가 조화를 이루면 소통과 관계에서 안정적.",
      "action": "병화와 계수의 균형을 유지하도록 노력.",
      "cautions": [
        "병화가 지나치게 밝으면 과도한 노출로 비판받을 수 있음."
      ],
      "tags": [
        "병화",
        "계수",
        "조후",
        "소통",
        "균형"
      ]
    },
    {
      "id": "RC-596b808572",
      "topic": "ELEMENTS",
      "priority": 7,
      "trigger": {
        "fire": true,
        "excessive": true
      },
      "mechanism": "화가 지나치게 강하면 에너지 소모가 빠름.",
      "interpretation": "화가 강한 사람은 단기적으로 에너지를 몰아쓰고 공허함을 느낄 수 있음.",
      "action": "화의 에너지를 조절하고 지속 가능하도록 관리.",
      "cautions": [
        "지나친 밝음은 관계에서 오해를 살 수 있음."
      ],
      "tags": [
        "화",
        "밝음",
        "에너지",
        "공허",
        "조절"
      ]
    },
    {
      "id": "RC-c0fe5bc7b9",
      "topic": "ELEMENTS",
      "priority": 6,
      "trigger": {
        "wood": true,
        "fire": true,
        "excessive": true
      },
      "mechanism": "목생화가 지나치면 에너지 소모가 빠름.",
      "interpretation": "목생화가 과도하면 관계에서 허무함과 공허함을 느낄 수 있음.",
      "action": "목과 화의 균형을 유지하도록 노력.",
      "cautions": [
        "지나친 목생화는 중독이나 피로로 이어질 수 있음."
      ],
      "tags": [
        "목생화",
        "에너지",
        "공허",
        "균형",
        "중독"
      ]
    },
    {
      "id": "RC-63cc0e9b72",
      "topic": "ELEMENTS",
      "priority": 5,
      "trigger": {
        "fire": true,
        "water": false
      },
      "mechanism": "화가 강하고 수가 없으면 에너지 조절이 어려움.",
      "interpretation": "화가 강한 사람은 밤낮 없이 활동하며 피로를 느끼기 쉬움.",
      "action": "수의 에너지를 보충하여 화를 조절.",
      "cautions": [
        "화가 강한 사람은 과로를 주의해야 함."
      ],
      "tags": [
        "화",
        "수",
        "조절",
        "피로",
        "활동"
      ]
    },
    {
      "id": "RC-4e1530dc89",
      "topic": "ELEMENTS",
      "priority": 6,
      "trigger": {
        "fire": true,
        "wood": false
      },
      "mechanism": "목이 없고 화가 강하면 에너지가 금방 소진.",
      "interpretation": "목이 없으면 화의 에너지를 지속적으로 유지하기 어려움.",
      "action": "목의 에너지를 보충하거나 화를 조절.",
      "cautions": [
        "목이 없으면 화의 에너지가 불안정해질 수 있음."
      ],
      "tags": [
        "목",
        "화",
        "에너지",
        "소진",
        "조절"
      ]
    },
    {
      "id": "RC-b7a3a8fe52",
      "topic": "ELEMENTS",
      "priority": 9,
      "trigger": {
        "fire": "strong",
        "wood": "weak"
      },
      "mechanism": "목생화가 지나치게 빠르게 진행되면 균형이 깨짐.",
      "interpretation": "화가 강하고 목이 약하면 에너지가 과도하게 소모되고 불안정해짐.",
      "action": "목의 에너지를 보충하거나 속도를 조절할 수 있는 수를 활용.",
      "cautions": [
        "과도한 투자나 빠른 결정은 피할 것.",
        "감정적 충동을 조심할 것."
      ],
      "tags": [
        "목생화",
        "속도조절",
        "화강",
        "목약",
        "균형"
      ]
    },
    {
      "id": "RC-dede3d110e",
      "topic": "ELEMENTS",
      "priority": 8,
      "trigger": {
        "fire": "strong",
        "earth": "weak"
      },
      "mechanism": "화가 강할 때 토가 부족하면 에너지가 분산되지 못함.",
      "interpretation": "토가 부족하면 화의 에너지가 과도하게 발산되어 안정성을 잃음.",
      "action": "토를 보강하여 화의 에너지를 안정적으로 흡수.",
      "cautions": [
        "기토는 과도한 건조로 문제를 일으킬 수 있음.",
        "진토가 가장 효과적임."
      ],
      "tags": [
        "화강",
        "토약",
        "안정성",
        "진토",
        "에너지조절"
      ]
    },
    {
      "id": "RC-fe0a8eab2e",
      "topic": "ELEMENTS",
      "priority": 7,
      "trigger": {
        "fire": "strong",
        "metal": "weak"
      },
      "mechanism": "화극금으로 금이 약하면 화의 에너지를 담을 수 없음.",
      "interpretation": "금이 약하면 화의 에너지가 폭발적으로 발산되어 문제를 일으킴.",
      "action": "금의 에너지를 보강하거나 금생수를 통해 균형을 맞춤.",
      "cautions": [
        "혈압 및 혈관 관련 질환 주의.",
        "감정 조절 필요."
      ],
      "tags": [
        "화극금",
        "금약",
        "혈압",
        "감정조절",
        "균형"
      ]
    },
    {
      "id": "RC-970db6310d",
      "topic": "ELEMENTS",
      "priority": 8,
      "trigger": {
        "fire": "strong",
        "water": "strong"
      },
      "mechanism": "수국화가 과도하면 화의 에너지가 폭발적으로 발산됨.",
      "interpretation": "화와 수의 충돌로 인해 에너지가 불안정해지고 갈등이 발생.",
      "action": "토를 활용하여 수와 화의 균형을 조절.",
      "cautions": [
        "임수는 특히 위험하며 조심해야 함.",
        "적절한 토의 개입이 필요."
      ],
      "tags": [
        "수국화",
        "화강",
        "수강",
        "폭발",
        "균형조절"
      ]
    },
    {
      "id": "RC-6f4526104e",
      "topic": "ELEMENTS",
      "priority": 6,
      "trigger": {
        "fire": "strong",
        "wood": "absent"
      },
      "mechanism": "목이 없으면 화의 에너지가 방전되기 쉬움.",
      "interpretation": "목이 없으면 에너지의 순환이 원활하지 않아 불안정해짐.",
      "action": "목의 에너지를 보충하거나 수를 활용하여 목을 생성.",
      "cautions": [
        "목의 부재로 인해 공허함을 느낄 수 있음.",
        "정서적 안정 필요."
      ],
      "tags": [
        "목부재",
        "화강",
        "공허함",
        "정서안정",
        "목생화"
      ]
    },
    {
      "id": "RC-b181583fde",
      "topic": "ELEMENTS",
      "priority": 7,
      "trigger": {
        "fire": "strong",
        "earth": "present"
      },
      "mechanism": "토가 화의 에너지를 흡수하여 안정성을 제공.",
      "interpretation": "토가 있으면 화의 에너지가 안정적으로 발산됨.",
      "action": "토를 활용하여 화의 에너지를 조절.",
      "cautions": [
        "기토는 과도한 건조로 문제를 일으킬 수 있음.",
        "진토가 가장 효과적임."
      ],
      "tags": [
        "화강",
        "토존재",
        "안정성",
        "진토",
        "에너지조절"
      ]
    },
    {
      "id": "RC-5544879b18",
      "topic": "ELEMENTS",
      "priority": 9,
      "trigger": {
        "fire": "strong",
        "metal": "present"
      },
      "mechanism": "금이 화의 에너지를 담아내어 결과를 생성.",
      "interpretation": "금이 있으면 화의 에너지가 효율적으로 활용됨.",
      "action": "금의 에너지를 강화하여 결과를 극대화.",
      "cautions": [
        "금이 약하면 비효율적일 수 있음.",
        "금생수로 효율성을 높일 것."
      ],
      "tags": [
        "화강",
        "금존재",
        "효율성",
        "결과",
        "금생수"
      ]
    },
    {
      "id": "RC-cb61f672aa",
      "topic": "ELEMENTS",
      "priority": 8,
      "trigger": {
        "fire": "strong",
        "water": "absent"
      },
      "mechanism": "수가 없으면 화의 에너지가 자기 성찰 없이 발산됨.",
      "interpretation": "수가 없으면 화의 에너지가 과도하게 외부로만 발산됨.",
      "action": "수를 보강하여 자기 성찰과 균형을 유지.",
      "cautions": [
        "수가 없으면 감정 조절이 어려울 수 있음.",
        "외부 시선을 고려하지 않을 가능성."
      ],
      "tags": [
        "수부재",
        "화강",
        "자기성찰",
        "감정조절",
        "균형"
      ]
    },
    {
      "id": "RC-6ecaa3bb19",
      "topic": "ELEMENTS",
      "priority": 7,
      "trigger": {
        "fire": "strong",
        "earth": "absent"
      },
      "mechanism": "토가 없으면 화의 에너지가 분산되지 못함.",
      "interpretation": "토가 없으면 화의 에너지가 과도하게 발산되어 불안정해짐.",
      "action": "토를 보강하여 화의 에너지를 안정적으로 흡수.",
      "cautions": [
        "토의 부재로 인해 에너지 분산이 어려움.",
        "진토가 가장 효과적임."
      ],
      "tags": [
        "토부재",
        "화강",
        "안정성",
        "진토",
        "에너지조절"
      ]
    },
    {
      "id": "RC-778ba01d20",
      "topic": "ELEMENTS",
      "priority": 6,
      "trigger": {
        "fire": "strong",
        "metal": "absent"
      },
      "mechanism": "금이 없으면 화의 에너지가 결과로 전환되지 못함.",
      "interpretation": "금이 없으면 화의 에너지가 비효율적으로 소모됨.",
      "action": "금을 보강하여 화의 에너지를 결과로 전환.",
      "cautions": [
        "금의 부재로 인해 비효율적일 수 있음.",
        "금생수로 효율성을 높일 것."
      ],
      "tags": [
        "금부재",
        "화강",
        "비효율",
        "결과",
        "금생수"
      ]
    }
  ],
  "notes": [],
  "schema_version": "rulecards.v1",
  "module_code": "SajuOS_ELEM_003",
  "updated_at": "2025-12-23T20:27:25"
}