{
  "title": "SajuOS_Logic_BASIC_001",
  "rulecards": [
    {
      "topic": "GENERAL",
      "priority": 10,
      "trigger": {
        "note": "명리학의 정의를 이해하려는 경우"
      },
      "mechanism": "명리학은 인간의 몸과 정신을 담는 그릇을 분석하는 학문이다.",
      "interpretation": "명리학은 태어난 순간의 우주적 에너지가 인간의 몸에 새겨진다고 본다.",
      "action": "명리학을 통해 자신의 한계와 가능성을 이해하고 활용하라.",
      "cautions": [
        "명리학을 단순히 운명론으로 오해하지 말 것."
      ],
      "tags": [
        "명리학",
        "몸",
        "정신",
        "우주적 에너지",
        "한계"
      ],
      "id": "RC-57cd5502a6"
    },
    {
      "topic": "GENERAL",
      "priority": 9,
      "trigger": {
        "note": "음양의 기본 원리를 이해하려는 경우"
      },
      "mechanism": "음양은 서로 떨어질 수 없고 섞일 수 없는 상호작용의 원리이다.",
      "interpretation": "음양은 모든 변화와 순환의 기초로 작용한다.",
      "action": "사주 해석 시 음양의 균형과 순환을 고려하라.",
      "cautions": [
        "음양을 단순히 이분법적으로 해석하지 말 것."
      ],
      "tags": [
        "음양",
        "순환",
        "변화",
        "균형",
        "기초"
      ],
      "id": "RC-3ad95ddea5"
    },
    {
      "topic": "GENERAL",
      "priority": 8,
      "trigger": {
        "note": "한난조습의 개념을 이해하려는 경우"
      },
      "mechanism": "한난조습은 온도와 습도의 조합으로 인간의 성향과 환경을 설명한다.",
      "interpretation": "한난조습은 사주 해석에서 개인의 성향과 변화 가능성을 나타낸다.",
      "action": "사주 해석 시 한난조습의 영향을 분석하라.",
      "cautions": [
        "한난조습에만 지나치게 의존하지 말 것."
      ],
      "tags": [
        "한난조습",
        "온도",
        "습도",
        "성향",
        "환경"
      ],
      "id": "RC-dfac021adc"
    },
    {
      "topic": "GENERAL",
      "priority": 7,
      "trigger": {
        "note": "태어난 순간의 의미를 이해하려는 경우"
      },
      "mechanism": "태어난 순간은 태양계의 에너지가 인간에게 새겨지는 시점이다.",
      "interpretation": "생년월일시는 개인의 운명과 성향을 결정짓는 중요한 요소이다.",
      "action": "사주 분석 시 태어난 순간의 우주적 에너지를 고려하라.",
      "cautions": [
        "태어난 순간을 단순히 시간으로만 해석하지 말 것."
      ],
      "tags": [
        "생년월일시",
        "태양계",
        "운명",
        "우주적 에너지",
        "시작"
      ],
      "id": "RC-889eec1314"
    },
    {
      "topic": "GENERAL",
      "priority": 6,
      "trigger": {
        "note": "사주 해석에서 상대성을 이해하려는 경우"
      },
      "mechanism": "모든 해석은 상대적인 기준에 따라 달라질 수 있다.",
      "interpretation": "사주 해석은 비교와 상대성을 통해 더 깊은 통찰을 제공한다.",
      "action": "사주를 해석할 때 상대적 관점을 항상 염두에 두라.",
      "cautions": [
        "절대적 해석에 집착하지 말 것."
      ],
      "tags": [
        "상대성",
        "비교",
        "해석",
        "통찰",
        "기준"
      ],
      "id": "RC-c75f482ef1"
    },
    {
      "topic": "GENERAL",
      "priority": 5,
      "trigger": {
        "note": "사주에서 음양의 순환을 이해하려는 경우"
      },
      "mechanism": "음양은 서로 순환하며 변화의 과정을 나타낸다.",
      "interpretation": "음양의 순환은 사주에서 변화와 적응의 가능성을 보여준다.",
      "action": "사주 해석 시 음양의 순환과 변화를 주목하라.",
      "cautions": [
        "음양의 순환을 단절적으로 보지 말 것."
      ],
      "tags": [
        "음양",
        "순환",
        "변화",
        "적응",
        "과정"
      ],
      "id": "RC-16f307e03d"
    },
    {
      "topic": "GENERAL",
      "priority": 4,
      "trigger": {
        "note": "사주에서 한난조습의 적용을 이해하려는 경우"
      },
      "mechanism": "한난조습은 사주의 구조와 성향을 결정짓는 요소이다.",
      "interpretation": "한난조습은 사주의 환경적 요인과 개인의 적응력을 나타낸다.",
      "action": "사주 해석 시 한난조습의 균형을 분석하라.",
      "cautions": [
        "한난조습을 과대평가하지 말 것."
      ],
      "tags": [
        "한난조습",
        "구조",
        "성향",
        "환경",
        "적응력"
      ],
      "id": "RC-09e4490932"
    },
    {
      "topic": "GENERAL",
      "priority": 3,
      "trigger": {
        "note": "사주에서 우주적 에너지의 영향을 이해하려는 경우"
      },
      "mechanism": "우주적 에너지는 인간의 성향과 운명에 영향을 미친다.",
      "interpretation": "사주는 태양계의 에너지가 인간에게 미치는 영향을 분석한다.",
      "action": "사주 해석 시 우주적 에너지의 흐름을 고려하라.",
      "cautions": [
        "우주적 에너지를 과학적으로 증명하려 하지 말 것."
      ],
      "tags": [
        "우주적 에너지",
        "태양계",
        "성향",
        "운명",
        "흐름"
      ],
      "id": "RC-02cae0a2c3"
    },
    {
      "topic": "GENERAL",
      "priority": 2,
      "trigger": {
        "note": "사주에서 인간과 동물의 차이를 이해하려는 경우"
      },
      "mechanism": "인간만이 우주적 에너지를 담을 수 있는 그릇을 가진다.",
      "interpretation": "명리학은 인간의 운명과 성향을 분석하는 학문이다.",
      "action": "사주 해석 시 인간의 특수성을 고려하라.",
      "cautions": [
        "동물에게 명리학을 적용하려 하지 말 것."
      ],
      "tags": [
        "인간",
        "동물",
        "우주적 에너지",
        "그릇",
        "특수성"
      ],
      "id": "RC-b2b2b7821e"
    },
    {
      "topic": "GENERAL",
      "priority": 1,
      "trigger": {
        "note": "사주에서 한난조습의 균형을 이해하려는 경우"
      },
      "mechanism": "한난조습의 균형은 사주의 조화와 안정성을 나타낸다.",
      "interpretation": "균형 잡힌 한난조습은 사주의 긍정적 영향을 강화한다.",
      "action": "사주 해석 시 한난조습의 균형을 유지하라.",
      "cautions": [
        "한쪽으로 치우친 해석을 피하라."
      ],
      "tags": [
        "한난조습",
        "균형",
        "조화",
        "안정성",
        "긍정적 영향"
      ],
      "id": "RC-ae41a91a5c"
    },
    {
      "id": "RC-eb63096a56",
      "topic": "GENERAL",
      "priority": 9,
      "trigger": {
        "note": "사주 해석에서 순서와 흐름을 고려할 때"
      },
      "mechanism": "사주는 인생의 프로그램으로, 순서와 흐름에 따라 해석됨.",
      "interpretation": "인생의 주요 단계는 순서대로 진행되며, 이를 통해 삶의 흐름을 이해할 수 있음.",
      "action": "사주 해석 시 순서를 고려하여 전반적인 흐름을 파악하라.",
      "cautions": [
        "순서를 지나치게 고정적으로 해석하지 말 것."
      ],
      "tags": [
        "사주",
        "순서",
        "흐름",
        "해석",
        "프로그램"
      ]
    },
    {
      "id": "RC-4a03861180",
      "topic": "TIMING",
      "priority": 8,
      "trigger": {
        "note": "시주에 식상이 있을 때"
      },
      "mechanism": "식상은 자유와 자기 표현을 나타냄.",
      "interpretation": "말년에는 자유롭게 살고자 하는 욕구가 강해질 수 있음.",
      "action": "말년의 자유를 존중하고 이를 위한 준비를 하라.",
      "cautions": [
        "자유를 추구하는 과정에서 관계를 소홀히 하지 말 것."
      ],
      "tags": [
        "시주",
        "식상",
        "자유",
        "말년",
        "욕구"
      ]
    },
    {
      "id": "RC-471b3b77e3",
      "topic": "TIMING",
      "priority": 7,
      "trigger": {
        "note": "시지에 비견이 있을 때"
      },
      "mechanism": "비견은 뒷심과 협력을 상징함.",
      "interpretation": "말년에 강한 추진력과 뒷심을 발휘할 가능성이 높음.",
      "action": "장기적인 목표를 설정하고 끝까지 추진하라.",
      "cautions": [
        "초반에 에너지를 과도하게 소모하지 말 것."
      ],
      "tags": [
        "시지",
        "비견",
        "뒷심",
        "추진력",
        "말년"
      ]
    },
    {
      "id": "RC-860189bb1a",
      "topic": "RELATION",
      "priority": 6,
      "trigger": {
        "note": "부모와 자식 간의 관계에서 사회적 전환 시기"
      },
      "mechanism": "중2병 시기는 사회적 관계 형성의 시작을 의미함.",
      "interpretation": "부모와 자식 간의 관계가 소유에서 사회적 관계로 전환됨.",
      "action": "자식을 독립적 개체로 인정하고 자유를 존중하라.",
      "cautions": [
        "과도한 통제는 갈등을 초래할 수 있음."
      ],
      "tags": [
        "부모",
        "자식",
        "사회성",
        "중2병",
        "독립"
      ]
    },
    {
      "id": "RC-4291fe9b54",
      "topic": "STRUCTURE",
      "priority": 8,
      "trigger": {
        "note": "청간과 지지의 상호작용을 분석할 때"
      },
      "mechanism": "청간은 드러난 에너지, 지지는 감춰진 에너지를 나타냄.",
      "interpretation": "청간과 지지의 상호작용은 사주의 성패와 만족도를 결정함.",
      "action": "청간과 지지를 분리하여 각각의 역할을 분석하라.",
      "cautions": [
        "청간과 지지를 단순히 좋고 나쁨으로 판단하지 말 것."
      ],
      "tags": [
        "청간",
        "지지",
        "상호작용",
        "성패",
        "만족"
      ]
    },
    {
      "id": "RC-698ac03d84",
      "topic": "STRUCTURE",
      "priority": 7,
      "trigger": {
        "note": "격국 중심의 사주 해석 시"
      },
      "mechanism": "격국은 월지를 중심으로 환경을 나타냄.",
      "interpretation": "사주의 환경적 요소를 통해 개인의 삶의 방향성을 이해할 수 있음.",
      "action": "월지를 중심으로 환경적 요인을 분석하라.",
      "cautions": [
        "환경적 요인만으로 개인의 모든 것을 판단하지 말 것."
      ],
      "tags": [
        "격국",
        "월지",
        "환경",
        "사주",
        "방향성"
      ]
    },
    {
      "id": "RC-45c2a37956",
      "topic": "STRUCTURE",
      "priority": 6,
      "trigger": {
        "note": "억부 중심의 사주 해석 시"
      },
      "mechanism": "억부는 개인의 강약과 균형을 나타냄.",
      "interpretation": "개인의 강점과 약점을 파악하여 삶의 균형을 맞출 수 있음.",
      "action": "억부를 통해 개인의 강약을 분석하고 조화로운 방향을 제시하라.",
      "cautions": [
        "강약을 지나치게 단순화하지 말 것."
      ],
      "tags": [
        "억부",
        "강약",
        "균형",
        "사주",
        "조화"
      ]
    },
    {
      "id": "RC-432e87a377",
      "topic": "GENERAL",
      "priority": 5,
      "trigger": {
        "note": "사주 해석에서 고서를 참고할 때"
      },
      "mechanism": "고서는 사주 해석의 다양한 관점을 제공함.",
      "interpretation": "고서를 통해 사주 해석의 기초와 논리를 배울 수 있음.",
      "action": "고서를 비판적으로 읽고 자신의 관점을 형성하라.",
      "cautions": [
        "고서의 내용을 맹신하지 말 것."
      ],
      "tags": [
        "고서",
        "사주",
        "해석",
        "기초",
        "논리"
      ]
    },
    {
      "id": "RC-6473c569e2",
      "topic": "GENERAL",
      "priority": 4,
      "trigger": {
        "note": "사주와 개인의 인연을 고려할 때"
      },
      "mechanism": "사주는 개인의 특성과 맞는 인연을 끌어당김.",
      "interpretation": "사주에 따라 만나는 사람들과의 관계가 형성됨.",
      "action": "자신의 사주를 이해하고 이에 맞는 관계를 형성하라.",
      "cautions": [
        "사주에 따른 인연을 지나치게 운명론적으로 해석하지 말 것."
      ],
      "tags": [
        "사주",
        "인연",
        "관계",
        "특성",
        "운명"
      ]
    }
  ],
  "notes": [
    "텍스트가 길고 복잡하여 일부 내용은 요약 및 단순화됨."
  ],
  "schema_version": "rulecards.v1",
  "module_code": "SajuOS_BASIC_001",
  "updated_at": "2025-12-23T20:27:25"
}