{
  "title": "SajuOS_Logic_TEN_002",
  "rulecards": [
    {
      "id": "RC-8699caa329",
      "topic": "TEN_GODS",
      "priority": 9,
      "trigger": {
        "ten_god": "식신",
        "relation": "편관"
      },
      "mechanism": "식신은 편관을 극하는 역할을 한다.",
      "interpretation": "식신이 편관을 극하면 문제를 해결하거나 고치는 데 사용된다.",
      "action": "식신을 활용해 문제 해결 능력을 강화하라.",
      "cautions": [
        "식신이 약하면 문제 해결이 어려울 수 있다."
      ],
      "tags": [
        "식신",
        "편관",
        "문제해결",
        "극",
        "십성"
      ]
    },
    {
      "id": "RC-d65db4ba4a",
      "topic": "TEN_GODS",
      "priority": 8,
      "trigger": {
        "ten_god": "식신",
        "relation": "살"
      },
      "mechanism": "식신은 살을 극하여 방어기제로 작용한다.",
      "interpretation": "살을 극하지 않으면 일관이 위협을 느낄 수 있다.",
      "action": "식신을 통해 살을 극하고 방어를 강화하라.",
      "cautions": [
        "살이 강하면 식신만으로는 극복이 어려울 수 있다."
      ],
      "tags": [
        "식신",
        "살",
        "방어기제",
        "극",
        "십성"
      ]
    },
    {
      "id": "RC-3f300a1584",
      "topic": "TEN_GODS",
      "priority": 7,
      "trigger": {
        "ten_god": "식신",
        "relation": "정관"
      },
      "mechanism": "식신은 정관을 극하지 않고 조화롭게 받아들인다.",
      "interpretation": "정관을 인정하고 수정하여 활용한다.",
      "action": "정관의 규율을 수용하고 자신의 방식으로 조정하라.",
      "cautions": [
        "정관을 과도하게 거부하면 갈등이 생길 수 있다."
      ],
      "tags": [
        "식신",
        "정관",
        "조화",
        "수정",
        "십성"
      ]
    },
    {
      "id": "RC-82a7115329",
      "topic": "TEN_GODS",
      "priority": 8,
      "trigger": {
        "ten_god": "식신",
        "relation": "인성"
      },
      "mechanism": "인성이 식신을 극하면 출력에 제약이 생긴다.",
      "interpretation": "인성의 개입으로 인해 식신의 발현이 제한될 수 있다.",
      "action": "인성의 영향을 최소화하고 식신의 출력을 강화하라.",
      "cautions": [
        "인성이 강하면 건강 문제로 이어질 수 있다."
      ],
      "tags": [
        "식신",
        "인성",
        "출력",
        "극",
        "십성"
      ]
    },
    {
      "id": "RC-e586a0ab06",
      "topic": "TEN_GODS",
      "priority": 9,
      "trigger": {
        "ten_god": "식신",
        "relation": "재"
      },
      "mechanism": "식신은 재를 생하여 현실적 성과를 만든다.",
      "interpretation": "식신이 재를 생하면 재물적 성과가 나타난다.",
      "action": "식신을 활용해 재물을 창출하라.",
      "cautions": [
        "재가 약하면 성과가 제한될 수 있다."
      ],
      "tags": [
        "식신",
        "재",
        "생",
        "성과",
        "십성"
      ]
    },
    {
      "id": "RC-b00798f924",
      "topic": "TEN_GODS",
      "priority": 7,
      "trigger": {
        "ten_god": "식신",
        "relation": "편인"
      },
      "mechanism": "편인이 식신을 극하면 상상력과 두려움이 증가한다.",
      "interpretation": "편인의 개입으로 인해 식신의 출력이 제한될 수 있다.",
      "action": "편인의 영향을 극복하고 식신의 출력을 유지하라.",
      "cautions": [
        "편인이 강하면 공황이나 불안으로 이어질 수 있다."
      ],
      "tags": [
        "식신",
        "편인",
        "극",
        "두려움",
        "십성"
      ]
    },
    {
      "id": "RC-bcc77d34d5",
      "topic": "TEN_GODS",
      "priority": 6,
      "trigger": {
        "ten_god": "식신",
        "relation": "정인"
      },
      "mechanism": "정인은 식신의 출력을 통제하며 구조화한다.",
      "interpretation": "정인의 개입으로 식신의 활동이 체계화된다.",
      "action": "정인의 통제를 활용해 식신의 출력을 공식화하라.",
      "cautions": [
        "정인의 통제가 과도하면 창의성이 제한될 수 있다."
      ],
      "tags": [
        "식신",
        "정인",
        "통제",
        "구조화",
        "십성"
      ]
    },
    {
      "id": "RC-0879e68a78",
      "topic": "TEN_GODS",
      "priority": 8,
      "trigger": {
        "ten_god": "식신",
        "relation": "살",
        "condition": "강한 살"
      },
      "mechanism": "강한 살은 식신의 방어기제를 자극한다.",
      "interpretation": "살이 강하면 식신이 방어적으로 작용한다.",
      "action": "살의 강도를 조절하고 식신의 방어력을 강화하라.",
      "cautions": [
        "살이 너무 강하면 식신이 무력화될 수 있다."
      ],
      "tags": [
        "식신",
        "살",
        "방어",
        "강도",
        "십성"
      ]
    },
    {
      "id": "RC-3327939d43",
      "topic": "TEN_GODS",
      "priority": 7,
      "trigger": {
        "ten_god": "식신",
        "relation": "재",
        "condition": "재생살"
      },
      "mechanism": "재생살은 식신의 재물 창출 능력을 방해한다.",
      "interpretation": "재생살로 인해 재물이 외부로 유출될 수 있다.",
      "action": "재생살의 영향을 줄이고 재물을 보호하라.",
      "cautions": [
        "재생살이 강하면 재정적 손실이 클 수 있다."
      ],
      "tags": [
        "식신",
        "재",
        "재생살",
        "유출",
        "십성"
      ]
    },
    {
      "id": "RC-375935073d",
      "topic": "TEN_GODS",
      "priority": 6,
      "trigger": {
        "ten_god": "식신",
        "relation": "편관",
        "condition": "월지 중심"
      },
      "mechanism": "월지 중심의 편관은 식신의 긴장감을 높인다.",
      "interpretation": "편관이 월지에 있으면 식신이 방어적으로 작용한다.",
      "action": "월지의 편관을 활용해 식신의 긴장감을 조절하라.",
      "cautions": [
        "긴장감이 과도하면 스트레스로 이어질 수 있다."
      ],
      "tags": [
        "식신",
        "편관",
        "월지",
        "긴장감",
        "십성"
      ]
    },
    {
      "id": "RC-8abee1c849",
      "topic": "TEN_GODS",
      "priority": 9,
      "trigger": {
        "ten_god": "편인"
      },
      "mechanism": "편인은 반복적인 연구와 기술적 숙련을 통해 발전한다.",
      "interpretation": "편인은 기술적, 연구적 성향을 가지며, 끊임없는 개선과 발전을 추구한다.",
      "action": "기술적 숙련과 연구를 지속적으로 반복하며 전문성을 키워라.",
      "cautions": [
        "지나친 완벽주의를 경계하라.",
        "실패를 두려워하지 말고 지속적으로 시도하라."
      ],
      "tags": [
        "편인",
        "기술",
        "연구",
        "발전",
        "숙련"
      ]
    },
    {
      "id": "RC-7876fffffe",
      "topic": "TEN_GODS",
      "priority": 8,
      "trigger": {
        "ten_god": "비견",
        "relation": "식신"
      },
      "mechanism": "비견과 식신이 함께 있으면 협력과 공동 작업이 자연스럽게 이루어진다.",
      "interpretation": "비견은 식신과 함께 있을 때 유사한 성향의 사람들과 협력하며 일을 진행한다.",
      "action": "비슷한 성향의 사람들과 협력하여 공동의 목표를 추구하라.",
      "cautions": [
        "협력 과정에서 갈등을 최소화하라.",
        "자신의 역할과 책임을 명확히 하라."
      ],
      "tags": [
        "비견",
        "식신",
        "협력",
        "공동 작업",
        "유사성"
      ]
    },
    {
      "id": "RC-a87939c9f2",
      "topic": "TEN_GODS",
      "priority": 7,
      "trigger": {
        "ten_god": "겁재",
        "relation": "식신"
      },
      "mechanism": "겁재는 식신을 통해 상관으로 작용하며, 이질적인 인연을 끌어들인다.",
      "interpretation": "겁재는 다양한 배경의 사람들과 연결되며, 식신을 통해 새로운 기회를 창출한다.",
      "action": "다양한 사람들과의 관계를 활용하여 새로운 기회를 모색하라.",
      "cautions": [
        "겁재로 인해 발생할 수 있는 갈등을 주의하라.",
        "자신의 자원을 과도하게 소모하지 않도록 관리하라."
      ],
      "tags": [
        "겁재",
        "식신",
        "상관",
        "이질성",
        "기회"
      ]
    },
    {
      "id": "RC-cd64fd755d",
      "topic": "TEN_GODS",
      "priority": 8,
      "trigger": {
        "ten_god": "식신",
        "relation": "재"
      },
      "mechanism": "식신이 재를 생하면 재물의 흐름이 원활해진다.",
      "interpretation": "식신은 재를 통해 물질적 풍요를 창출할 수 있다.",
      "action": "식신의 에너지를 활용하여 재물을 효율적으로 관리하라.",
      "cautions": [
        "재물 분배에서 갈등을 주의하라.",
        "과도한 욕심을 경계하라."
      ],
      "tags": [
        "식신",
        "재",
        "재물",
        "풍요",
        "관리"
      ]
    },
    {
      "id": "RC-4f5bf45223",
      "topic": "TEN_GODS",
      "priority": 6,
      "trigger": {
        "ten_god": "겁재",
        "relation": "편재"
      },
      "mechanism": "겁재는 편재를 통해 물질적 자원을 가볍게 다룬다.",
      "interpretation": "겁재는 편재를 통해 대규모 자원을 운용할 수 있다.",
      "action": "편재를 활용하여 대규모 프로젝트를 기획하고 실행하라.",
      "cautions": [
        "자원의 낭비를 주의하라.",
        "책임감을 가지고 자원을 관리하라."
      ],
      "tags": [
        "겁재",
        "편재",
        "자원",
        "운용",
        "프로젝트"
      ]
    },
    {
      "id": "RC-a0d5c7b302",
      "topic": "TEN_GODS",
      "priority": 7,
      "trigger": {
        "ten_god": "식신",
        "relation": "편관"
      },
      "mechanism": "식신은 편관을 통해 위기를 극복하고 단단해진다.",
      "interpretation": "식신은 편관과의 상호작용을 통해 성장과 발전을 이룬다.",
      "action": "편관의 도전을 기회로 삼아 자신을 단련하라.",
      "cautions": [
        "편관의 압박에 좌절하지 말라.",
        "장기적인 관점에서 성장의 기회로 활용하라."
      ],
      "tags": [
        "식신",
        "편관",
        "위기",
        "성장",
        "발전"
      ]
    },
    {
      "id": "RC-eec0ab23ad",
      "topic": "TEN_GODS",
      "priority": 8,
      "trigger": {
        "ten_god": "식신",
        "relation": "인성"
      },
      "mechanism": "인성이 식신을 극하면 식신의 자유로운 에너지가 제한된다.",
      "interpretation": "인성의 개입은 식신의 창의성과 자유를 억제할 수 있다.",
      "action": "인성의 영향을 최소화하고 식신의 에너지를 보호하라.",
      "cautions": [
        "인성의 과도한 개입을 경계하라.",
        "자신의 창의성을 유지하기 위한 환경을 조성하라."
      ],
      "tags": [
        "식신",
        "인성",
        "제한",
        "창의성",
        "자유"
      ]
    },
    {
      "id": "RC-f9a1f77ea9",
      "topic": "TEN_GODS",
      "priority": 9,
      "trigger": {
        "ten_god": "비견",
        "relation": "가족"
      },
      "mechanism": "비견은 가족 단위의 협력과 공동체적 성향을 강화한다.",
      "interpretation": "비견은 가족과의 협력을 통해 안정적인 기반을 마련한다.",
      "action": "가족과의 협력을 통해 공동의 목표를 달성하라.",
      "cautions": [
        "가족 간의 갈등을 주의하라.",
        "역할 분담을 명확히 하라."
      ],
      "tags": [
        "비견",
        "가족",
        "협력",
        "공동체",
        "안정"
      ]
    },
    {
      "id": "RC-974ff2cfec",
      "topic": "TEN_GODS",
      "priority": 7,
      "trigger": {
        "ten_god": "겁재",
        "relation": "정관"
      },
      "mechanism": "겁재는 정관을 통해 제도적 안정성을 확보한다.",
      "interpretation": "겁재는 정관과의 상호작용을 통해 법적, 제도적 보호를 받는다.",
      "action": "정관의 도움을 받아 안정적인 기반을 구축하라.",
      "cautions": [
        "정관의 규제에 지나치게 의존하지 말라.",
        "자율성을 유지하라."
      ],
      "tags": [
        "겁재",
        "정관",
        "안정성",
        "법적 보호",
        "제도"
      ]
    },
    {
      "id": "RC-23643545c0",
      "topic": "TEN_GODS",
      "priority": 6,
      "trigger": {
        "ten_god": "식신",
        "relation": "자유"
      },
      "mechanism": "식신은 재관의 얽매임이 없을 때 자유롭게 작용한다.",
      "interpretation": "식신은 재관의 영향이 없을 때 창의적이고 자유로운 성향을 보인다.",
      "action": "재관의 영향을 최소화하고 자유로운 환경을 조성하라.",
      "cautions": [
        "재관의 얽매임을 주의하라.",
        "자유를 지나치게 추구하지 말라."
      ],
      "tags": [
        "식신",
        "자유",
        "창의성",
        "재관",
        "환경"
      ]
    }
  ],
  "notes": [],
  "schema_version": "rulecards.v1",
  "module_code": "SajuOS_TEN_002",
  "updated_at": "2025-12-23T20:27:25"
}