{
  "title": "SajuOS_Logic_TEN_015",
  "rulecards": [
    {
      "id": "RC-8e97adbc94",
      "topic": "TEN_GODS",
      "priority": 9,
      "trigger": {
        "ten_god": "편인"
      },
      "mechanism": "편인은 일간을 생하지만, 그 작용이 일간의 의지와 무관하게 이루어짐.",
      "interpretation": "편인은 독립적이고 자율적인 사고를 강조하며, 특정 부분에 깊이 몰입하는 경향이 있음.",
      "action": "자신의 흥미와 몰입을 활용해 전문성을 키우는 방향으로 노력할 것.",
      "cautions": [
        "과도한 집착으로 인해 균형을 잃을 수 있음.",
        "확증 편향에 빠지지 않도록 주의."
      ],
      "tags": [
        "편인",
        "몰입",
        "전문성",
        "집중",
        "확증편향"
      ]
    },
    {
      "id": "RC-b53f02f099",
      "topic": "TEN_GODS",
      "priority": 8,
      "trigger": {
        "ten_god": "편인",
        "mental_state": "불안정"
      },
      "mechanism": "편인은 생각이 많아지고, 이를 통제하기 어려운 경우가 많음.",
      "interpretation": "편인은 상상력과 사고의 폭이 넓지만, 과도한 사고로 인해 불안정해질 수 있음.",
      "action": "명상이나 휴식을 통해 사고를 정리하고 균형을 유지할 것.",
      "cautions": [
        "과도한 상상력으로 현실과 괴리될 수 있음.",
        "불필요한 걱정과 확대 해석 주의."
      ],
      "tags": [
        "편인",
        "상상력",
        "불안정",
        "명상",
        "균형"
      ]
    },
    {
      "id": "RC-92a0d3ba56",
      "topic": "TEN_GODS",
      "priority": 7,
      "trigger": {
        "ten_god": "편인",
        "focus": "부분적 수용"
      },
      "mechanism": "편인은 전체보다는 특정 부분에 집중하며, 중요하지 않은 것을 배제함.",
      "interpretation": "편인은 선택과 집중을 통해 특정 분야에서 뛰어난 전문성을 발휘함.",
      "action": "자신의 강점과 흥미를 파악해 특화된 분야를 개발할 것.",
      "cautions": [
        "전체적인 균형을 잃지 않도록 주의.",
        "배제된 부분이 중요한 경우를 고려."
      ],
      "tags": [
        "편인",
        "부분수용",
        "선택과집중",
        "전문성",
        "특화"
      ]
    },
    {
      "id": "RC-922ebce018",
      "topic": "TEN_GODS",
      "priority": 8,
      "trigger": {
        "ten_god": "편인",
        "relationship": "연애"
      },
      "mechanism": "편인은 상대방에 대한 깊은 이해와 집착을 통해 관계를 형성함.",
      "interpretation": "편인의 연애는 상대방에 대한 강한 집착과 깊은 이해를 동반함.",
      "action": "상대방과의 균형 있는 관계를 유지하며, 지나친 집착을 피할 것.",
      "cautions": [
        "집착으로 인해 관계가 파괴될 수 있음.",
        "상대방의 자유를 존중할 것."
      ],
      "tags": [
        "편인",
        "연애",
        "집착",
        "이해",
        "균형"
      ]
    },
    {
      "id": "RC-d875f8febc",
      "topic": "TEN_GODS",
      "priority": 7,
      "trigger": {
        "ten_god": "편인",
        "education": "특화"
      },
      "mechanism": "편인은 특정 분야에 몰입하여 천재성을 발휘함.",
      "interpretation": "편인은 일반화된 교육보다는 특화된 교육에서 더 큰 성과를 냄.",
      "action": "자신의 재능과 흥미를 발견하고, 이를 특화된 방향으로 발전시킬 것.",
      "cautions": [
        "일반화된 교육 환경에서 어려움을 겪을 수 있음.",
        "특화 과정에서 균형을 잃지 않도록 주의."
      ],
      "tags": [
        "편인",
        "교육",
        "특화",
        "천재성",
        "몰입"
      ]
    },
    {
      "id": "RC-26dd7866a9",
      "topic": "TEN_GODS",
      "priority": 6,
      "trigger": {
        "ten_god": "편인",
        "social_interaction": "의심"
      },
      "mechanism": "편인은 새로운 정보를 받아들이기 전에 의심하고 경계함.",
      "interpretation": "편인은 신뢰를 얻기 전까지는 방어적 태도를 취함.",
      "action": "상대방의 신뢰를 얻기 위해 진정성과 일관성을 보여줄 것.",
      "cautions": [
        "과도한 의심으로 인해 관계 형성이 어려울 수 있음.",
        "신뢰를 얻은 후에는 맹신으로 변할 가능성 있음."
      ],
      "tags": [
        "편인",
        "의심",
        "신뢰",
        "방어적",
        "맹신"
      ]
    },
    {
      "id": "RC-a42cfdc6e1",
      "topic": "TEN_GODS",
      "priority": 7,
      "trigger": {
        "ten_god": "편인",
        "mental_state": "집중"
      },
      "mechanism": "편인은 특정 주제에 몰입하여 깊이 있는 지식을 쌓음.",
      "interpretation": "편인은 특정 분야에서 독보적인 전문성을 발휘할 수 있음.",
      "action": "자신의 몰입력을 긍정적으로 활용해 전문성을 키울 것.",
      "cautions": [
        "다른 중요한 요소를 간과하지 않도록 주의.",
        "균형 있는 사고를 유지할 것."
      ],
      "tags": [
        "편인",
        "몰입",
        "전문성",
        "집중",
        "균형"
      ]
    },
    {
      "id": "RC-f4f80bf1ec",
      "topic": "TEN_GODS",
      "priority": 6,
      "trigger": {
        "ten_god": "편인",
        "decision_making": "확증 편향"
      },
      "mechanism": "편인은 자신의 관점을 강화하는 정보만 받아들이는 경향이 있음.",
      "interpretation": "편인은 자신의 세계관에 갇혀 객관성을 잃을 수 있음.",
      "action": "다양한 관점을 수용하며, 객관적인 판단을 내리도록 노력할 것.",
      "cautions": [
        "확증 편향으로 인해 잘못된 결정을 내릴 수 있음.",
        "다양한 의견을 경청할 것."
      ],
      "tags": [
        "편인",
        "확증편향",
        "객관성",
        "판단",
        "세계관"
      ]
    },
    {
      "id": "RC-28b7138b59",
      "topic": "TEN_GODS",
      "priority": 8,
      "trigger": {
        "ten_god": "편인",
        "creativity": "상상력"
      },
      "mechanism": "편인은 풍부한 상상력을 통해 독창적인 아이디어를 생성함.",
      "interpretation": "편인은 창의적 사고와 독특한 관점을 통해 새로운 가능성을 탐구함.",
      "action": "상상력을 활용해 창의적인 프로젝트를 기획하고 실행할 것.",
      "cautions": [
        "현실과의 괴리를 방지할 것.",
        "실현 가능한 아이디어에 집중할 것."
      ],
      "tags": [
        "편인",
        "상상력",
        "창의성",
        "독창성",
        "아이디어"
      ]
    },
    {
      "id": "RC-c403364f5c",
      "topic": "TEN_GODS",
      "priority": 7,
      "trigger": {
        "ten_god": "편인",
        "emotional_state": "애정 결핍"
      },
      "mechanism": "편인은 자신이 원하는 방식으로 사랑받지 못했다고 느끼는 경향이 있음.",
      "interpretation": "편인은 애정 결핍으로 인해 자기 비하적 사고를 할 수 있음.",
      "action": "자신의 감정을 이해하고, 긍정적인 자기 이미지를 형성할 것.",
      "cautions": [
        "애정 결핍으로 인해 관계에서 불안정성을 겪을 수 있음.",
        "자기 비하를 극복할 것."
      ],
      "tags": [
        "편인",
        "애정결핍",
        "자기비하",
        "감정",
        "관계"
      ]
    },
    {
      "id": "RC-fd592f2310",
      "topic": "TEN_GODS",
      "priority": 9,
      "trigger": {
        "ten_god": "편인",
        "action": "생하지 않음"
      },
      "mechanism": "편인이 일간을 생하지 않으면 비겁을 생각하거나 식신을 극하게 됨.",
      "interpretation": "일간을 생하지 않는 편인은 자신의 역할을 제대로 수행하지 못함.",
      "action": "편인이 일간을 생하는 구조인지 확인하고 조정 필요.",
      "cautions": [
        "편인이 일간을 생하지 않으면 도식 상황 발생 가능."
      ],
      "tags": [
        "편인",
        "일간",
        "생",
        "도식",
        "비겁"
      ]
    },
    {
      "id": "RC-780b0c6fa7",
      "topic": "TEN_GODS",
      "priority": 8,
      "trigger": {
        "ten_god": "편인",
        "placement": "월"
      },
      "mechanism": "월에 있는 편인은 학습과 전문성에 영향을 미침.",
      "interpretation": "월의 편인은 특정 분야에 몰입하여 직업적 성과를 낼 가능성이 높음.",
      "action": "월의 편인을 활용해 전문성을 개발하고 직업으로 연결.",
      "cautions": [
        "월의 편인은 지나친 몰입으로 균형을 잃을 수 있음."
      ],
      "tags": [
        "편인",
        "월",
        "전문성",
        "직업",
        "몰입"
      ]
    },
    {
      "id": "RC-b9037ac1bd",
      "topic": "TEN_GODS",
      "priority": 7,
      "trigger": {
        "ten_god": "편인",
        "interaction": "식신"
      },
      "mechanism": "편인이 식신을 보면 도식이 발생할 가능성이 있음.",
      "interpretation": "편인이 식신을 극하면 출력이 막히고 발전이 저해됨.",
      "action": "편인과 식신의 관계를 조정하여 도식을 방지.",
      "cautions": [
        "도식은 식신의 역할을 제한할 수 있음."
      ],
      "tags": [
        "편인",
        "식신",
        "도식",
        "출력",
        "관계"
      ]
    },
    {
      "id": "RC-43deb9ba63",
      "topic": "TEN_GODS",
      "priority": 8,
      "trigger": {
        "ten_god": "편인",
        "focus": "상상력"
      },
      "mechanism": "편인은 상상력과 비현실적 사고를 기반으로 작용.",
      "interpretation": "편인은 창의적이고 독창적인 아이디어를 생성.",
      "action": "편인의 상상력을 현실로 연결할 방법을 모색.",
      "cautions": [
        "비현실적 사고가 과도하면 실현 가능성이 낮아질 수 있음."
      ],
      "tags": [
        "편인",
        "상상력",
        "창의성",
        "비현실",
        "아이디어"
      ]
    },
    {
      "id": "RC-afd2a6e196",
      "topic": "TEN_GODS",
      "priority": 7,
      "trigger": {
        "ten_god": "편인",
        "interaction": "상관"
      },
      "mechanism": "편인이 상관과 연결되면 합리적이고 설득력 있는 표현 가능.",
      "interpretation": "편인과 상관의 조합은 교육 및 설득에 강점.",
      "action": "상관과의 조화를 통해 교육적 또는 창의적 활동을 강화.",
      "cautions": [
        "상관이 과도하면 편인의 본질이 왜곡될 수 있음."
      ],
      "tags": [
        "편인",
        "상관",
        "교육",
        "설득",
        "조화"
      ]
    },
    {
      "id": "RC-593df20dd8",
      "topic": "TEN_GODS",
      "priority": 6,
      "trigger": {
        "ten_god": "편인",
        "focus": "마음의 안정"
      },
      "mechanism": "편인은 마음의 안정을 위해 물질적 요소를 포기할 수 있음.",
      "interpretation": "편인은 내면의 평화를 중시하며 외부 환경에 덜 의존.",
      "action": "편인의 내면적 안정감을 유지할 수 있는 환경 조성.",
      "cautions": [
        "과도한 포기는 현실적 문제를 초래할 수 있음."
      ],
      "tags": [
        "편인",
        "마음",
        "안정",
        "포기",
        "내면"
      ]
    },
    {
      "id": "RC-77e72ab37e",
      "topic": "TEN_GODS",
      "priority": 7,
      "trigger": {
        "ten_god": "편인",
        "focus": "교육"
      },
      "mechanism": "편인은 독창적이고 개별화된 교육 방식을 선호.",
      "interpretation": "편인은 자신만의 방식으로 지식을 전달하는 데 능숙.",
      "action": "편인의 독창성을 살려 교육 콘텐츠를 개발.",
      "cautions": [
        "편인의 방식이 대중적이지 않을 수 있음."
      ],
      "tags": [
        "편인",
        "교육",
        "독창성",
        "지식",
        "전달"
      ]
    },
    {
      "id": "RC-e5913249ba",
      "topic": "TEN_GODS",
      "priority": 6,
      "trigger": {
        "ten_god": "편인",
        "focus": "정보 분석"
      },
      "mechanism": "편인은 작은 단서를 확대하여 정보를 분석.",
      "interpretation": "편인은 세밀한 관찰과 분석 능력을 가짐.",
      "action": "편인의 분석력을 활용해 문제 해결에 기여.",
      "cautions": [
        "과도한 분석은 불필요한 걱정을 초래할 수 있음."
      ],
      "tags": [
        "편인",
        "정보",
        "분석",
        "관찰",
        "문제 해결"
      ]
    },
    {
      "id": "RC-957902dfa8",
      "topic": "TEN_GODS",
      "priority": 8,
      "trigger": {
        "ten_god": "편인",
        "interaction": "비겁"
      },
      "mechanism": "편인이 비겁과 연결되면 희생과 공감 능력이 강화됨.",
      "interpretation": "편인은 비겁을 통해 자신의 가치를 전달하고 확장.",
      "action": "비겁과의 조화를 통해 협력적 관계를 구축.",
      "cautions": [
        "비겁이 과도하면 편인의 희생이 지나칠 수 있음."
      ],
      "tags": [
        "편인",
        "비겁",
        "희생",
        "공감",
        "협력"
      ]
    },
    {
      "id": "RC-59ed99e472",
      "topic": "TEN_GODS",
      "priority": 7,
      "trigger": {
        "ten_god": "편인",
        "focus": "직업"
      },
      "mechanism": "편인은 특화된 기술과 예술적 감각을 직업으로 연결.",
      "interpretation": "편인은 독창적이고 전문적인 직업군에 적합.",
      "action": "편인의 강점을 살려 특화된 직업을 선택.",
      "cautions": [
        "편인의 직업 선택이 지나치게 좁아질 수 있음."
      ],
      "tags": [
        "편인",
        "직업",
        "기술",
        "예술",
        "전문성"
      ]
    }
  ],
  "notes": [],
  "schema_version": "rulecards.v1",
  "module_code": "SajuOS_TEN_015",
  "updated_at": "2025-12-23T20:27:26"
}