{
  "title": "SajuOS_Logic_ELEM_005",
  "rulecards": [
    {
      "id": "RC-1616615344",
      "topic": "ELEMENTS",
      "priority": 9,
      "trigger": {
        "element": "금",
        "quantity": "많음",
        "state": "혼잡"
      },
      "mechanism": "금이 많고 혼잡하면 에너지가 분리되어 작용이 불안정해짐.",
      "interpretation": "금이 많고 혼잡한 사주는 안정적이지 않고 혼란스러운 상태를 나타냄.",
      "action": "금의 에너지를 정리하고 균형을 맞추는 방법을 모색해야 함.",
      "cautions": [
        "금이 많아도 통근과 투출이 명확하면 혼잡하지 않음."
      ],
      "tags": [
        "금",
        "혼잡",
        "에너지",
        "균형",
        "사주"
      ]
    },
    {
      "id": "RC-4e65698939",
      "topic": "ELEMENTS",
      "priority": 8,
      "trigger": {
        "element": "금",
        "interaction": "금생수"
      },
      "mechanism": "금생수는 금의 에너지가 수로 전환되어 저장과 치유의 역할을 함.",
      "interpretation": "금생수가 잘 이루어진 사주는 지속 가능성과 치유 능력이 강함.",
      "action": "금생수를 통해 에너지를 효율적으로 활용하도록 유도.",
      "cautions": [
        "금생수가 과도하면 수가 탁해질 수 있음."
      ],
      "tags": [
        "금생수",
        "치유",
        "저장",
        "에너지",
        "사주"
      ]
    },
    {
      "id": "RC-74e4ea342b",
      "topic": "ELEMENTS",
      "priority": 7,
      "trigger": {
        "element": "수",
        "state": "탁함"
      },
      "mechanism": "수가 탁하면 자정 능력이 약화되고 활용도가 떨어짐.",
      "interpretation": "탁한 수는 치유와 정화의 능력이 제한됨.",
      "action": "수를 맑게 유지하기 위한 환경과 조건을 조성.",
      "cautions": [
        "탁한 수는 주변에 부정적 영향을 미칠 수 있음."
      ],
      "tags": [
        "수",
        "탁함",
        "자정",
        "치유",
        "환경"
      ]
    },
    {
      "id": "RC-c336a12059",
      "topic": "ELEMENTS",
      "priority": 8,
      "trigger": {
        "element": "수",
        "interaction": "수색목"
      },
      "mechanism": "수색목은 수가 목으로 흐르며 에너지를 전달하고 순환을 돕는 역할을 함.",
      "interpretation": "수색목이 잘 이루어진 사주는 에너지 순환이 원활하고 건강한 상태를 유지.",
      "action": "목의 역할을 강화하여 수의 흐름을 원활히 유지.",
      "cautions": [
        "목이 약하거나 없으면 수가 고여 탁해질 수 있음."
      ],
      "tags": [
        "수색목",
        "순환",
        "에너지",
        "건강",
        "사주"
      ]
    },
    {
      "id": "RC-e6f7d064bd",
      "topic": "ELEMENTS",
      "priority": 6,
      "trigger": {
        "element": "수",
        "quantity": "많음",
        "state": "흐름 없음"
      },
      "mechanism": "수가 많지만 흐르지 못하면 고여서 탁해지고 변질됨.",
      "interpretation": "수가 고여 있으면 인생의 방향성이 불안정하고 정체됨.",
      "action": "목을 통해 수의 흐름을 유도하고 방향성을 설정.",
      "cautions": [
        "수가 고여 있으면 주변에 부정적 영향을 미칠 가능성이 큼."
      ],
      "tags": [
        "수",
        "고임",
        "변질",
        "방향성",
        "사주"
      ]
    },
    {
      "id": "RC-3e031a167c",
      "topic": "ELEMENTS",
      "priority": 7,
      "trigger": {
        "element": "수",
        "interaction": "수다금침"
      },
      "mechanism": "수가 과도하면 금의 작용이 묻혀 판단력과 분별력이 약화됨.",
      "interpretation": "수다금침은 금의 역할이 제한되어 사주에서 균형이 깨짐.",
      "action": "금의 역할을 회복시키기 위한 조치를 취함.",
      "cautions": [
        "금의 작용이 약화되면 사주 전체의 균형이 무너질 수 있음."
      ],
      "tags": [
        "수다금침",
        "금",
        "수",
        "균형",
        "사주"
      ]
    },
    {
      "id": "RC-eafd54457f",
      "topic": "ELEMENTS",
      "priority": 6,
      "trigger": {
        "element": "수",
        "interaction": "수다목부족"
      },
      "mechanism": "수가 많고 목이 부족하면 수가 흐르지 못하고 고임.",
      "interpretation": "목이 부족한 사주는 수의 에너지가 정체되어 발전이 어려움.",
      "action": "목의 역할을 보완하여 수의 흐름을 원활히 함.",
      "cautions": [
        "목이 부족하면 수의 에너지가 정체되어 부정적 영향을 미침."
      ],
      "tags": [
        "수",
        "목",
        "흐름",
        "정체",
        "사주"
      ]
    },
    {
      "id": "RC-4ffa9d5f0e",
      "topic": "ELEMENTS",
      "priority": 5,
      "trigger": {
        "element": "수",
        "interaction": "수다화부족"
      },
      "mechanism": "수가 많고 화가 부족하면 수의 에너지가 발산되지 못함.",
      "interpretation": "화가 부족한 사주는 수의 에너지가 내면에만 머물러 외부로 발산되지 않음.",
      "action": "화의 역할을 보완하여 수의 에너지를 외부로 발산.",
      "cautions": [
        "화가 부족하면 수의 에너지가 내면에만 머물러 정체될 수 있음."
      ],
      "tags": [
        "수",
        "화",
        "발산",
        "정체",
        "사주"
      ]
    },
    {
      "id": "RC-7bf3ce37f0",
      "topic": "ELEMENTS",
      "priority": 7,
      "trigger": {
        "element": "수",
        "interaction": "수다토부족"
      },
      "mechanism": "수가 많고 토가 부족하면 수의 에너지가 통제되지 못함.",
      "interpretation": "토가 부족한 사주는 수의 에너지가 과도하게 확산됨.",
      "action": "토의 역할을 보완하여 수의 에너지를 통제.",
      "cautions": [
        "토가 부족하면 수의 에너지가 과도하게 확산되어 주변에 영향을 미침."
      ],
      "tags": [
        "수",
        "토",
        "통제",
        "확산",
        "사주"
      ]
    },
    {
      "id": "RC-d340e73b2f",
      "topic": "ELEMENTS",
      "priority": 6,
      "trigger": {
        "element": "수",
        "interaction": "수다목과잉"
      },
      "mechanism": "수가 많고 목이 과잉되면 목이 수를 흡수하지 못하고 손상됨.",
      "interpretation": "목과잉은 수의 에너지가 목에 의해 제대로 활용되지 못함을 의미.",
      "action": "목과 수의 균형을 맞추는 방법을 모색.",
      "cautions": [
        "목이 과잉되면 수의 에너지가 손상될 수 있음."
      ],
      "tags": [
        "수",
        "목",
        "균형",
        "손상",
        "사주"
      ]
    },
    {
      "id": "RC-e8ad98a7cb",
      "topic": "ELEMENTS",
      "priority": 9,
      "trigger": {
        "earth": "무토",
        "water": "high"
      },
      "mechanism": "무토는 수의 영향을 강하게 받아 균형을 잃기 쉽다.",
      "interpretation": "무토가 강한데 수가 많으면 노력해도 일이 잘 풀리지 않는 경우가 많다.",
      "action": "무토가 강한 사주는 수를 적절히 통제하거나 조화를 이루는 방법을 찾아야 한다.",
      "cautions": [
        "수가 지나치게 많으면 무토의 역할이 약화될 수 있음"
      ],
      "tags": [
        "무토",
        "수",
        "조화",
        "균형",
        "노력"
      ]
    },
    {
      "id": "RC-83e0b32594",
      "topic": "ELEMENTS",
      "priority": 8,
      "trigger": {
        "earth": "기토"
      },
      "mechanism": "기토는 본래 수에 쓸려 내려가는 성질이 있다.",
      "interpretation": "기토는 주변 환경에 따라 유연하게 적응하며 안정적인 역할을 한다.",
      "action": "기토가 많은 사주는 주변의 강한 사람들과 협력하며 안정적인 삶을 추구해야 한다.",
      "cautions": [],
      "tags": [
        "기토",
        "적응",
        "안정",
        "협력",
        "유연성"
      ]
    },
    {
      "id": "RC-4f28d86d86",
      "topic": "STRUCTURE",
      "priority": 10,
      "trigger": {
        "note": "용신을 찾을 때 월지를 중심으로 분석"
      },
      "mechanism": "월지는 사주에서 가장 강하고 뚜렷한 에너지를 나타낸다.",
      "interpretation": "용신은 월지에서 찾는 것이 가장 효과적이며, 직업화 가능한 에너지를 의미한다.",
      "action": "월지를 중심으로 용신을 찾아 직업적 방향성을 설정하라.",
      "cautions": [
        "사주에 없는 것을 용신으로 삼지 말 것"
      ],
      "tags": [
        "용신",
        "월지",
        "직업",
        "강한 에너지",
        "사주 분석"
      ]
    },
    {
      "id": "RC-6bfa77a2b4",
      "topic": "ELEMENTS",
      "priority": 7,
      "trigger": {
        "wood": "high"
      },
      "mechanism": "목이 많으면 화를 통해 에너지를 순환시켜야 한다.",
      "interpretation": "목이 많을 때 화를 활용하면 에너지가 조화롭게 순환된다.",
      "action": "목이 많은 사주는 병화를 활용하여 에너지를 조화롭게 설계하라.",
      "cautions": [
        "정화는 병화만큼 효과적이지 않을 수 있음"
      ],
      "tags": [
        "목",
        "화",
        "병화",
        "에너지 순환",
        "조화"
      ]
    },
    {
      "id": "RC-0559bad775",
      "topic": "STRUCTURE",
      "priority": 8,
      "trigger": {
        "note": "오행이 골고루 있는 사주"
      },
      "mechanism": "오행이 골고루 있으면 특정 에너지가 뚜렷하지 않을 수 있다.",
      "interpretation": "오행이 골고루 있는 사주는 뚜렷한 강점이 없을 가능성이 있다.",
      "action": "한두 가지 빠진 에너지를 활용하여 뚜렷한 강점을 만들어라.",
      "cautions": [
        "모든 오행이 골고루 있다고 해서 반드시 좋은 것은 아님"
      ],
      "tags": [
        "오행",
        "균형",
        "강점",
        "특징",
        "사주 분석"
      ]
    },
    {
      "id": "RC-a0505a918c",
      "topic": "RELATION",
      "priority": 7,
      "trigger": {
        "note": "강한 에너지가 사주에 뚜렷하게 드러남"
      },
      "mechanism": "강한 에너지는 큰 영향력을 미치며 조화가 필요하다.",
      "interpretation": "강한 에너지는 생설을 통해 유기적으로 활용해야 한다.",
      "action": "강한 에너지를 억제하지 말고 조화롭게 활용할 방법을 찾아라.",
      "cautions": [
        "강한 에너지를 억제하려 하면 사고가 발생할 수 있음"
      ],
      "tags": [
        "강한 에너지",
        "생설",
        "조화",
        "사고",
        "영향력"
      ]
    },
    {
      "id": "RC-9535705e0b",
      "topic": "ELEMENTS",
      "priority": 6,
      "trigger": {
        "earth": "진토"
      },
      "mechanism": "진토는 서서히 설계하며 안정적인 에너지를 제공한다.",
      "interpretation": "진토는 부드럽고 안정적인 설계를 가능하게 한다.",
      "action": "진토를 활용하여 서서히 안정적인 계획을 세워라.",
      "cautions": [
        "축토는 빠르게 진행되어 사고의 위험이 있음"
      ],
      "tags": [
        "진토",
        "설계",
        "안정",
        "계획",
        "조화"
      ]
    },
    {
      "id": "RC-856f707771",
      "topic": "RELATION",
      "priority": 7,
      "trigger": {
        "note": "금이 강하고 수가 약한 경우"
      },
      "mechanism": "금이 강하면 수를 통해 에너지를 순환시켜야 한다.",
      "interpretation": "금이 강한 사주는 임수를 통해 에너지를 조화롭게 순환시킬 수 있다.",
      "action": "금이 강한 경우 임수를 활용하여 에너지를 순환시켜라.",
      "cautions": [
        "개수는 금을 활용하려는 경향이 있어 조심해야 함"
      ],
      "tags": [
        "금",
        "수",
        "임수",
        "에너지 순환",
        "조화"
      ]
    },
    {
      "id": "RC-840398748e",
      "topic": "STRUCTURE",
      "priority": 9,
      "trigger": {
        "note": "사주에 강한 에너지가 존재"
      },
      "mechanism": "강한 에너지는 직업화할 수 있는 방향으로 활용해야 한다.",
      "interpretation": "강한 에너지는 직업적 성공과 연결될 가능성이 크다.",
      "action": "강한 에너지를 직업화하여 사회적 성공을 도모하라.",
      "cautions": [
        "강한 에너지를 잘못 활용하면 사고로 이어질 수 있음"
      ],
      "tags": [
        "강한 에너지",
        "직업",
        "성공",
        "사고",
        "사회적 역할"
      ]
    },
    {
      "id": "RC-2a62de8522",
      "topic": "RELATION",
      "priority": 6,
      "trigger": {
        "note": "살인상생 구조가 사주에 존재"
      },
      "mechanism": "살인상생은 수용적 태도를 강화하며 조화를 이룬다.",
      "interpretation": "살인상생 구조는 시키는 대로 잘 수행하는 성향을 나타낸다.",
      "action": "살인상생 구조를 활용하여 조직 내에서 조화를 이루어라.",
      "cautions": [
        "살인상생이 강하면 자율성이 부족할 수 있음"
      ],
      "tags": [
        "살인상생",
        "조화",
        "수용",
        "조직",
        "성향"
      ]
    }
  ],
  "notes": [],
  "schema_version": "rulecards.v1",
  "module_code": "SajuOS_ELEM_005",
  "updated_at": "2025-12-23T20:27:25"
}