{
  "title": "SajuOS_Logic_BASIC_007",
  "rulecards": [
    {
      "id": "RC-500d904ee5",
      "topic": "RELATION",
      "priority": 9,
      "trigger": {
        "day_master": "갑목",
        "presence": [
          "병화"
        ],
        "interaction": "살인상생"
      },
      "mechanism": "병화가 살을 인식하고 상생의 흐름을 만든다.",
      "interpretation": "살인상생 구조는 집중력과 에너지의 흐름을 강화한다.",
      "action": "병화의 역할을 활용해 집중력을 높이고 목표를 달성하도록 한다.",
      "cautions": [
        "병화가 없을 경우 흐름이 끊어질 수 있음."
      ],
      "tags": [
        "갑목",
        "병화",
        "살인상생",
        "집중력",
        "에너지"
      ]
    },
    {
      "id": "RC-dd8572032a",
      "topic": "RELATION",
      "priority": 8,
      "trigger": {
        "day_master": "임수",
        "month": "6월",
        "presence": [
          "간목",
          "병화"
        ]
      },
      "mechanism": "병화가 간목의 중심성을 강화하며 임수의 흐름을 조율한다.",
      "interpretation": "병화가 있으면 임수의 에너지가 간목 중심으로 안정된다.",
      "action": "병화를 활용해 부모와의 갈등을 조율하고 목표를 명확히 한다.",
      "cautions": [
        "병화가 없으면 중심을 잃고 혼란스러울 수 있음."
      ],
      "tags": [
        "임수",
        "간목",
        "병화",
        "중심성",
        "조율"
      ]
    },
    {
      "id": "RC-f59726ad9f",
      "topic": "RELATION",
      "priority": 7,
      "trigger": {
        "presence": [
          "해수",
          "간목"
        ],
        "distance": "멀리 떨어짐"
      },
      "mechanism": "해수와 간목이 지장간으로 연결되면 수생목이 발생한다.",
      "interpretation": "해수와 간목의 연결은 멀리 떨어져 있어도 에너지 흐름을 만든다.",
      "action": "해수와 간목의 연결을 활용해 장기적인 목표를 설정한다.",
      "cautions": [
        "중간에 토가 있으면 흐름이 막힐 수 있음."
      ],
      "tags": [
        "해수",
        "간목",
        "수생목",
        "지장간",
        "연결"
      ]
    },
    {
      "id": "RC-d331fef557",
      "topic": "RELATION",
      "priority": 6,
      "trigger": {
        "day_master": "갑목",
        "presence": [
          "자수"
        ],
        "absence": [
          "병화"
        ]
      },
      "mechanism": "병화가 없으면 자수가 갑목을 억제한다.",
      "interpretation": "병화가 없을 경우 갑목이 자수에 의해 약화된다.",
      "action": "병화를 보완하거나 자수의 영향을 최소화하도록 한다.",
      "cautions": [
        "병화가 없으면 갑목이 성장하지 못할 수 있음."
      ],
      "tags": [
        "갑목",
        "자수",
        "병화",
        "억제",
        "성장"
      ]
    },
    {
      "id": "RC-004ce11d21",
      "topic": "RELATION",
      "priority": 8,
      "trigger": {
        "day_master": "갑목",
        "presence": [
          "진토"
        ],
        "absence": [
          "병화"
        ]
      },
      "mechanism": "진토가 갑목의 에너지를 안정적으로 소화한다.",
      "interpretation": "진토는 갑목의 에너지를 활용해 안정적인 성장을 돕는다.",
      "action": "진토의 안정성을 활용해 장기적인 계획을 세운다.",
      "cautions": [
        "병화가 없으면 갑목의 에너지가 충분히 발휘되지 않을 수 있음."
      ],
      "tags": [
        "갑목",
        "진토",
        "병화",
        "안정성",
        "성장"
      ]
    },
    {
      "id": "RC-db2c489395",
      "topic": "RELATION",
      "priority": 7,
      "trigger": {
        "day_master": "을목",
        "presence": [
          "진토",
          "미토"
        ]
      },
      "mechanism": "을목이 진토와 미토를 통해 안정적인 점유를 형성한다.",
      "interpretation": "을목은 진토와 미토를 통해 자신의 영역을 확장한다.",
      "action": "진토와 미토를 활용해 안정적인 기반을 마련한다.",
      "cautions": [
        "확장이 제한될 수 있음."
      ],
      "tags": [
        "을목",
        "진토",
        "미토",
        "안정성",
        "확장"
      ]
    },
    {
      "id": "RC-86ae7ab522",
      "topic": "RELATION",
      "priority": 6,
      "trigger": {
        "day_master": "을목",
        "presence": [
          "축토"
        ],
        "absence": [
          "병화"
        ]
      },
      "mechanism": "축토는 을목의 전투적 성향을 자극한다.",
      "interpretation": "축토는 을목이 강한 의지로 목표를 달성하도록 돕는다.",
      "action": "축토의 에너지를 활용해 적극적으로 행동한다.",
      "cautions": [
        "병화가 없으면 축토의 에너지가 제한될 수 있음."
      ],
      "tags": [
        "을목",
        "축토",
        "병화",
        "전투적",
        "목표"
      ]
    },
    {
      "id": "RC-e5a1fed3e5",
      "topic": "RELATION",
      "priority": 9,
      "trigger": {
        "day_master": "갑목",
        "presence": [
          "병화",
          "개수"
        ]
      },
      "mechanism": "병화와 개수가 갑목의 생목 작용을 강화한다.",
      "interpretation": "병화와 개수는 갑목의 에너지를 활성화시킨다.",
      "action": "병화와 개수를 활용해 갑목의 잠재력을 극대화한다.",
      "cautions": [
        "병화와 개수가 없으면 갑목의 에너지가 약화될 수 있음."
      ],
      "tags": [
        "갑목",
        "병화",
        "개수",
        "생목",
        "활성화"
      ]
    },
    {
      "id": "RC-0c1d73ac2c",
      "topic": "RELATION",
      "priority": 8,
      "trigger": {
        "relation": "목극토"
      },
      "mechanism": "목이 토를 극하면서 재물적 성취를 추구함.",
      "interpretation": "목극토는 재물적 성취를 위한 강한 의지를 나타냄.",
      "action": "목극토의 구조를 활용해 재물적 목표를 설정하고 실행.",
      "cautions": [
        "목의 강약에 따라 성취 가능성이 달라짐.",
        "토가 지나치게 강하면 목의 힘이 약화될 수 있음."
      ],
      "tags": [
        "목극토",
        "재물",
        "성취",
        "의지",
        "목과 토"
      ]
    },
    {
      "id": "RC-3e315ea833",
      "topic": "WEALTH",
      "priority": 9,
      "trigger": {
        "element": "인성",
        "context": "재물"
      },
      "mechanism": "인성이 재물을 문서화하거나 지적 활동으로 연결함.",
      "interpretation": "인성을 통해 재물을 축적하고 관리할 수 있음.",
      "action": "인성을 활용해 재물 관리 및 투자 계획을 세움.",
      "cautions": [
        "인성이 약하면 재물 축적이 어려울 수 있음.",
        "문서화된 재물은 장기적 관점에서 관리 필요."
      ],
      "tags": [
        "인성",
        "재물",
        "문서화",
        "지적 활동",
        "관리"
      ]
    },
    {
      "id": "RC-fc71613c1b",
      "topic": "WEALTH",
      "priority": 7,
      "trigger": {
        "element": "병화",
        "relation": "목생화"
      },
      "mechanism": "병화가 목의 에너지를 끌어와 재물적 성취를 가속화함.",
      "interpretation": "병화는 목의 에너지를 활용해 빠른 재물 성취를 가능하게 함.",
      "action": "병화의 에너지를 활용해 재물적 목표를 빠르게 달성.",
      "cautions": [
        "병화가 과도하면 불균형이 생길 수 있음.",
        "목의 강약에 따라 병화의 효과가 달라짐."
      ],
      "tags": [
        "병화",
        "목생화",
        "재물",
        "속도",
        "목과 화"
      ]
    },
    {
      "id": "RC-7ddcfa9e91",
      "topic": "RELATION",
      "priority": 6,
      "trigger": {
        "relation": "재극인"
      },
      "mechanism": "재가 인성을 극하면서 현실적 성취를 추구함.",
      "interpretation": "재극인은 현실적이고 실질적인 성취를 나타냄.",
      "action": "재극인의 구조를 활용해 현실적 목표를 설정.",
      "cautions": [
        "재가 과도하면 인성의 본질이 약화될 수 있음.",
        "균형 유지 필요."
      ],
      "tags": [
        "재극인",
        "현실적 성취",
        "목표",
        "균형",
        "재와 인성"
      ]
    },
    {
      "id": "RC-20c559be1a",
      "topic": "WEALTH",
      "priority": 8,
      "trigger": {
        "element": "인성",
        "context": "정신노동"
      },
      "mechanism": "인성이 정신적 판단력으로 재물을 창출함.",
      "interpretation": "인성은 지적 활동과 판단력을 통해 재물을 축적함.",
      "action": "정신적 판단력을 활용해 재물 창출 전략을 세움.",
      "cautions": [
        "인성이 약하면 판단력이 흐려질 수 있음.",
        "지적 활동의 방향성을 명확히 설정."
      ],
      "tags": [
        "인성",
        "정신노동",
        "재물",
        "판단력",
        "축적"
      ]
    },
    {
      "id": "RC-e911861a9b",
      "topic": "RELATION",
      "priority": 7,
      "trigger": {
        "relation": "목생화"
      },
      "mechanism": "목이 화를 생하면서 에너지를 전달함.",
      "interpretation": "목생화는 에너지의 순환과 성장을 나타냄.",
      "action": "목생화의 구조를 활용해 성장과 발전을 도모.",
      "cautions": [
        "목과 화의 균형이 중요함.",
        "과도한 에너지 전달은 불균형을 초래할 수 있음."
      ],
      "tags": [
        "목생화",
        "에너지",
        "성장",
        "순환",
        "목과 화"
      ]
    },
    {
      "id": "RC-948280bdee",
      "topic": "WEALTH",
      "priority": 6,
      "trigger": {
        "element": "병화",
        "context": "대중적 활동"
      },
      "mechanism": "병화가 대중적 활동을 통해 재물을 창출함.",
      "interpretation": "병화는 대중적 코드와 연결된 재물 창출을 나타냄.",
      "action": "병화의 에너지를 활용해 대중적 활동을 계획.",
      "cautions": [
        "병화의 방향성이 명확해야 함.",
        "대중적 활동의 지속 가능성을 고려."
      ],
      "tags": [
        "병화",
        "대중적 활동",
        "재물",
        "계획",
        "목표"
      ]
    },
    {
      "id": "RC-4132d18e10",
      "topic": "RELATION",
      "priority": 5,
      "trigger": {
        "relation": "병화와 정화"
      },
      "mechanism": "병화는 목을 끌어오고 정화는 목을 설계함.",
      "interpretation": "병화와 정화는 목과의 관계에서 다른 역할을 수행함.",
      "action": "병화와 정화의 역할을 구분해 활용.",
      "cautions": [
        "병화와 정화의 균형이 중요함.",
        "목의 상태에 따라 역할이 달라질 수 있음."
      ],
      "tags": [
        "병화",
        "정화",
        "목",
        "역할",
        "균형"
      ]
    },
    {
      "id": "RC-c79e7edddf",
      "topic": "WEALTH",
      "priority": 7,
      "trigger": {
        "element": "겁재",
        "context": "재물"
      },
      "mechanism": "겁재가 타인의 행동을 예측하며 재물을 창출함.",
      "interpretation": "겁재는 타인의 행동을 이해하고 활용해 재물을 창출함.",
      "action": "겁재의 에너지를 활용해 타인의 행동을 분석.",
      "cautions": [
        "겁재가 과도하면 갈등이 생길 수 있음.",
        "타인과의 관계를 조율."
      ],
      "tags": [
        "겁재",
        "재물",
        "타인",
        "행동",
        "분석"
      ]
    },
    {
      "id": "RC-b9e21eee91",
      "topic": "RELATION",
      "priority": 6,
      "trigger": {
        "relation": "목과 화"
      },
      "mechanism": "목이 화를 통해 에너지를 전달하며 성장함.",
      "interpretation": "목과 화의 관계는 성장과 발전을 나타냄.",
      "action": "목과 화의 관계를 활용해 목표를 설정.",
      "cautions": [
        "목과 화의 균형이 중요함.",
        "과도한 에너지 전달은 불균형을 초래할 수 있음."
      ],
      "tags": [
        "목",
        "화",
        "성장",
        "발전",
        "목표"
      ]
    }
  ],
  "notes": [],
  "schema_version": "rulecards.v1",
  "module_code": "SajuOS_BASIC_007",
  "updated_at": "2025-12-23T20:27:25"
}