{
  "title": "SajuOS_Logic_BASIC_004",
  "rulecards": [
    {
      "id": "RC-0ee8a50940",
      "topic": "GENERAL",
      "priority": 10,
      "trigger": {
        "note": "천간과 지지의 소통 여부"
      },
      "mechanism": "천간은 시간, 지지는 공간을 상징하며, 이 둘의 소통은 사주의 핵심이다.",
      "interpretation": "천간과 지지가 소통하면 사주가 조화롭고, 그렇지 않으면 불균형이 발생한다.",
      "action": "천간과 지지의 소통 여부를 분석하여 사주의 흐름을 파악하라.",
      "cautions": [
        "천간과 지지의 소통을 혼동하지 말 것",
        "투출과 통근의 개념을 명확히 이해할 것"
      ],
      "tags": [
        "천간",
        "지지",
        "소통",
        "시간",
        "공간",
        "조화",
        "불균형",
        "투출",
        "통근",
        "사주"
      ]
    },
    {
      "id": "RC-3a940d71bd",
      "topic": "STRUCTURE",
      "priority": 9,
      "trigger": {
        "note": "천간에 뿌리가 있는 경우"
      },
      "mechanism": "천간에 지지로부터 뿌리가 있으면 통근으로 간주된다.",
      "interpretation": "천간에 뿌리가 있으면 안정적이고 지속 가능한 에너지를 가진다.",
      "action": "천간의 통근 여부를 확인하여 사주의 안정성을 평가하라.",
      "cautions": [
        "통근 여부를 판단할 때 지지의 글자를 정확히 분석할 것"
      ],
      "tags": [
        "천간",
        "지지",
        "통근",
        "뿌리",
        "안정성",
        "지속성",
        "사주 분석"
      ]
    },
    {
      "id": "RC-66e63cea25",
      "topic": "STRUCTURE",
      "priority": 8,
      "trigger": {
        "note": "천간에 뿌리가 없는 경우"
      },
      "mechanism": "천간에 지지로부터 뿌리가 없으면 투관으로 간주된다.",
      "interpretation": "천간에 뿌리가 없으면 불안정하고 외부 환경에 의존적이다.",
      "action": "투관된 천간의 영향을 분석하여 외부 환경의 영향을 평가하라.",
      "cautions": [
        "투관과 투출의 개념을 혼동하지 말 것"
      ],
      "tags": [
        "천간",
        "지지",
        "투관",
        "불안정",
        "외부 의존",
        "사주 분석"
      ]
    },
    {
      "id": "RC-ef8163eb58",
      "topic": "STRUCTURE",
      "priority": 10,
      "trigger": {
        "note": "월지와 일간의 관계"
      },
      "mechanism": "월지는 사회적 조건과 환경을 나타내며, 일간과의 관계는 개인의 사회성을 결정한다.",
      "interpretation": "월지와 일간이 조화로우면 사회적 관계와 직업적 성공 가능성이 높다.",
      "action": "월지와 일간의 관계를 분석하여 사회적 적응력을 평가하라.",
      "cautions": [
        "월지와 일간의 관계를 과소평가하지 말 것"
      ],
      "tags": [
        "월지",
        "일간",
        "사회성",
        "직업",
        "적응력",
        "조화",
        "사주 분석"
      ]
    },
    {
      "id": "RC-eb5ac154e4",
      "topic": "STRUCTURE",
      "priority": 9,
      "trigger": {
        "note": "월지 중심의 사주 분석"
      },
      "mechanism": "월지는 계절적 에너지와 사회적 조건을 나타내며, 사주의 핵심 축이다.",
      "interpretation": "월지를 중심으로 사주를 분석하면 개인의 사회적 역할과 직업적 방향을 파악할 수 있다.",
      "action": "월지를 중심으로 사주의 흐름과 방향성을 분석하라.",
      "cautions": [
        "월지 중심 분석에 치우쳐 다른 요소를 간과하지 말 것"
      ],
      "tags": [
        "월지",
        "계절",
        "사회적 조건",
        "직업",
        "사주 분석",
        "핵심 축"
      ]
    },
    {
      "id": "RC-b174c1e379",
      "topic": "STRUCTURE",
      "priority": 8,
      "trigger": {
        "note": "월지와 계절적 에너지"
      },
      "mechanism": "월지는 계절적 에너지를 반영하며, 이는 개인의 재능과 직업적 방향성을 결정한다.",
      "interpretation": "월지의 계절적 특성에 따라 개인의 재능과 직업적 적합성이 달라진다.",
      "action": "월지의 계절적 특성을 분석하여 개인의 재능과 직업 방향을 제안하라.",
      "cautions": [
        "계절적 특성을 분석할 때 지역적 차이를 고려할 것"
      ],
      "tags": [
        "월지",
        "계절",
        "재능",
        "직업",
        "방향성",
        "사주 분석"
      ]
    },
    {
      "id": "RC-beae3101d1",
      "topic": "STRUCTURE",
      "priority": 7,
      "trigger": {
        "note": "월지와 사회적 관계"
      },
      "mechanism": "월지는 사회적 관계의 출발점이며, 개인의 사회적 적응력을 나타낸다.",
      "interpretation": "월지가 강하면 사회적 관계에서 주도적 역할을 할 가능성이 높다.",
      "action": "월지를 분석하여 개인의 사회적 관계 형성 능력을 평가하라.",
      "cautions": [
        "월지의 사회적 의미를 과대평가하지 말 것"
      ],
      "tags": [
        "월지",
        "사회적 관계",
        "적응력",
        "주도성",
        "사주 분석"
      ]
    },
    {
      "id": "RC-0885f870e9",
      "topic": "STRUCTURE",
      "priority": 6,
      "trigger": {
        "note": "월지와 계절적 변화"
      },
      "mechanism": "월지는 계절적 변화와 연결되어 있으며, 이는 개인의 성격과 행동 패턴에 영향을 준다.",
      "interpretation": "월지의 계절적 변화는 개인의 성격적 특성과 행동 양식을 결정한다.",
      "action": "월지의 계절적 변화를 분석하여 개인의 성격과 행동 패턴을 이해하라.",
      "cautions": [
        "계절적 변화의 영향을 과소평가하지 말 것"
      ],
      "tags": [
        "월지",
        "계절 변화",
        "성격",
        "행동 패턴",
        "사주 분석"
      ]
    },
    {
      "id": "RC-e60155d15b",
      "topic": "STRUCTURE",
      "priority": 8,
      "trigger": {
        "note": "월지와 직업적 재능"
      },
      "mechanism": "월지는 직업적 재능과 사회적 역할을 나타내며, 이는 개인의 직업 선택에 영향을 준다.",
      "interpretation": "월지가 강하면 직업적 재능이 뚜렷하고 사회적 역할이 명확하다.",
      "action": "월지를 분석하여 개인의 직업적 재능과 사회적 역할을 제안하라.",
      "cautions": [
        "월지의 직업적 의미를 과대평가하지 말 것"
      ],
      "tags": [
        "월지",
        "직업",
        "재능",
        "사회적 역할",
        "사주 분석"
      ]
    },
    {
      "id": "RC-1a04980272",
      "topic": "STRUCTURE",
      "priority": 7,
      "trigger": {
        "note": "월지와 가정적 환경"
      },
      "mechanism": "월지는 가정적 환경과 초기 조건을 나타내며, 이는 개인의 성장 배경에 영향을 준다.",
      "interpretation": "월지가 강하면 안정적인 가정 환경에서 성장했을 가능성이 높다.",
      "action": "월지를 분석하여 개인의 가정적 배경과 초기 조건을 평가하라.",
      "cautions": [
        "월지의 가정적 의미를 과소평가하지 말 것"
      ],
      "tags": [
        "월지",
        "가정",
        "초기 조건",
        "성장 배경",
        "사주 분석"
      ]
    },
    {
      "topic": "TIMING",
      "priority": 9,
      "trigger": {
        "month": "진월"
      },
      "mechanism": "진월은 봄에서 여름으로 에너지를 넘겨주는 시기이며, 변화와 시작의 에너지가 강하다.",
      "interpretation": "진월생은 변화를 잘 받아들이고 새로운 시작에 적합한 특성을 가진다.",
      "action": "새로운 프로젝트나 기획을 시작하는 데 적합한 시기로 활용하라.",
      "cautions": [
        "변화가 잦아 계획이 흔들릴 수 있음",
        "지나친 기대를 조정할 필요 있음"
      ],
      "tags": [
        "진월",
        "변화",
        "시작",
        "계획",
        "기획"
      ],
      "id": "RC-9968333d9e"
    },
    {
      "topic": "RELATION",
      "priority": 8,
      "trigger": {
        "month": "진월"
      },
      "mechanism": "진월은 담장이 낮은 계절로, 사람들과 쉽게 섞이고 어울리는 특성을 가진다.",
      "interpretation": "진월생은 대인관계에서 친화력이 높고 다양한 사람들과 잘 어울린다.",
      "action": "사람들과의 관계를 적극적으로 활용하여 네트워크를 확장하라.",
      "cautions": [
        "지나치게 낮추면 자기주장이 약해질 수 있음"
      ],
      "tags": [
        "진월",
        "대인관계",
        "친화력",
        "네트워크",
        "소통"
      ],
      "id": "RC-8de37d4418"
    },
    {
      "topic": "STRUCTURE",
      "priority": 7,
      "trigger": {
        "month": "진월",
        "지장간": [
          "을",
          "개",
          "무"
        ]
      },
      "mechanism": "진월의 지장간은 겨울의 정보를 이어받아 활용하는 특성을 가진다.",
      "interpretation": "진월생은 데이터를 활용하거나 개발하는 데 뛰어난 재능을 가진다.",
      "action": "데이터 분석이나 개발 관련 업무를 적극적으로 탐구하라.",
      "cautions": [
        "정보를 활용하지 못하면 잠재력이 제한될 수 있음"
      ],
      "tags": [
        "진월",
        "지장간",
        "데이터",
        "개발",
        "정보"
      ],
      "id": "RC-f2c90ccbd6"
    },
    {
      "topic": "GENERAL",
      "priority": 6,
      "trigger": {
        "note": "진월의 계절적 특성"
      },
      "mechanism": "진월은 목과 화의 에너지를 조율하며, 안정과 변화를 동시에 추구한다.",
      "interpretation": "진월생은 조화와 균형을 중시하며, 중재자 역할을 잘 수행한다.",
      "action": "조율과 중재가 필요한 상황에서 적극적으로 역할을 맡아라.",
      "cautions": [
        "극단적인 선택을 피하고 균형을 유지해야 함"
      ],
      "tags": [
        "진월",
        "조화",
        "균형",
        "중재",
        "조율"
      ],
      "id": "RC-1c98fb056e"
    },
    {
      "topic": "TIMING",
      "priority": 8,
      "trigger": {
        "month": "진월",
        "조후": true
      },
      "mechanism": "조후가 된 진월생은 따뜻한 에너지를 받아 활동성이 높아진다.",
      "interpretation": "조후가 된 진월생은 대인관계와 사회적 성공 가능성이 높아진다.",
      "action": "조후를 강화할 수 있는 환경을 조성하라.",
      "cautions": [
        "조후가 부족하면 활동성과 관계 형성이 제한될 수 있음"
      ],
      "tags": [
        "진월",
        "조후",
        "활동성",
        "대인관계",
        "사회적 성공"
      ],
      "id": "RC-63b391e4b9"
    },
    {
      "topic": "STRUCTURE",
      "priority": 7,
      "trigger": {
        "month": "진월",
        "토": true
      },
      "mechanism": "토는 목과 화의 에너지를 조율하며, 중간자 역할을 한다.",
      "interpretation": "토가 있는 진월생은 인사관리나 중재 역할에 강점을 가진다.",
      "action": "조직 내에서 중재자 역할을 맡아라.",
      "cautions": [
        "토가 없으면 극단적인 선택을 할 가능성이 있음"
      ],
      "tags": [
        "진월",
        "토",
        "조율",
        "중재",
        "인사관리"
      ],
      "id": "RC-db800a07fc"
    },
    {
      "topic": "GENERAL",
      "priority": 5,
      "trigger": {
        "note": "진월의 방합 구조"
      },
      "mechanism": "진월은 목의 에너지를 안정시키고 다음 계절로 넘어가게 한다.",
      "interpretation": "진월생은 안정과 변화를 동시에 추구하며, 계획을 구체화하는 데 강하다.",
      "action": "장기적인 계획을 세우고 실행에 옮겨라.",
      "cautions": [
        "계획이 지나치게 복잡해질 수 있음"
      ],
      "tags": [
        "진월",
        "방합",
        "안정",
        "변화",
        "계획"
      ],
      "id": "RC-0630925a5a"
    },
    {
      "topic": "TIMING",
      "priority": 6,
      "trigger": {
        "month": "진월",
        "병화": true
      },
      "mechanism": "병화는 진월생의 조후를 돕고, 활동성과 확장성을 강화한다.",
      "interpretation": "병화가 있는 진월생은 미래를 계획하고 실행하는 데 강점을 가진다.",
      "action": "병화의 에너지를 활용해 장기적인 목표를 설정하라.",
      "cautions": [
        "병화가 없으면 활동성과 확장성이 제한될 수 있음"
      ],
      "tags": [
        "진월",
        "병화",
        "조후",
        "활동성",
        "확장성"
      ],
      "id": "RC-53f911b2bb"
    },
    {
      "topic": "RELATION",
      "priority": 7,
      "trigger": {
        "month": "진월",
        "조후": true
      },
      "mechanism": "조후가 된 진월생은 대인관계에서 따뜻함과 친화력을 발휘한다.",
      "interpretation": "진월생은 사람들과 쉽게 친해지고, 관계를 형성하는 데 능숙하다.",
      "action": "대인관계를 적극적으로 활용하여 사회적 기반을 다져라.",
      "cautions": [
        "조후가 부족하면 관계 형성이 어려울 수 있음"
      ],
      "tags": [
        "진월",
        "조후",
        "대인관계",
        "친화력",
        "사회적 기반"
      ],
      "id": "RC-4b66ee4ae9"
    },
    {
      "topic": "STRUCTURE",
      "priority": 6,
      "trigger": {
        "month": "진월",
        "목": true
      },
      "mechanism": "목의 에너지는 진월에서 시작과 성장을 돕는다.",
      "interpretation": "진월생은 새로운 시작과 기획에 강점을 가진다.",
      "action": "새로운 아이디어를 실행에 옮겨라.",
      "cautions": [
        "목의 에너지가 부족하면 시작이 어려울 수 있음"
      ],
      "tags": [
        "진월",
        "목",
        "시작",
        "성장",
        "기획"
      ],
      "id": "RC-41355e312c"
    }
  ],
  "notes": [],
  "schema_version": "rulecards.v1",
  "module_code": "SajuOS_BASIC_004",
  "updated_at": "2025-12-23T20:27:25"
}