{
  "title": "SajuOS_Logic_BASIC_009",
  "rulecards": [
    {
      "id": "RC-d3b6b8bae3",
      "topic": "ELEMENTS",
      "priority": 9,
      "trigger": {
        "element": "진토",
        "presence": true
      },
      "mechanism": "진토는 화의 에너지를 흡수하고 설계하는 특성을 가짐.",
      "interpretation": "진토는 화의 과잉을 조절하며 사주의 중심 역할을 함.",
      "action": "사주에서 진토의 유무를 확인하고, 화의 균형을 평가.",
      "cautions": [
        "진토 중심 해석을 놓치면 운 해석이 틀릴 수 있음."
      ],
      "tags": [
        "진토",
        "화",
        "설계",
        "중심",
        "균형"
      ]
    },
    {
      "id": "RC-1ce38b63d0",
      "topic": "RELATION",
      "priority": 8,
      "trigger": {
        "element": "진토",
        "interaction": "간목"
      },
      "mechanism": "간목은 목생화와 목극토로 진토와 화의 균형을 조절.",
      "interpretation": "간목이 있으면 진토와 화의 상호작용이 조절되어 안정적임.",
      "action": "간목의 존재 여부를 확인하여 사주의 균형 상태를 분석.",
      "cautions": [
        "간목이 없으면 화와 진토의 상호작용이 과도할 수 있음."
      ],
      "tags": [
        "간목",
        "진토",
        "목생화",
        "목극토",
        "균형"
      ]
    },
    {
      "id": "RC-f67dcb0a7e",
      "topic": "RELATION",
      "priority": 7,
      "trigger": {
        "element": "술토",
        "interaction": "화"
      },
      "mechanism": "술토는 화를 보호하고 안정화하는 역할을 함.",
      "interpretation": "술토는 화의 에너지를 유지하며 변화를 최소화함.",
      "action": "술토가 화를 안정화하는지 확인하고, 사주의 안정성을 평가.",
      "cautions": [
        "술토가 충을 받을 경우 안정성이 깨질 수 있음."
      ],
      "tags": [
        "술토",
        "화",
        "안정화",
        "보호",
        "변화"
      ]
    },
    {
      "id": "RC-2b772cd816",
      "topic": "STRUCTURE",
      "priority": 8,
      "trigger": {
        "element": "병진일주"
      },
      "mechanism": "병진일주는 진토의 설계력과 병화의 에너지가 결합됨.",
      "interpretation": "병진일주는 양육과 보호의 성향이 강하며, 모성애적 특성을 가짐.",
      "action": "병진일주의 특성을 활용하여 대인관계와 환경을 조율.",
      "cautions": [
        "과도한 책임감으로 인해 스트레스를 받을 수 있음."
      ],
      "tags": [
        "병진일주",
        "진토",
        "병화",
        "양육",
        "모성애"
      ]
    },
    {
      "id": "RC-87fb6cae06",
      "topic": "RELATION",
      "priority": 7,
      "trigger": {
        "element": "진술충",
        "year": "갑진연"
      },
      "mechanism": "진술충은 토의 균형을 깨뜨려 사건을 유발.",
      "interpretation": "갑진연에는 진술충으로 인해 관계와 감정의 변화가 발생.",
      "action": "진술충의 영향을 분석하고, 감정적 안정에 주의.",
      "cautions": [
        "충으로 인해 감정적 불안정과 사건이 발생할 수 있음."
      ],
      "tags": [
        "진술충",
        "갑진연",
        "토",
        "감정",
        "변화"
      ]
    },
    {
      "id": "RC-72d1f1289c",
      "topic": "RELATION",
      "priority": 6,
      "trigger": {
        "element": "축토",
        "interaction": "화"
      },
      "mechanism": "축토는 화를 급격히 설계하여 감정적 변화를 유발.",
      "interpretation": "축토는 화와의 상호작용에서 감정의 급격한 변화를 초래.",
      "action": "축토와 화의 상호작용을 분석하여 감정적 문제를 예측.",
      "cautions": [
        "축토가 화와 만나면 분노 조절 문제가 발생할 수 있음."
      ],
      "tags": [
        "축토",
        "화",
        "설계",
        "감정",
        "변화"
      ]
    },
    {
      "id": "RC-53469dc981",
      "topic": "RELATION",
      "priority": 7,
      "trigger": {
        "element": "미토",
        "interaction": "화"
      },
      "mechanism": "미토는 화와 친화적이며 열기를 유지.",
      "interpretation": "미토는 화의 에너지를 안정적으로 유지하며, 지속성을 가짐.",
      "action": "미토와 화의 상호작용을 활용하여 에너지의 지속성을 평가.",
      "cautions": [
        "미토가 과도한 열기를 유지하면 피로가 누적될 수 있음."
      ],
      "tags": [
        "미토",
        "화",
        "열기",
        "안정",
        "지속성"
      ]
    },
    {
      "id": "RC-5ac7afee75",
      "topic": "RELATION",
      "priority": 6,
      "trigger": {
        "element": "병술일주"
      },
      "mechanism": "병술일주는 술토가 병화의 에너지를 안정화.",
      "interpretation": "병술일주는 안정적이고 고집스러운 성향을 가짐.",
      "action": "병술일주의 안정성을 활용하여 장기적인 계획을 수립.",
      "cautions": [
        "고집으로 인해 타인과의 갈등이 발생할 수 있음."
      ],
      "tags": [
        "병술일주",
        "술토",
        "병화",
        "안정",
        "고집"
      ]
    },
    {
      "id": "RC-4f7e7c14e9",
      "topic": "RELATION",
      "priority": 8,
      "trigger": {
        "element": "갑목",
        "interaction": "토"
      },
      "mechanism": "갑목은 토와 화의 상호작용을 조절하여 균형을 유지.",
      "interpretation": "갑목은 토와 화의 과도한 상호작용을 차단.",
      "action": "갑목의 존재 여부를 확인하여 균형 상태를 분석.",
      "cautions": [
        "갑목이 없으면 토와 화의 상호작용이 과도할 수 있음."
      ],
      "tags": [
        "갑목",
        "토",
        "화",
        "균형",
        "조절"
      ]
    },
    {
      "id": "RC-a37397840e",
      "topic": "RELATION",
      "priority": 7,
      "trigger": {
        "element": "진토",
        "interaction": "화",
        "year": "갑진연"
      },
      "mechanism": "갑진연에서 진토는 화를 설계하며 사건의 매듭을 짓는 역할.",
      "interpretation": "갑진연은 화와 진토의 상호작용으로 사건이 명확히 해결됨.",
      "action": "갑진연의 사건 해결 과정을 분석하고, 적절히 대응.",
      "cautions": [
        "갑진연의 사건은 감정적 영향을 미칠 수 있음."
      ],
      "tags": [
        "갑진연",
        "진토",
        "화",
        "사건",
        "해결"
      ]
    },
    {
      "id": "RC-8120502a4b",
      "topic": "RELATION",
      "priority": 9,
      "trigger": {
        "element": "경금",
        "relation": "사화"
      },
      "mechanism": "사화가 경금을 극하면서도 성장의 계기를 제공함.",
      "interpretation": "사화가 있는 경금은 어려운 사건을 통해 성숙해지고 성장함.",
      "action": "어려움을 성장의 기회로 삼고, 이를 통해 내면을 단단히 다질 것.",
      "cautions": [
        "어려움이 반복될 수 있으니 긍정적인 태도를 유지해야 함."
      ],
      "tags": [
        "경금",
        "사화",
        "성장",
        "극",
        "성숙",
        "사건",
        "내면",
        "발전",
        "도전",
        "기회"
      ]
    },
    {
      "id": "RC-0d224ce1db",
      "topic": "STRUCTURE",
      "priority": 8,
      "trigger": {
        "element": "정관",
        "position": "월간"
      },
      "mechanism": "월간의 정관은 사회적 역할과 외부에서의 평가를 형성함.",
      "interpretation": "월간에 정관이 있으면 사회적으로 모범적이고 존경받는 이미지를 형성함.",
      "action": "사회적 역할에 충실하며, 타인의 평가를 긍정적으로 활용할 것.",
      "cautions": [
        "외부 평가에 지나치게 의존하지 않도록 주의."
      ],
      "tags": [
        "정관",
        "월간",
        "사회적 역할",
        "평가",
        "존경",
        "이미지",
        "모범",
        "사회",
        "책임",
        "성공"
      ]
    },
    {
      "id": "RC-8ae9a57c3b",
      "topic": "STRUCTURE",
      "priority": 7,
      "trigger": {
        "element": "정관",
        "position": "일간"
      },
      "mechanism": "일간의 정관은 개인적 인식과 자기중심적 사고를 형성함.",
      "interpretation": "일간에 정관이 있으면 자기중심적이고 타인의 시선을 잘 인식하지 못함.",
      "action": "자신의 관점을 타인의 시선과 조화롭게 조정할 것.",
      "cautions": [
        "자기중심적 사고로 인해 타인과의 갈등이 발생할 수 있음."
      ],
      "tags": [
        "정관",
        "일간",
        "자기중심",
        "인식",
        "조화",
        "갈등",
        "사고",
        "타인",
        "조정",
        "성찰"
      ]
    },
    {
      "id": "RC-b2dd9ab190",
      "topic": "RELATION",
      "priority": 8,
      "trigger": {
        "element": "겁재",
        "relation": "재관"
      },
      "mechanism": "겁재는 재관과의 관계에서 경쟁과 갈등을 유발함.",
      "interpretation": "겁재가 강한 구조는 재관과의 경쟁에서 긴장과 갈등을 초래함.",
      "action": "경쟁 상황에서 감정적 대응을 자제하고 전략적으로 접근할 것.",
      "cautions": [
        "경쟁이 지나치면 관계가 악화될 수 있음."
      ],
      "tags": [
        "겁재",
        "재관",
        "경쟁",
        "갈등",
        "긴장",
        "전략",
        "관계",
        "조정",
        "감정",
        "대응"
      ]
    },
    {
      "id": "RC-89783aafb2",
      "topic": "STRUCTURE",
      "priority": 9,
      "trigger": {
        "element": "청간",
        "importance": true
      },
      "mechanism": "청간은 사주의 성패를 결정짓는 중요한 요소임.",
      "interpretation": "청간의 구조가 명확하면 사주의 방향성과 성공 가능성이 높아짐.",
      "action": "청간의 구성과 흐름을 면밀히 분석하여 활용할 것.",
      "cautions": [
        "청간의 불균형은 사주의 약점이 될 수 있음."
      ],
      "tags": [
        "청간",
        "구조",
        "성패",
        "분석",
        "활용",
        "방향성",
        "성공",
        "균형",
        "중요성",
        "사주"
      ]
    },
    {
      "id": "RC-5c180d23d2",
      "topic": "RELATION",
      "priority": 7,
      "trigger": {
        "element": "화",
        "relation": "금"
      },
      "mechanism": "화극금의 관계는 금의 성장을 돕는 동시에 도전을 제공함.",
      "interpretation": "화가 금을 극하면서도 금의 잠재력을 끌어냄.",
      "action": "화의 에너지를 긍정적으로 받아들이고 이를 성장의 계기로 삼을 것.",
      "cautions": [
        "화의 과도한 에너지는 금의 약화를 초래할 수 있음."
      ],
      "tags": [
        "화",
        "금",
        "극",
        "성장",
        "도전",
        "잠재력",
        "에너지",
        "관계",
        "조화",
        "발전"
      ]
    },
    {
      "id": "RC-c6388eb32a",
      "topic": "STRUCTURE",
      "priority": 6,
      "trigger": {
        "element": "겁재",
        "position": "연간"
      },
      "mechanism": "연간의 겁재는 외부 환경과의 갈등을 유발할 가능성이 높음.",
      "interpretation": "연간에 겁재가 있으면 외부와의 경쟁과 갈등이 빈번함.",
      "action": "외부 환경과의 관계를 조화롭게 유지하며 갈등을 최소화할 것.",
      "cautions": [
        "외부와의 갈등이 장기화되면 스트레스가 증가할 수 있음."
      ],
      "tags": [
        "겁재",
        "연간",
        "외부",
        "갈등",
        "경쟁",
        "조화",
        "관계",
        "스트레스",
        "환경",
        "유지"
      ]
    },
    {
      "id": "RC-eaa6527887",
      "topic": "RELATION",
      "priority": 8,
      "trigger": {
        "element": "재관",
        "relation": "겁재"
      },
      "mechanism": "재관과 겁재의 관계는 분배와 협력에서 갈등을 유발함.",
      "interpretation": "재관과 겁재가 함께 있으면 분배 문제로 갈등이 발생할 가능성이 높음.",
      "action": "분배와 협력의 원칙을 명확히 하고 이를 준수할 것.",
      "cautions": [
        "분배 갈등이 심화되면 관계가 파탄날 수 있음."
      ],
      "tags": [
        "재관",
        "겁재",
        "분배",
        "협력",
        "갈등",
        "원칙",
        "관계",
        "조정",
        "협상",
        "문제"
      ]
    },
    {
      "id": "RC-060fc35245",
      "topic": "RELATION",
      "priority": 7,
      "trigger": {
        "element": "병화",
        "relation": "신금"
      },
      "mechanism": "병화는 신금의 재능을 드러내는 역할을 함.",
      "interpretation": "병화가 신금과 함께 있으면 신금의 재능이 발휘될 가능성이 높음.",
      "action": "병화의 에너지를 활용하여 신금의 잠재력을 극대화할 것.",
      "cautions": [
        "병화가 약하면 신금의 재능이 충분히 발휘되지 않을 수 있음."
      ],
      "tags": [
        "병화",
        "신금",
        "재능",
        "발휘",
        "잠재력",
        "에너지",
        "조화",
        "관계",
        "성장",
        "발전"
      ]
    },
    {
      "id": "RC-0fe6c5106d",
      "topic": "STRUCTURE",
      "priority": 8,
      "trigger": {
        "element": "정관",
        "relation": "병화"
      },
      "mechanism": "병화는 정관의 에너지를 강화하고 이를 통해 사회적 역할을 증대시킴.",
      "interpretation": "병화가 정관과 함께 있으면 사회적 영향력이 커짐.",
      "action": "병화의 에너지를 활용하여 사회적 역할을 적극적으로 수행할 것.",
      "cautions": [
        "병화가 약하면 정관의 에너지가 약화될 수 있음."
      ],
      "tags": [
        "병화",
        "정관",
        "사회적 역할",
        "영향력",
        "에너지",
        "강화",
        "조화",
        "성장",
        "발전",
        "책임"
      ]
    }
  ],
  "notes": [],
  "schema_version": "rulecards.v1",
  "module_code": "SajuOS_BASIC_009",
  "updated_at": "2025-12-23T20:27:25"
}