{
  "title": "SajuOS_Logic_STRU_A_047",
  "rulecards": [
    {
      "id": "RC-466eeff329",
      "topic": "STRUCTURE",
      "priority": 10,
      "trigger": {
        "note": "일관 중심 여부"
      },
      "mechanism": "일관이 중심이 되면 사주가 안정되고 흉신을 다룰 수 있음.",
      "interpretation": "일관 중심으로 사주를 끌어올리는 것이 중요하다.",
      "action": "일관 중심으로 흉신을 다룰 수 있는 구조를 만들어라.",
      "cautions": [
        "일관이 중심이 되지 않으면 인생이 끌려다닐 수 있음."
      ],
      "tags": [
        "일관",
        "중심",
        "흉신",
        "사주 안정",
        "구조"
      ]
    },
    {
      "id": "RC-9491257f42",
      "topic": "STRUCTURE",
      "priority": 9,
      "trigger": {
        "note": "양인과 편관의 조합"
      },
      "mechanism": "편관은 양인을 통제하고 제압하는 역할을 함.",
      "interpretation": "양인을 통제하려면 편관이 강해야 한다.",
      "action": "편관을 활용해 양인을 제압하고 리더십을 발휘하라.",
      "cautions": [
        "편관이 약하면 양인이 통제되지 않아 문제가 발생할 수 있음."
      ],
      "tags": [
        "양인",
        "편관",
        "통제",
        "리더십",
        "사주"
      ]
    },
    {
      "id": "RC-0a605cbc0d",
      "topic": "STRUCTURE",
      "priority": 8,
      "trigger": {
        "note": "양인과 식상의 조합"
      },
      "mechanism": "식상은 양인을 순화시키는 역할을 함.",
      "interpretation": "양인을 순화하려면 식상이 강해야 한다.",
      "action": "식상을 강화하여 양인을 순화시켜라.",
      "cautions": [
        "식상이 약하면 양인을 다루기 어려움."
      ],
      "tags": [
        "양인",
        "식상",
        "순화",
        "사주",
        "구조"
      ]
    },
    {
      "id": "RC-99db178a92",
      "topic": "STRUCTURE",
      "priority": 7,
      "trigger": {
        "note": "양인과 재성의 조합"
      },
      "mechanism": "재성은 양인의 재탈 성향을 강화함.",
      "interpretation": "양인이 재성을 만나면 재탈이 강해질 수 있다.",
      "action": "재성을 적절히 다루어 양인의 재탈을 방지하라.",
      "cautions": [
        "재성이 강하면 양인의 재탈 성향이 심화될 수 있음."
      ],
      "tags": [
        "양인",
        "재성",
        "재탈",
        "사주",
        "구조"
      ]
    },
    {
      "id": "RC-cf535c8e49",
      "topic": "STRUCTURE",
      "priority": 6,
      "trigger": {
        "note": "양인과 인성의 조합"
      },
      "mechanism": "인성은 양인을 보호하거나 약화시킬 수 있음.",
      "interpretation": "양인이 인성을 만나면 통제가 어려워질 수 있다.",
      "action": "인성이 양인을 보호하지 않도록 구조를 조정하라.",
      "cautions": [
        "인성이 많으면 양인의 흉악함이 포장될 수 있음."
      ],
      "tags": [
        "양인",
        "인성",
        "통제",
        "사주",
        "구조"
      ]
    },
    {
      "id": "RC-bdec9cb046",
      "topic": "STRUCTURE",
      "priority": 5,
      "trigger": {
        "note": "양인격 사주"
      },
      "mechanism": "양인격은 살과 연관된 직업과 연결됨.",
      "interpretation": "양인격은 법조, 군, 경, 검 등 살을 다루는 직업에 적합하다.",
      "action": "양인격에 맞는 직업을 선택하라.",
      "cautions": [
        "양인격은 살을 다룰 때 강한 통제가 필요함."
      ],
      "tags": [
        "양인격",
        "직업",
        "살",
        "법조",
        "군"
      ]
    },
    {
      "id": "RC-cf2cd4d12b",
      "topic": "STRUCTURE",
      "priority": 4,
      "trigger": {
        "note": "양인과 흉신의 관계"
      },
      "mechanism": "흉신은 일관 중심으로 끌어올려야 다룰 수 있음.",
      "interpretation": "흉신을 다루려면 일관 중심으로 사주를 조정해야 한다.",
      "action": "흉신을 일관 중심으로 끌어올리는 구조를 만들어라.",
      "cautions": [
        "흉신이 통제되지 않으면 인생에 큰 영향을 미칠 수 있음."
      ],
      "tags": [
        "양인",
        "흉신",
        "일관",
        "통제",
        "사주"
      ]
    },
    {
      "id": "RC-e3e74e9703",
      "topic": "STRUCTURE",
      "priority": 3,
      "trigger": {
        "note": "양인과 겁재의 조합"
      },
      "mechanism": "겁재는 양인의 재탈 성향을 강화함.",
      "interpretation": "겁재가 강하면 양인의 재탈이 심화될 수 있다.",
      "action": "겁재를 통제하여 양인의 재탈을 방지하라.",
      "cautions": [
        "겁재가 강하면 재탈로 인해 문제가 발생할 수 있음."
      ],
      "tags": [
        "양인",
        "겁재",
        "재탈",
        "사주",
        "구조"
      ]
    },
    {
      "id": "RC-94ed2e9da3",
      "topic": "STRUCTURE",
      "priority": 2,
      "trigger": {
        "note": "양인과 편관의 강약"
      },
      "mechanism": "편관이 강해야 양인을 효과적으로 통제할 수 있음.",
      "interpretation": "편관이 약하면 양인을 통제하기 어려워진다.",
      "action": "편관을 강화하여 양인을 통제하라.",
      "cautions": [
        "편관이 약하면 양인의 통제가 어려워질 수 있음."
      ],
      "tags": [
        "양인",
        "편관",
        "강약",
        "통제",
        "사주"
      ]
    },
    {
      "id": "RC-d5daa335db",
      "topic": "STRUCTURE",
      "priority": 1,
      "trigger": {
        "note": "양인과 식상의 강약"
      },
      "mechanism": "식상이 강해야 양인을 순화시킬 수 있음.",
      "interpretation": "식상이 약하면 양인을 순화하기 어려워진다.",
      "action": "식상을 강화하여 양인을 순화하라.",
      "cautions": [
        "식상이 약하면 양인의 순화가 어려워질 수 있음."
      ],
      "tags": [
        "양인",
        "식상",
        "강약",
        "순화",
        "사주"
      ]
    },
    {
      "id": "RC-0a5e826d8e",
      "topic": "STRUCTURE",
      "priority": 9,
      "trigger": {
        "structure": "양인격"
      },
      "mechanism": "양인격은 강한 에너지를 지니며 특정 직업군과 연관됨.",
      "interpretation": "양인격은 편관을 우선적으로 사용하며, 살과 관련된 직업군에 적합.",
      "action": "편관을 활용한 직업 선택을 고려하고, 살과 연관된 직업군 탐색.",
      "cautions": [
        "편관이 없을 경우 대체 방안을 모색해야 함.",
        "양인의 강한 성향을 조절할 필요 있음."
      ],
      "tags": [
        "양인격",
        "편관",
        "직업",
        "살",
        "법조인",
        "군인",
        "칼",
        "직업선택",
        "격"
      ]
    },
    {
      "id": "RC-87d061d966",
      "topic": "CAREER",
      "priority": 8,
      "trigger": {
        "structure": "양인격",
        "element": "화",
        "strength": "strong"
      },
      "mechanism": "화가 강할수록 직업적 성공 가능성이 높아짐.",
      "interpretation": "화가 강하면 법조계, 군, 경 등에서 높은 위치에 오를 가능성이 큼.",
      "action": "화의 강약을 고려하여 직업 선택 및 경로 설정.",
      "cautions": [
        "가정환경과 사회적 조건도 함께 고려해야 함."
      ],
      "tags": [
        "양인격",
        "화",
        "직업",
        "법조계",
        "군",
        "경찰",
        "성공",
        "강약"
      ]
    },
    {
      "id": "RC-64fa4b6fff",
      "topic": "LOVE",
      "priority": 7,
      "trigger": {
        "structure": "정제 중심",
        "gender": "female"
      },
      "mechanism": "정제가 중심인 여성은 결혼 상대에게 매력적으로 보임.",
      "interpretation": "정제가 잘 발달된 여성은 결혼 후 배우자를 잘 챙길 가능성이 높음.",
      "action": "정제의 발달 여부를 확인하고, 결혼 시 이를 활용.",
      "cautions": [
        "쟁제적 속성이 강하면 결혼 리스크가 커질 수 있음."
      ],
      "tags": [
        "정제",
        "결혼",
        "여성",
        "배우자",
        "매력",
        "쟁제",
        "리스크"
      ]
    },
    {
      "id": "RC-e3cf31a171",
      "topic": "RELATION",
      "priority": 6,
      "trigger": {
        "relation": "일간 합"
      },
      "mechanism": "일간 합은 배우자와의 애정지수를 높임.",
      "interpretation": "일간 합이 있으면 배우자와의 관계가 깊고 안정적일 가능성이 높음.",
      "action": "일간 합의 상태를 분석하여 배우자와의 관계를 예측.",
      "cautions": [
        "합의 상태가 불안정하면 관계에 문제가 생길 수 있음."
      ],
      "tags": [
        "일간합",
        "애정지수",
        "배우자",
        "관계",
        "안정성",
        "합"
      ]
    },
    {
      "id": "RC-24d5868f19",
      "topic": "STRUCTURE",
      "priority": 8,
      "trigger": {
        "structure": "비견",
        "count": 1
      },
      "mechanism": "비견이 한 개일 때 협력적 관계를 형성함.",
      "interpretation": "비견이 한 개일 경우 안정적이고 협력적인 관계를 유지할 가능성이 높음.",
      "action": "비견의 수를 확인하고, 관계 설정에 활용.",
      "cautions": [
        "비견이 많아지면 분리적 작용이 발생할 수 있음."
      ],
      "tags": [
        "비견",
        "협력",
        "안정성",
        "관계",
        "분리",
        "구조"
      ]
    },
    {
      "id": "RC-d6e06e044f",
      "topic": "RELATION",
      "priority": 7,
      "trigger": {
        "relation": "비견",
        "count": 2
      },
      "mechanism": "비견이 두 개 이상일 경우 분리적 작용이 발생.",
      "interpretation": "비견이 많으면 경쟁과 갈등이 발생할 가능성이 높음.",
      "action": "비견의 수를 조절하거나 조화로운 관계를 유지하도록 노력.",
      "cautions": [
        "비견이 많을 경우 쟁제와 갈등이 심화될 수 있음."
      ],
      "tags": [
        "비견",
        "분리",
        "경쟁",
        "갈등",
        "쟁제",
        "관계"
      ]
    },
    {
      "id": "RC-7550a838e4",
      "topic": "STRUCTURE",
      "priority": 9,
      "trigger": {
        "structure": "정관",
        "relation": "비견"
      },
      "mechanism": "정관은 비견과의 관계를 조절하고 안정성을 제공.",
      "interpretation": "정관이 있으면 비견과의 관계가 조화롭고 안정적일 가능성이 높음.",
      "action": "정관의 유무를 확인하고, 관계 조정에 활용.",
      "cautions": [
        "정관이 없으면 비견과의 관계가 불안정해질 수 있음."
      ],
      "tags": [
        "정관",
        "비견",
        "안정성",
        "조화",
        "관계",
        "조절"
      ]
    },
    {
      "id": "RC-03a2224444",
      "topic": "CAREER",
      "priority": 8,
      "trigger": {
        "structure": "정관",
        "element": "화"
      },
      "mechanism": "정관과 화는 리더십과 직업적 성공을 지원.",
      "interpretation": "정관과 화가 발달하면 리더십이 강하고 직업적 성공 가능성이 높음.",
      "action": "정관과 화의 발달 여부를 확인하고, 이를 활용한 직업 선택.",
      "cautions": [
        "정관이 약하거나 화가 부족하면 리더십이 약화될 수 있음."
      ],
      "tags": [
        "정관",
        "화",
        "리더십",
        "직업",
        "성공",
        "안정성"
      ]
    },
    {
      "id": "RC-b9a92b6c38",
      "topic": "LOVE",
      "priority": 6,
      "trigger": {
        "structure": "정관",
        "gender": "male"
      },
      "mechanism": "정관이 발달한 남성은 결혼 상대로 매력적임.",
      "interpretation": "정관이 발달한 남성은 보호적이고 안정적인 이미지를 제공.",
      "action": "정관의 발달 여부를 확인하고, 결혼 및 연애 전략에 활용.",
      "cautions": [
        "정관이 약하면 안정적 이미지를 제공하기 어려움."
      ],
      "tags": [
        "정관",
        "남성",
        "결혼",
        "연애",
        "안정성",
        "보호"
      ]
    },
    {
      "id": "RC-911eb70c12",
      "topic": "TIMING",
      "priority": 7,
      "trigger": {
        "year": "신축년",
        "structure": "겁재"
      },
      "mechanism": "신축년에 겁재가 투출되면 쟁제가 발생할 가능성이 높음.",
      "interpretation": "신축년에는 결혼이나 재정적 문제에서 갈등이 발생할 수 있음.",
      "action": "신축년의 겁재 영향을 분석하고, 중요한 결정을 신중히 진행.",
      "cautions": [
        "결혼이나 재정 문제에서 갈등이 심화될 수 있음."
      ],
      "tags": [
        "신축년",
        "겁재",
        "쟁제",
        "결혼",
        "재정",
        "갈등"
      ]
    },
    {
      "id": "RC-033ba43209",
      "topic": "TEN_GODS",
      "priority": 9,
      "trigger": {
        "type": "정관",
        "presence": true
      },
      "mechanism": "정관은 안정적이고 보호적인 에너지를 제공함.",
      "interpretation": "정관이 강한 사람은 신뢰를 주고 보호적인 이미지를 형성하여 인기가 많음.",
      "action": "정관의 에너지를 활용해 대인관계에서 신뢰를 쌓고 리더십을 발휘하라.",
      "cautions": [
        "정관의 에너지가 과도하면 자기 희생이 요구될 수 있음."
      ],
      "tags": [
        "정관",
        "신뢰",
        "보호",
        "리더십",
        "대인관계"
      ]
    },
    {
      "id": "RC-192bc72180",
      "topic": "STRUCTURE",
      "priority": 8,
      "trigger": {
        "type": "비견",
        "presence": true
      },
      "mechanism": "비견은 친밀감을 형성하고 주변 사람들과의 관계를 강화함.",
      "interpretation": "비견이 있는 사람은 대인관계에서 친밀감을 쉽게 형성하며 주변 사람들에게 호감을 얻음.",
      "action": "비견의 에너지를 활용해 주변 사람들과의 관계를 강화하라.",
      "cautions": [
        "비견이 과도하면 지나치게 의존적이거나 경쟁적일 수 있음."
      ],
      "tags": [
        "비견",
        "친밀감",
        "대인관계",
        "호감",
        "관계강화"
      ]
    },
    {
      "id": "RC-60f1c1d43c",
      "topic": "RELATION",
      "priority": 7,
      "trigger": {
        "type": "비견",
        "interaction": "관"
      },
      "mechanism": "관이 비견의 과도한 에너지를 통제함.",
      "interpretation": "비견이 강한 사람도 관이 있으면 균형을 유지하며 함부로 행동하지 않음.",
      "action": "관의 에너지를 활용해 비견의 에너지를 조율하라.",
      "cautions": [
        "관이 없으면 비견의 에너지가 과도해질 수 있음."
      ],
      "tags": [
        "비견",
        "관",
        "통제",
        "균형",
        "조율"
      ]
    },
    {
      "id": "RC-705635a654",
      "topic": "ELEMENTS",
      "priority": 6,
      "trigger": {
        "type": "유금",
        "presence": true
      },
      "mechanism": "유금은 완벽주의적이고 냉정한 성향을 가짐.",
      "interpretation": "유금이 강한 사람은 대인관계에서 거리감을 두며 까다로운 성향을 보임.",
      "action": "유금의 에너지를 부드럽게 하기 위해 화의 에너지를 활용하라.",
      "cautions": [
        "유금이 과도하면 대인관계에서 고립될 수 있음."
      ],
      "tags": [
        "유금",
        "완벽주의",
        "냉정",
        "화",
        "대인관계"
      ]
    },
    {
      "id": "RC-4a073db61a",
      "topic": "TIMING",
      "priority": 7,
      "trigger": {
        "type": "비겁운",
        "presence": true
      },
      "mechanism": "비겁운은 사람들과의 관계와 경험을 확장시킴.",
      "interpretation": "비겁운이 강한 시기에는 대인관계와 경험이 풍부해지고 판단 기준이 변화함.",
      "action": "비겁운 시기에 사람들과의 관계를 적극적으로 맺고 경험을 쌓아라.",
      "cautions": [
        "비겁운이 끝나면 관계가 단절될 수 있음."
      ],
      "tags": [
        "비겁운",
        "대인관계",
        "경험",
        "판단",
        "변화"
      ]
    },
    {
      "id": "RC-6e07a65389",
      "topic": "STRUCTURE",
      "priority": 8,
      "trigger": {
        "type": "산변",
        "presence": false
      },
      "mechanism": "산변이 없으면 에너지가 순환되지 않아 능력을 발휘하기 어려움.",
      "interpretation": "산변이 없는 사주는 직업적 성취가 어렵고 방황할 가능성이 높음.",
      "action": "산변을 보완할 수 있는 환경이나 활동을 찾아라.",
      "cautions": [
        "산변이 없으면 백수로 보일 가능성이 높음."
      ],
      "tags": [
        "산변",
        "직업",
        "성취",
        "방황",
        "에너지순환"
      ]
    },
    {
      "id": "RC-4b9d7f7d4c",
      "topic": "CAREER",
      "priority": 7,
      "trigger": {
        "type": "병화",
        "presence": true
      },
      "mechanism": "병화는 공무원이나 행정, 재무 분야에 적합한 에너지를 제공함.",
      "interpretation": "병화가 있는 사람은 공무원이나 회사의 근간이 되는 업무에 적합함.",
      "action": "병화의 에너지를 활용해 안정적인 직업을 선택하라.",
      "cautions": [
        "병화가 약하면 직업적 안정성이 떨어질 수 있음."
      ],
      "tags": [
        "병화",
        "공무원",
        "행정",
        "재무",
        "직업안정성"
      ]
    },
    {
      "id": "RC-91c9878910",
      "topic": "ELEMENTS",
      "priority": 6,
      "trigger": {
        "type": "임수",
        "presence": true
      },
      "mechanism": "임수는 금의 에너지를 끌어내어 생산성을 높임.",
      "interpretation": "임수가 있는 사람은 금의 에너지를 활용해 창의적이고 생산적인 활동을 함.",
      "action": "임수의 에너지를 활용해 창의적이고 생산적인 활동에 집중하라.",
      "cautions": [
        "임수가 약하면 금의 에너지를 제대로 활용하지 못할 수 있음."
      ],
      "tags": [
        "임수",
        "금",
        "생산성",
        "창의성",
        "활동"
      ]
    },
    {
      "id": "RC-4991e88ed1",
      "topic": "LOVE",
      "priority": 7,
      "trigger": {
        "type": "정관",
        "presence": true,
        "interaction": "재"
      },
      "mechanism": "정관과 재의 조합은 결혼 상대로서의 매력을 높임.",
      "interpretation": "정관과 재가 조화를 이루면 결혼 상대로 각광받는 구조를 형성함.",
      "action": "정관과 재의 에너지를 활용해 안정적인 결혼 생활을 준비하라.",
      "cautions": [
        "정관과 재의 균형이 깨지면 관계에 문제가 생길 수 있음."
      ],
      "tags": [
        "정관",
        "재",
        "결혼",
        "매력",
        "안정성"
      ]
    },
    {
      "id": "RC-a3d4d97a0e",
      "topic": "RELATION",
      "priority": 6,
      "trigger": {
        "type": "비겁",
        "presence": false
      },
      "mechanism": "비겁이 없으면 대인관계에서 친밀감을 형성하기 어려움.",
      "interpretation": "비겁이 없는 사람은 대인관계에서 거리감을 느끼고 고독감을 경험할 수 있음.",
      "action": "비겁의 부족을 보완하기 위해 대인관계에서 적극적으로 다가가라.",
      "cautions": [
        "비겁이 없으면 고립감을 느낄 수 있음."
      ],
      "tags": [
        "비겁",
        "대인관계",
        "친밀감",
        "고독",
        "거리감"
      ]
    },
    {
      "id": "RC-6208b8c0c6",
      "topic": "STRUCTURE",
      "priority": 9,
      "trigger": {
        "month_branch": "묘",
        "day_stem": "을"
      },
      "mechanism": "묘월의 을목은 정이 많아 감정적 갈등이 많음.",
      "interpretation": "감정적 갈등이 많아 결단력이 부족할 수 있음.",
      "action": "감정적 판단을 줄이고 논리적 사고를 강화하라.",
      "cautions": [
        "감정에 휘둘리지 않도록 주의"
      ],
      "tags": [
        "묘월",
        "을목",
        "감정",
        "갈등",
        "결단력"
      ]
    },
    {
      "id": "RC-e059f27872",
      "topic": "STRUCTURE",
      "priority": 8,
      "trigger": {
        "day_stem": "신",
        "month_branch": "유"
      },
      "mechanism": "신유일주는 독립적이고 주체적이며 고집이 강함.",
      "interpretation": "자기 신념에 따라 행동하며 쉽게 흔들리지 않음.",
      "action": "자신의 신념을 기반으로 목표를 설정하고 추진하라.",
      "cautions": [
        "고집이 지나쳐 타인과의 협력이 어려울 수 있음"
      ],
      "tags": [
        "신유",
        "독립",
        "주체성",
        "고집",
        "신념"
      ]
    },
    {
      "id": "RC-68d19ff3f0",
      "topic": "RELATION",
      "priority": 7,
      "trigger": {
        "note": "재관이 청간에 있으나 월지가 약한 경우"
      },
      "mechanism": "재관이 월지에서 힘을 받지 못하면 실질적 영향력이 약함.",
      "interpretation": "재관의 역할이 약화되어 재물이나 권력의 안정성이 떨어질 수 있음.",
      "action": "재관의 힘을 보강할 수 있는 환경을 조성하라.",
      "cautions": [
        "재관의 약화로 인해 재물 관리에 주의 필요"
      ],
      "tags": [
        "재관",
        "월지",
        "청간",
        "재물",
        "권력"
      ]
    },
    {
      "id": "RC-54dc0160a5",
      "topic": "LOVE",
      "priority": 8,
      "trigger": {
        "day_stem": "무",
        "day_branch": "신",
        "earth_branch": "진"
      },
      "mechanism": "진토가 있으면 정제가 안정적으로 자리잡아 애정운이 강화됨.",
      "interpretation": "애정 관계에서 안정감을 느끼고 지속적인 관계를 유지할 가능성이 높음.",
      "action": "애정운을 강화하려면 안정적인 환경을 조성하라.",
      "cautions": [
        "진토가 없으면 애정운이 약화될 수 있음"
      ],
      "tags": [
        "무신",
        "진토",
        "정제",
        "애정운",
        "안정감"
      ]
    },
    {
      "id": "RC-e391a8e199",
      "topic": "CAREER",
      "priority": 7,
      "trigger": {
        "hour_branch": "유",
        "hour_stem": "신"
      },
      "mechanism": "시지의 관은 직업의 안정성과 지속성을 나타냄.",
      "interpretation": "만년까지 안정적으로 직업을 유지할 가능성이 높음.",
      "action": "장기적인 직업 계획을 세우고 꾸준히 노력하라.",
      "cautions": [
        "직업 변화에 대한 지나친 두려움을 피하라"
      ],
      "tags": [
        "시지",
        "관성",
        "직업",
        "안정성",
        "지속성"
      ]
    },
    {
      "id": "RC-573a49b4d8",
      "topic": "GENERAL",
      "priority": 6,
      "trigger": {
        "note": "비겁이 강한 경우"
      },
      "mechanism": "비겁은 독립성과 자율성을 강화함.",
      "interpretation": "독립적인 환경에서 더 큰 성과를 낼 수 있음.",
      "action": "독립적인 환경을 조성하고 자율적으로 행동하라.",
      "cautions": [
        "비겁이 과도하면 타인과의 협력이 어려울 수 있음"
      ],
      "tags": [
        "비겁",
        "독립",
        "자율성",
        "성과",
        "환경"
      ]
    },
    {
      "id": "RC-b080a2dbf3",
      "topic": "RELATION",
      "priority": 7,
      "trigger": {
        "note": "겁제가 강한 경우"
      },
      "mechanism": "겁제는 경쟁과 갈등을 유발할 수 있음.",
      "interpretation": "타인과의 관계에서 갈등이 발생할 가능성이 높음.",
      "action": "타인과의 협력 방안을 모색하고 갈등을 줄이도록 노력하라.",
      "cautions": [
        "경쟁심이 지나치면 관계가 악화될 수 있음"
      ],
      "tags": [
        "겁제",
        "경쟁",
        "갈등",
        "협력",
        "관계"
      ]
    },
    {
      "id": "RC-472c256b2d",
      "topic": "TIMING",
      "priority": 8,
      "trigger": {
        "year": "신축",
        "relation": "충미충"
      },
      "mechanism": "신축년의 충미충은 변화를 유발함.",
      "interpretation": "중요한 변화나 전환점이 될 가능성이 높음.",
      "action": "변화에 대비하고 새로운 기회를 모색하라.",
      "cautions": [
        "변화에 대한 두려움을 극복하라"
      ],
      "tags": [
        "신축년",
        "충미충",
        "변화",
        "전환점",
        "기회"
      ]
    },
    {
      "id": "RC-331bfb7bbd",
      "topic": "LOVE",
      "priority": 7,
      "trigger": {
        "note": "쟁재 구조"
      },
      "mechanism": "쟁재는 복잡한 애정 관계를 유발할 수 있음.",
      "interpretation": "애정 관계에서 다수의 인연이 얽힐 가능성이 있음.",
      "action": "애정 관계에서 신중하게 선택하고 정리하라.",
      "cautions": [
        "복잡한 관계로 인해 갈등이 발생할 수 있음"
      ],
      "tags": [
        "쟁재",
        "애정",
        "복잡성",
        "인연",
        "갈등"
      ]
    },
    {
      "id": "RC-335d902cfd",
      "topic": "EXAM",
      "priority": 6,
      "trigger": {
        "note": "유금의 정인 구조"
      },
      "mechanism": "유금의 정인은 학문적 완성도를 높이는 데 기여함.",
      "interpretation": "노력을 통해 학문적 성취를 이룰 가능성이 높음.",
      "action": "꾸준히 노력하고 학문적 목표를 설정하라.",
      "cautions": [
        "노력이 부족하면 성과가 제한될 수 있음"
      ],
      "tags": [
        "유금",
        "정인",
        "학문",
        "노력",
        "성취"
      ]
    },
    {
      "id": "RC-438457ef98",
      "topic": "ELEMENTS",
      "priority": 8,
      "trigger": {
        "element": "목",
        "condition": "설기 잘됨"
      },
      "mechanism": "목의 설기가 원활하면 에너지가 잘 순환됨.",
      "interpretation": "목 설기가 잘되면 큰 시너지를 발휘할 수 있음.",
      "action": "목 설기의 흐름을 확인하고 이를 강화할 방법을 모색.",
      "cautions": [
        "설기가 막히면 에너지 순환이 저하될 수 있음."
      ],
      "tags": [
        "목",
        "설기",
        "에너지",
        "순환",
        "강화"
      ]
    },
    {
      "id": "RC-27d4db750d",
      "topic": "ELEMENTS",
      "priority": 7,
      "trigger": {
        "element": "금",
        "relation": "금생수"
      },
      "mechanism": "금이 수를 생하면 깊이 있는 에너지가 형성됨.",
      "interpretation": "금생수는 원리를 탐구하고 깊이를 추구하는 성향을 나타냄.",
      "action": "금생수의 흐름을 활용해 학문적 깊이를 더할 것.",
      "cautions": [
        "금생수가 막히면 깊이 있는 사고가 어려워질 수 있음."
      ],
      "tags": [
        "금",
        "수",
        "금생수",
        "깊이",
        "원리"
      ]
    },
    {
      "id": "RC-c096241d92",
      "topic": "CAREER",
      "priority": 9,
      "trigger": {
        "elements": [
          "목",
          "토"
        ],
        "presence": "없음"
      },
      "mechanism": "목과 토가 없으면 안정적인 직업을 유지하기 어려움.",
      "interpretation": "목과 토가 없으면 명확한 직업을 가지기 어려울 수 있음.",
      "action": "목과 토의 흐름을 보완하거나 대체할 방안을 모색.",
      "cautions": [
        "목과 토가 없으면 직업적 안정성이 떨어질 수 있음."
      ],
      "tags": [
        "목",
        "토",
        "직업",
        "안정성",
        "보완"
      ]
    },
    {
      "id": "RC-ea915da28c",
      "topic": "CAREER",
      "priority": 8,
      "trigger": {
        "element": "토",
        "relation": "토국수"
      },
      "mechanism": "토가 수를 제어하면 안정성이 강화됨.",
      "interpretation": "토국수가 잘되면 직업적 안정성을 유지할 수 있음.",
      "action": "토국수의 흐름을 점검하고 이를 강화할 방법을 찾을 것.",
      "cautions": [
        "토국수가 과도하면 수의 유연성이 저하될 수 있음."
      ],
      "tags": [
        "토",
        "수",
        "토국수",
        "안정성",
        "직업"
      ]
    },
    {
      "id": "RC-411fae09d5",
      "topic": "RELATION",
      "priority": 7,
      "trigger": {
        "element": "정화",
        "relation": "목생활"
      },
      "mechanism": "정화는 목을 끌어내어 활용하려는 성향이 강함.",
      "interpretation": "정화는 목을 적극적으로 활용하려는 에너지를 나타냄.",
      "action": "정화와 목의 관계를 조화롭게 유지할 방법을 모색.",
      "cautions": [
        "정화가 과도하면 목이 소진될 수 있음."
      ],
      "tags": [
        "정화",
        "목",
        "활용",
        "조화",
        "관계"
      ]
    },
    {
      "id": "RC-0f38e9e93f",
      "topic": "RELATION",
      "priority": 6,
      "trigger": {
        "element": "병화",
        "relation": "목생활"
      },
      "mechanism": "병화는 목을 밝혀주는 역할을 함.",
      "interpretation": "병화는 목의 에너지를 자연스럽게 드러내는 성향을 가짐.",
      "action": "병화와 목의 자연스러운 흐름을 유지할 것.",
      "cautions": [
        "병화가 약하면 목의 에너지가 드러나지 않을 수 있음."
      ],
      "tags": [
        "병화",
        "목",
        "밝힘",
        "자연스러움",
        "흐름"
      ]
    },
    {
      "id": "RC-6b37fd928e",
      "topic": "CAREER",
      "priority": 8,
      "trigger": {
        "element": "정제",
        "relation": "직업"
      },
      "mechanism": "정제는 논리적이고 체계적인 직업적 성향을 나타냄.",
      "interpretation": "정제 중심의 사주는 기승전결이 명확한 직업을 선호함.",
      "action": "정제의 논리적 구조를 활용해 직업적 목표를 설정.",
      "cautions": [
        "정제가 약하면 체계적인 직업 유지가 어려울 수 있음."
      ],
      "tags": [
        "정제",
        "논리",
        "체계",
        "직업",
        "목표"
      ]
    },
    {
      "id": "RC-f35cf3b711",
      "topic": "RELATION",
      "priority": 7,
      "trigger": {
        "element": "유금",
        "relation": "자녀"
      },
      "mechanism": "유금은 자녀가 부모를 이끄는 구조를 형성함.",
      "interpretation": "유금 중심의 사주는 자녀가 부모를 주도하는 경향이 있음.",
      "action": "자녀와의 관계에서 유금의 흐름을 긍정적으로 활용.",
      "cautions": [
        "유금이 약하면 자녀와의 관계가 불안정할 수 있음."
      ],
      "tags": [
        "유금",
        "자녀",
        "부모",
        "주도",
        "관계"
      ]
    },
    {
      "id": "RC-83a1a58ccd",
      "topic": "CAREER",
      "priority": 7,
      "trigger": {
        "element": "토",
        "relation": "안정성"
      },
      "mechanism": "토는 직업적 안정성을 강화하는 역할을 함.",
      "interpretation": "토가 강하면 직업적 안정성과 지속성이 높아짐.",
      "action": "토의 흐름을 강화해 직업적 안정성을 확보.",
      "cautions": [
        "토가 과도하면 유연성이 저하될 수 있음."
      ],
      "tags": [
        "토",
        "안정성",
        "직업",
        "지속성",
        "강화"
      ]
    },
    {
      "id": "RC-ae47a38cbe",
      "topic": "RELATION",
      "priority": 6,
      "trigger": {
        "element": "정화",
        "relation": "대인관계"
      },
      "mechanism": "정화는 대인관계에서 강한 끌어당김을 나타냄.",
      "interpretation": "정화는 사람들을 끌어들이는 에너지를 가짐.",
      "action": "정화의 에너지를 활용해 대인관계를 강화.",
      "cautions": [
        "정화가 과도하면 관계가 부담스러울 수 있음."
      ],
      "tags": [
        "정화",
        "대인관계",
        "끌어당김",
        "에너지",
        "강화"
      ]
    }
  ],
  "notes": [
    "양인과 관련된 다양한 조합과 그에 따른 해석 및 조언이 포함됨.",
    "일관 중심으로 사주를 조정하는 것이 핵심.",
    "텍스트에 포함된 특정 인물 및 사례는 제거되었음.",
    "일부 내용은 사주 해석의 맥락에서 일반화하여 작성됨.",
    "일부 사례는 구체적 사주 구조를 기반으로 하며, 일반화에 주의가 필요함.",
    "텍스트에서 일부 내용은 구체적이지 않아 추론이 필요했음.",
    "사주 용어와 구조에 대한 추가 학습이 필요."
  ],
  "schema_version": "rulecards.v1",
  "module_code": "SajuOS_STRU_047",
  "updated_at": "2025-12-23T20:27:23"
}