{
  "title": "SajuOS_Logic_STRU_A_058",
  "rulecards": [
    {
      "id": "RC-e2128202d5",
      "topic": "STRUCTURE",
      "priority": 9,
      "trigger": {
        "element": "갑목",
        "position": "연지",
        "relation": "정인"
      },
      "mechanism": "연지의 정인은 가문의 흐름과 연결되며, 통째로 전달되는 에너지를 상징.",
      "interpretation": "가문의 기대와 에너지가 본인에게 집중됨.",
      "action": "가문의 기대를 긍정적으로 수용하고 활용할 방법을 모색.",
      "cautions": [
        "가문의 기대가 부담으로 작용할 수 있음.",
        "자신의 정체성을 잃지 않도록 주의."
      ],
      "tags": [
        "갑목",
        "정인",
        "연지",
        "가문",
        "기대"
      ]
    },
    {
      "id": "RC-543885da16",
      "topic": "STRUCTURE",
      "priority": 8,
      "trigger": {
        "element": "자수",
        "position": "연지",
        "relation": "정인"
      },
      "mechanism": "자수는 단단한 씨앗처럼 고유성을 유지하며, 그대로 전달되기를 원함.",
      "interpretation": "자수는 변함없는 조화와 안정성을 상징.",
      "action": "자수의 고유성을 유지하며 활용 방안을 찾을 것.",
      "cautions": [
        "외부 요인으로 인해 자수의 고유성이 손상될 수 있음."
      ],
      "tags": [
        "자수",
        "정인",
        "조화",
        "안정성",
        "고유성"
      ]
    },
    {
      "id": "RC-7b7c17aa77",
      "topic": "RELATION",
      "priority": 7,
      "trigger": {
        "element": "자수",
        "relation": "미토"
      },
      "mechanism": "미토는 자수를 강제로 풀어내는 역할을 함.",
      "interpretation": "자수의 고유성이 손상되거나 내용물이 노출될 가능성.",
      "action": "미토와의 관계에서 자수의 고유성을 보호할 방법을 모색.",
      "cautions": [
        "미토의 영향으로 자수의 안정성이 약화될 수 있음."
      ],
      "tags": [
        "자수",
        "미토",
        "원진",
        "고유성",
        "손상"
      ]
    },
    {
      "id": "RC-a9d6338e41",
      "topic": "STRUCTURE",
      "priority": 8,
      "trigger": {
        "element": "자수",
        "relation": "축토"
      },
      "mechanism": "축토는 자수를 극한으로 압축하여 반발력을 강화.",
      "interpretation": "자수의 에너지가 목으로 강하게 발현될 가능성.",
      "action": "축토의 압축 에너지를 긍정적으로 활용할 방안을 모색.",
      "cautions": [
        "압축이 과도하면 에너지 발현이 왜곡될 수 있음."
      ],
      "tags": [
        "자수",
        "축토",
        "압축",
        "반발력",
        "목"
      ]
    },
    {
      "id": "RC-8d0fc71631",
      "topic": "TIMING",
      "priority": 7,
      "trigger": {
        "element": "자수",
        "relation": "병화"
      },
      "mechanism": "병화는 자수의 한기를 풀어내고 따뜻하게 만듦.",
      "interpretation": "병화는 자수의 에너지를 활성화시키는 역할.",
      "action": "병화의 영향을 받을 시기를 활용하여 성과를 극대화.",
      "cautions": [
        "병화가 없을 경우 한기가 지속될 수 있음."
      ],
      "tags": [
        "자수",
        "병화",
        "한기",
        "활성화",
        "조화"
      ]
    },
    {
      "id": "RC-1a45e4cea0",
      "topic": "STRUCTURE",
      "priority": 9,
      "trigger": {
        "element": "갑목",
        "relation": "자수",
        "position": "월지"
      },
      "mechanism": "월지의 자수는 갑목의 에너지를 업으로 전환 가능하게 함.",
      "interpretation": "자수는 갑목의 학문적, 연구적 성과를 지원.",
      "action": "자수를 활용하여 학문적 성과를 업으로 전환.",
      "cautions": [
        "자수의 에너지를 제대로 활용하지 못하면 성과가 제한될 수 있음."
      ],
      "tags": [
        "갑목",
        "자수",
        "월지",
        "학문",
        "업"
      ]
    },
    {
      "id": "RC-50912bd5ec",
      "topic": "STRUCTURE",
      "priority": 8,
      "trigger": {
        "element": "갑목",
        "relation": "자수",
        "position": "일지"
      },
      "mechanism": "일지의 자수는 개인적 성향과 철학적 탐구를 강화.",
      "interpretation": "자수는 개인적 선호와 내적 탐구를 지원.",
      "action": "자수의 에너지를 활용하여 개인적 성장을 도모.",
      "cautions": [
        "사회적 활용보다는 개인적 영역에 머물 가능성."
      ],
      "tags": [
        "갑목",
        "자수",
        "일지",
        "철학",
        "개인성장"
      ]
    },
    {
      "id": "RC-42958575c5",
      "topic": "TIMING",
      "priority": 7,
      "trigger": {
        "element": "갑목",
        "relation": "화",
        "timing": "운에서 화가 들어올 때"
      },
      "mechanism": "화는 갑목의 에너지를 발현시키고 조화롭게 만듦.",
      "interpretation": "화의 운은 갑목의 성과를 극대화할 기회.",
      "action": "화의 운을 활용하여 중요한 결정을 내릴 것.",
      "cautions": [
        "화의 운이 지나가면 성과가 줄어들 수 있음."
      ],
      "tags": [
        "갑목",
        "화",
        "운",
        "발현",
        "조화"
      ]
    },
    {
      "id": "RC-992c7ea5d2",
      "topic": "STRUCTURE",
      "priority": 8,
      "trigger": {
        "element": "갑목",
        "relation": "자수",
        "position": "연지"
      },
      "mechanism": "연지의 자수는 갑목의 도덕적, 학문적 성향을 강화.",
      "interpretation": "갑목은 가문의 도덕적, 학문적 전통을 계승.",
      "action": "가문의 전통을 기반으로 학문적 성과를 추구.",
      "cautions": [
        "가문의 전통이 개인의 자유를 제한할 수 있음."
      ],
      "tags": [
        "갑목",
        "자수",
        "연지",
        "도덕",
        "학문"
      ]
    },
    {
      "id": "RC-13772d3abb",
      "topic": "STRUCTURE",
      "priority": 7,
      "trigger": {
        "element": "자수",
        "relation": "오화"
      },
      "mechanism": "오화는 자수를 격발시켜 강렬한 에너지를 발현.",
      "interpretation": "오화는 자수의 잠재력을 폭발적으로 끌어냄.",
      "action": "오화의 영향을 받을 시기를 활용하여 중요한 프로젝트를 추진.",
      "cautions": [
        "오화의 에너지가 과도하면 조절이 어려울 수 있음."
      ],
      "tags": [
        "자수",
        "오화",
        "격발",
        "에너지",
        "잠재력"
      ]
    },
    {
      "id": "RC-7e441ec36d",
      "topic": "STRUCTURE",
      "priority": 9,
      "trigger": {
        "day_pillar": "갑자",
        "month_pillar": "자수"
      },
      "mechanism": "갑목은 자수를 통해 지식과 정신적 가치를 전달하는 역할을 함.",
      "interpretation": "갑자일주는 자수를 통해 지식과 가치를 계승하고 전달하는 구조.",
      "action": "갑목 중심이 아닌 자수 중심으로 사주를 해석할 것.",
      "cautions": [
        "자수의 역할을 과소평가하지 말 것."
      ],
      "tags": [
        "갑자일주",
        "자수",
        "지식",
        "계승",
        "정신적가치"
      ]
    },
    {
      "id": "RC-0627394df8",
      "topic": "RELATION",
      "priority": 8,
      "trigger": {
        "day_pillar": "갑자",
        "month_pillar": "병화"
      },
      "mechanism": "병화는 갑목과 자수 간의 조화를 돕는 역할을 함.",
      "interpretation": "병화가 있으면 갑자일주의 비견이 긍정적으로 작용하여 협력과 조화가 이루어짐.",
      "action": "병화가 있는 경우 협력 관계를 적극 활용할 것.",
      "cautions": [
        "병화가 없으면 비견이 부정적으로 작용할 수 있음."
      ],
      "tags": [
        "갑자일주",
        "병화",
        "비견",
        "협력",
        "조화"
      ]
    },
    {
      "id": "RC-2fe8ef928f",
      "topic": "STRUCTURE",
      "priority": 7,
      "trigger": {
        "day_pillar": "을목",
        "month_pillar": "자수"
      },
      "mechanism": "을목은 자수를 끌어내는 데 어려움을 겪음.",
      "interpretation": "을목이 자수를 활용하려면 간목의 도움을 받아야 함.",
      "action": "을목이 있는 경우 간목과의 조화를 고려할 것.",
      "cautions": [
        "을목 단독으로는 자수를 효과적으로 활용하기 어려움."
      ],
      "tags": [
        "을목",
        "자수",
        "간목",
        "조화",
        "활용"
      ]
    },
    {
      "id": "RC-6dbb16a99d",
      "topic": "STRUCTURE",
      "priority": 6,
      "trigger": {
        "day_pillar": "을목",
        "year_pillar": "경자"
      },
      "mechanism": "경자년의 자수는 을목에게 부담으로 작용함.",
      "interpretation": "을목은 경자년의 자수를 받아들이는 데 어려움을 겪음.",
      "action": "경자년에는 을목이 자수를 빠르게 수용하도록 노력할 것.",
      "cautions": [
        "자수의 부담을 과소평가하지 말 것."
      ],
      "tags": [
        "을목",
        "경자년",
        "자수",
        "부담",
        "수용"
      ]
    },
    {
      "id": "RC-47620dfffe",
      "topic": "STRUCTURE",
      "priority": 8,
      "trigger": {
        "day_pillar": "을목",
        "supporting_element": "간목"
      },
      "mechanism": "간목은 을목이 자수를 풀어내는 데 도움을 줌.",
      "interpretation": "을목이 간목을 활용하면 자수를 효과적으로 사용할 수 있음.",
      "action": "간목이 있는 경우 을목이 자수를 활용하도록 유도할 것.",
      "cautions": [
        "간목이 없으면 자수 활용이 제한될 수 있음."
      ],
      "tags": [
        "을목",
        "간목",
        "자수",
        "활용",
        "조화"
      ]
    },
    {
      "id": "RC-3b9caf6339",
      "topic": "STRUCTURE",
      "priority": 7,
      "trigger": {
        "day_pillar": "갑자",
        "year_pillar": "갑진"
      },
      "mechanism": "갑진의 진토는 갑자일주의 자수를 생목으로 전환시킴.",
      "interpretation": "갑진이 있으면 갑자일주의 자수가 더 적극적으로 활용됨.",
      "action": "갑진이 있는 경우 자수의 활용 방안을 모색할 것.",
      "cautions": [
        "진토가 없으면 자수 활용이 제한될 수 있음."
      ],
      "tags": [
        "갑자일주",
        "갑진",
        "진토",
        "자수",
        "생목"
      ]
    },
    {
      "id": "RC-57e5522ed8",
      "topic": "RELATION",
      "priority": 6,
      "trigger": {
        "day_pillar": "갑자",
        "relation": "비견"
      },
      "mechanism": "비견은 갑자일주의 경쟁과 협력을 동시에 유발함.",
      "interpretation": "비견이 있으면 갑자일주가 경쟁과 협력을 통해 성장함.",
      "action": "비견과의 관계를 긍정적으로 활용할 것.",
      "cautions": [
        "비견이 부정적으로 작용하면 갈등이 심화될 수 있음."
      ],
      "tags": [
        "갑자일주",
        "비견",
        "경쟁",
        "협력",
        "성장"
      ]
    },
    {
      "id": "RC-12c01db36f",
      "topic": "STRUCTURE",
      "priority": 9,
      "trigger": {
        "day_pillar": "을목",
        "month_pillar": "병화"
      },
      "mechanism": "병화는 을목의 자수를 풀어내는 데 도움을 줌.",
      "interpretation": "병화가 있으면 을목이 자수를 효과적으로 활용할 수 있음.",
      "action": "병화가 있는 경우 을목의 자수 활용을 적극적으로 지원할 것.",
      "cautions": [
        "병화가 없으면 자수 활용이 제한될 수 있음."
      ],
      "tags": [
        "을목",
        "병화",
        "자수",
        "활용",
        "조화"
      ]
    },
    {
      "id": "RC-ee57865715",
      "topic": "STRUCTURE",
      "priority": 8,
      "trigger": {
        "day_pillar": "갑자",
        "year_pillar": "병화"
      },
      "mechanism": "병화는 갑자일주의 자수를 활성화시킴.",
      "interpretation": "병화가 있으면 갑자일주의 자수가 더 긍정적으로 작용함.",
      "action": "병화가 있는 경우 자수의 활용을 극대화할 것.",
      "cautions": [
        "병화가 없으면 자수의 잠재력이 제한될 수 있음."
      ],
      "tags": [
        "갑자일주",
        "병화",
        "자수",
        "활성화",
        "긍정적"
      ]
    },
    {
      "id": "RC-55674c2299",
      "topic": "STRUCTURE",
      "priority": 7,
      "trigger": {
        "day_pillar": "을목",
        "relation": "편인"
      },
      "mechanism": "편인은 을목에게 부담으로 작용하지만 전문성을 부여함.",
      "interpretation": "을목이 편인을 통해 한 분야의 전문가로 성장할 수 있음.",
      "action": "편인이 있는 경우 전문성을 강화할 방안을 모색할 것.",
      "cautions": [
        "편인이 부담으로 작용할 수 있음."
      ],
      "tags": [
        "을목",
        "편인",
        "전문성",
        "부담",
        "성장"
      ]
    },
    {
      "id": "RC-d7873da9be",
      "topic": "STRUCTURE",
      "priority": 8,
      "trigger": {
        "month": "자월",
        "day_master": "을목"
      },
      "mechanism": "자월의 을목은 계절적으로 한하고 혹독한 환경에 놓임.",
      "interpretation": "을목이 자월에 위치하면 어려운 환경에서 성장하며 고독함을 느낄 가능성이 높음.",
      "action": "환경의 어려움을 극복하려는 의지를 키우고, 장기적인 목표를 설정할 것.",
      "cautions": [
        "고독감에 빠지지 않도록 주의",
        "환경에 지나치게 의존하지 말 것"
      ],
      "tags": [
        "을목",
        "자월",
        "고독",
        "환경",
        "성장",
        "의지",
        "장기목표",
        "혹독함"
      ]
    },
    {
      "id": "RC-4a793ae46e",
      "topic": "STRUCTURE",
      "priority": 7,
      "trigger": {
        "day_master": "을목",
        "earthly_branch": "자수"
      },
      "mechanism": "을목이 자수를 만나면 자수를 활용하기 어려움.",
      "interpretation": "을목의 자수는 활용이 어렵고, 조후가 중요하게 작용함.",
      "action": "조후를 보완할 방법을 찾고, 자수를 활용할 수 있는 방안을 모색할 것.",
      "cautions": [
        "조후 부족으로 인한 신체적 문제 가능성",
        "자수의 고요성을 흐트러뜨리지 않도록 주의"
      ],
      "tags": [
        "을목",
        "자수",
        "조후",
        "활용",
        "신체적 문제",
        "고요성",
        "환경"
      ]
    },
    {
      "id": "RC-9d0d3a57b2",
      "topic": "RELATION",
      "priority": 6,
      "trigger": {
        "heavenly_stem": "병화",
        "earthly_branch": "자수"
      },
      "mechanism": "병화가 자수를 만나면 상관이 억압받을 수 있음.",
      "interpretation": "병화 상관이 자수로 인해 억압받아 불안정성이 증가할 수 있음.",
      "action": "억압된 상관을 긍정적으로 활용할 방법을 모색할 것.",
      "cautions": [
        "억압으로 인한 심리적 불안정",
        "상관의 과도한 억제 주의"
      ],
      "tags": [
        "병화",
        "자수",
        "상관",
        "억압",
        "불안정성",
        "심리",
        "활용"
      ]
    },
    {
      "id": "RC-8b17e1eba6",
      "topic": "STRUCTURE",
      "priority": 9,
      "trigger": {
        "day_master": "을목",
        "earthly_branch": "미토"
      },
      "mechanism": "을목이 미토를 만나면 안정감을 얻음.",
      "interpretation": "을목이 미토에 위치하면 안정적이지만, 벗어나기 어려운 구조를 가짐.",
      "action": "안정 속에서도 새로운 도전을 시도할 것.",
      "cautions": [
        "안정에 안주하지 말 것",
        "새로운 기회를 놓치지 않도록 주의"
      ],
      "tags": [
        "을목",
        "미토",
        "안정",
        "도전",
        "구조",
        "기회",
        "발전"
      ]
    },
    {
      "id": "RC-44129d6319",
      "topic": "RELATION",
      "priority": 7,
      "trigger": {
        "heavenly_stem": "병화",
        "earthly_branch": "술토"
      },
      "mechanism": "병화가 술토를 만나면 재를 기반으로 안정성을 얻음.",
      "interpretation": "병화와 술토의 조합은 재물과 안정성을 의미함.",
      "action": "재물 관리와 안정적인 기반을 구축할 것.",
      "cautions": [
        "재물에 대한 과도한 집착 주의",
        "안정성에만 의존하지 말 것"
      ],
      "tags": [
        "병화",
        "술토",
        "재물",
        "안정성",
        "기반",
        "관리",
        "조합"
      ]
    },
    {
      "id": "RC-5ac9950360",
      "topic": "STRUCTURE",
      "priority": 8,
      "trigger": {
        "day_master": "을목",
        "earthly_branch": "축토"
      },
      "mechanism": "을목이 축토를 만나면 환경에 묶여 움직이기 어려움.",
      "interpretation": "을목이 축토에 위치하면 제한된 환경에서 벗어나기 어려움.",
      "action": "환경의 제약을 극복할 전략을 세울 것.",
      "cautions": [
        "환경에 지나치게 의존하지 말 것",
        "제약을 극복하려는 의지 부족 주의"
      ],
      "tags": [
        "을목",
        "축토",
        "환경",
        "제약",
        "극복",
        "전략",
        "의지"
      ]
    },
    {
      "id": "RC-49fce2cb4a",
      "topic": "RELATION",
      "priority": 6,
      "trigger": {
        "heavenly_stem": "병화",
        "earthly_branch": "신금"
      },
      "mechanism": "병화가 신금을 만나면 상관과 재의 관계가 형성됨.",
      "interpretation": "병화와 신금의 조합은 재능과 재물의 활용 가능성을 의미함.",
      "action": "재능을 활용하여 재물을 창출할 방안을 모색할 것.",
      "cautions": [
        "재능 과신으로 인한 실패 주의",
        "재물 관리 소홀 주의"
      ],
      "tags": [
        "병화",
        "신금",
        "상관",
        "재물",
        "재능",
        "활용",
        "관리"
      ]
    },
    {
      "id": "RC-18a21f4f41",
      "topic": "STRUCTURE",
      "priority": 7,
      "trigger": {
        "day_master": "을목",
        "earthly_branch": "유금"
      },
      "mechanism": "을목이 유금을 만나면 조직 내에서 제한된 역할을 수행함.",
      "interpretation": "을목과 유금의 조합은 조직 내에서의 제한된 활동을 의미함.",
      "action": "조직 내에서 자신의 역할을 확장할 방법을 모색할 것.",
      "cautions": [
        "조직 내 갈등 주의",
        "자신의 역할에 대한 과소평가 주의"
      ],
      "tags": [
        "을목",
        "유금",
        "조직",
        "역할",
        "제한",
        "확장",
        "활동"
      ]
    },
    {
      "id": "RC-e56b8c71ff",
      "topic": "RELATION",
      "priority": 8,
      "trigger": {
        "heavenly_stem": "병화",
        "earthly_branch": "자수"
      },
      "mechanism": "병화가 자수를 만나면 상관의 불안정성이 증가함.",
      "interpretation": "병화와 자수의 조합은 상관의 불안정성을 의미하며, 심리적 갈등을 유발할 수 있음.",
      "action": "심리적 안정감을 유지하기 위한 방법을 찾을 것.",
      "cautions": [
        "심리적 불안정 주의",
        "상관의 과도한 억제 주의"
      ],
      "tags": [
        "병화",
        "자수",
        "상관",
        "불안정성",
        "심리",
        "갈등",
        "안정"
      ]
    },
    {
      "id": "RC-dd65853936",
      "topic": "RELATION",
      "priority": 8,
      "trigger": {
        "relation": "수화",
        "status": "미제"
      },
      "mechanism": "수와 화가 만나지 못하면 소통이 단절됨.",
      "interpretation": "수화가 만나지 못하면 친밀도가 낮아지고 관계가 원활하지 않음.",
      "action": "수화가 만날 수 있는 구조를 만들어 관계를 개선.",
      "cautions": [
        "수화의 단절은 감정적 거리감을 유발할 수 있음."
      ],
      "tags": [
        "수화기재",
        "미제",
        "소통",
        "관계",
        "친밀도",
        "감정",
        "단절",
        "구조",
        "해결",
        "연결"
      ]
    },
    {
      "id": "RC-95e7e7b9bc",
      "topic": "LOVE",
      "priority": 7,
      "trigger": {
        "gender": "female",
        "element": "병화",
        "relation": "자수"
      },
      "mechanism": "병화와 자수의 관계는 남편과의 거리감을 형성.",
      "interpretation": "남편이 있어도 심리적 거리감이 느껴질 수 있음.",
      "action": "남편과의 소통을 강화하고 심리적 거리를 좁히는 노력 필요.",
      "cautions": [
        "심리적 거리감이 관계를 악화시킬 수 있음."
      ],
      "tags": [
        "병화",
        "자수",
        "남편",
        "거리감",
        "소통",
        "심리적",
        "관계",
        "여명",
        "부부",
        "역할"
      ]
    },
    {
      "id": "RC-9ee11784f9",
      "topic": "STRUCTURE",
      "priority": 9,
      "trigger": {
        "month": "자월",
        "element": "병화",
        "structure": "정관격"
      },
      "mechanism": "자월의 병화는 정관격으로 직업적 안정성을 추구.",
      "interpretation": "직업적 목표가 명확하며 사회적 역할을 중시.",
      "action": "직업적 목표를 명확히 설정하고 이를 위한 계획을 세움.",
      "cautions": [
        "직업적 목표에만 치중하여 개인적 만족을 간과할 수 있음."
      ],
      "tags": [
        "자월",
        "병화",
        "정관격",
        "직업",
        "목표",
        "안정성",
        "사회적",
        "역할",
        "계획",
        "구조"
      ]
    },
    {
      "id": "RC-6923d70096",
      "topic": "RELATION",
      "priority": 6,
      "trigger": {
        "relation": "재관",
        "context": "부부"
      },
      "mechanism": "재관은 극의 관계로 감정적 소통이 어려움.",
      "interpretation": "부부 관계에서 역할 분담이 중요하며 감정적 소통은 부족할 수 있음.",
      "action": "역할 분담을 명확히 하고 감정적 소통을 보완.",
      "cautions": [
        "감정적 소통 부족이 갈등을 유발할 수 있음."
      ],
      "tags": [
        "재관",
        "부부",
        "역할",
        "소통",
        "감정",
        "극의 관계",
        "갈등",
        "분담",
        "관계",
        "조화"
      ]
    },
    {
      "id": "RC-dd31387d3d",
      "topic": "LOVE",
      "priority": 7,
      "trigger": {
        "relation": "재관",
        "element": "식상",
        "element2": "인성"
      },
      "mechanism": "식상과 인성이 재관에 개입하면 부부 관계가 개선됨.",
      "interpretation": "식상과 인성이 부부 관계에 감정적 요소를 더해줌.",
      "action": "식상과 인성을 활용하여 부부 관계를 개선.",
      "cautions": [
        "식상과 인성의 과도한 개입은 갈등을 유발할 수 있음."
      ],
      "tags": [
        "재관",
        "식상",
        "인성",
        "부부",
        "감정",
        "소통",
        "개선",
        "관계",
        "조화",
        "역할"
      ]
    },
    {
      "id": "RC-8f1ac6185c",
      "topic": "TIMING",
      "priority": 5,
      "trigger": {
        "year": "경자년",
        "context": "부부 관계"
      },
      "mechanism": "경자년은 부부 관계의 분별과 정리가 촉진됨.",
      "interpretation": "이혼율이 증가할 가능성이 높음.",
      "action": "부부 관계를 점검하고 갈등을 미리 해결.",
      "cautions": [
        "경자년의 영향으로 관계가 악화될 수 있음."
      ],
      "tags": [
        "경자년",
        "부부",
        "이혼",
        "관계",
        "정리",
        "분별",
        "갈등",
        "점검",
        "소통",
        "조화"
      ]
    },
    {
      "id": "RC-824ef4dad1",
      "topic": "GENERAL",
      "priority": 4,
      "trigger": {
        "note": "시공간의 압축과 현대적 변화"
      },
      "mechanism": "시공간의 압축은 사회적 관계와 역할에 영향을 미침.",
      "interpretation": "현대적 변화로 인해 전통적 관계와 역할이 재구성됨.",
      "action": "현대적 변화에 맞춰 관계와 역할을 재정립.",
      "cautions": [
        "전통적 가치와 현대적 변화 간의 갈등이 발생할 수 있음."
      ],
      "tags": [
        "시공간",
        "압축",
        "현대",
        "변화",
        "관계",
        "역할",
        "재구성",
        "사회",
        "갈등",
        "조화"
      ]
    },
    {
      "id": "RC-15eac6aa50",
      "topic": "LOVE",
      "priority": 6,
      "trigger": {
        "relation": "수화",
        "context": "애정"
      },
      "mechanism": "수화가 연결되면 애정 지수가 높아짐.",
      "interpretation": "수화의 연결은 감정적 친밀도를 증가시킴.",
      "action": "수화의 연결을 통해 애정 관계를 강화.",
      "cautions": [
        "수화의 단절은 감정적 소통을 방해할 수 있음."
      ],
      "tags": [
        "수화",
        "애정",
        "감정",
        "친밀도",
        "소통",
        "연결",
        "강화",
        "관계",
        "조화",
        "사랑"
      ]
    },
    {
      "id": "RC-b446de06f8",
      "topic": "STRUCTURE",
      "priority": 8,
      "trigger": {
        "element": "병화",
        "relation": "자수",
        "context": "직업"
      },
      "mechanism": "병화와 자수의 관계는 직업적 목표와 연결됨.",
      "interpretation": "직업적 목표가 명확하며 이를 위해 노력함.",
      "action": "직업적 목표를 설정하고 이를 위한 계획을 실행.",
      "cautions": [
        "직업적 목표에만 치중하여 개인적 만족을 간과할 수 있음."
      ],
      "tags": [
        "병화",
        "자수",
        "직업",
        "목표",
        "계획",
        "노력",
        "구조",
        "연결",
        "사회",
        "역할"
      ]
    },
    {
      "id": "RC-c8db8bb714",
      "topic": "RELATION",
      "priority": 5,
      "trigger": {
        "relation": "재관",
        "context": "사회적 관계"
      },
      "mechanism": "재관은 사회적 관계에서 역할 분담을 강조.",
      "interpretation": "사회적 관계에서 역할 분담이 중요함.",
      "action": "사회적 관계에서 역할을 명확히 하고 조화를 추구.",
      "cautions": [
        "역할 분담이 불명확하면 갈등이 발생할 수 있음."
      ],
      "tags": [
        "재관",
        "사회",
        "관계",
        "역할",
        "분담",
        "조화",
        "갈등",
        "소통",
        "구조",
        "연결"
      ]
    }
  ],
  "notes": [
    "텍스트가 매우 방대하여 일부 내용은 요약 및 핵심 규칙으로 추출됨."
  ],
  "schema_version": "rulecards.v1",
  "module_code": "SajuOS_STRU_058",
  "updated_at": "2025-12-23T20:27:23"
}