{
  "title": "SajuOS_Logic_STRU_A_017",
  "rulecards": [
    {
      "id": "RC-d135b55d96",
      "topic": "STRUCTURE",
      "priority": 9,
      "trigger": {
        "placement": "연지",
        "element": "편재"
      },
      "mechanism": "연지의 편재는 확장성과 과시적인 에너지를 상징하며, 전체를 조망하는 능력을 강화한다.",
      "interpretation": "연지에 편재가 있으면 사업적 확장과 거시적 관점에서의 판단력이 뛰어나다.",
      "action": "사업 계획 시 전체적인 구조와 세부적인 디테일을 동시에 고려하라.",
      "cautions": [
        "확장에만 치중하면 세부적인 관리가 소홀해질 수 있다."
      ],
      "tags": [
        "편재",
        "연지",
        "확장",
        "사업",
        "디테일"
      ]
    },
    {
      "id": "RC-01860e4763",
      "topic": "STRUCTURE",
      "priority": 8,
      "trigger": {
        "placement": "월지",
        "element": "왕지"
      },
      "mechanism": "월지의 왕지는 강한 에너지 덩어리로 격처럼 작용한다.",
      "interpretation": "월지에 왕지가 있으면 타고난 환경과 재능을 활용해 직업적 성공 가능성이 높다.",
      "action": "월지의 왕지 에너지를 기반으로 직업적 방향성을 설정하라.",
      "cautions": [
        "월지의 에너지를 무시하면 직업적 혼란이 올 수 있다."
      ],
      "tags": [
        "월지",
        "왕지",
        "격",
        "직업",
        "환경"
      ]
    },
    {
      "id": "RC-93f29e1a22",
      "topic": "WEALTH",
      "priority": 7,
      "trigger": {
        "placement": "연지",
        "element": "편재",
        "supporting_elements": [
          "수",
          "화"
        ]
      },
      "mechanism": "수와 화가 편재를 활성화하여 재물의 흐름을 강화한다.",
      "interpretation": "수와 화가 있으면 편재의 에너지가 극대화되어 재물 운이 좋아진다.",
      "action": "수와 화의 에너지를 활용할 수 있는 환경을 조성하라.",
      "cautions": [
        "수와 화가 없으면 재물 운이 약화될 수 있다."
      ],
      "tags": [
        "편재",
        "수",
        "화",
        "재물",
        "활성화"
      ]
    },
    {
      "id": "RC-8601373901",
      "topic": "CAREER",
      "priority": 8,
      "trigger": {
        "placement": "월지",
        "element": "편재",
        "connection": "연지"
      },
      "mechanism": "월지와 연지의 연결은 사업적 확장과 사회적 영향력을 강화한다.",
      "interpretation": "월지와 연지가 연결되면 사업이 글로벌화되거나 사회적 파급력을 가진다.",
      "action": "사업 확장 시 월지와 연지의 연결성을 고려하라.",
      "cautions": [
        "확장 과정에서 리스크 관리가 필요하다."
      ],
      "tags": [
        "월지",
        "연지",
        "편재",
        "사업",
        "확장"
      ]
    },
    {
      "id": "RC-20b0707515",
      "topic": "STRUCTURE",
      "priority": 7,
      "trigger": {
        "placement": "월지",
        "element": "식상격"
      },
      "mechanism": "식상격은 타고난 환경을 극복하고 직업적 방향성을 설정한다.",
      "interpretation": "식상격은 환경을 무시하고도 직업적 성공을 이룰 수 있는 구조를 제공한다.",
      "action": "식상격의 에너지를 활용해 독립적인 직업적 목표를 설정하라.",
      "cautions": [
        "환경을 무시하면 초기 단계에서 어려움을 겪을 수 있다."
      ],
      "tags": [
        "식상격",
        "월지",
        "환경",
        "직업",
        "독립"
      ]
    },
    {
      "id": "RC-83230c2e81",
      "topic": "CAREER",
      "priority": 6,
      "trigger": {
        "placement": "연지",
        "element": "편재",
        "traits": [
          "구체성",
          "현실성"
        ]
      },
      "mechanism": "연지의 편재는 구체적이고 현실적인 사업적 성과를 가능하게 한다.",
      "interpretation": "연지에 편재가 있으면 실질적인 사업적 성공 가능성이 높다.",
      "action": "구체적이고 현실적인 목표를 설정하고 실행하라.",
      "cautions": [
        "추상적 계획에 의존하면 실패할 가능성이 높다."
      ],
      "tags": [
        "편재",
        "연지",
        "구체성",
        "현실성",
        "사업"
      ]
    },
    {
      "id": "RC-e63173d848",
      "topic": "WEALTH",
      "priority": 7,
      "trigger": {
        "placement": "일지",
        "element": "편재"
      },
      "mechanism": "일지의 편재는 개인적인 재물 축적 능력을 강화한다.",
      "interpretation": "일지에 편재가 있으면 개인적인 재물 관리와 축적 능력이 뛰어나다.",
      "action": "재물 관리에 집중하고 장기적인 재정 계획을 세워라.",
      "cautions": [
        "지출 관리에 소홀하면 재정적 어려움을 겪을 수 있다."
      ],
      "tags": [
        "편재",
        "일지",
        "재물",
        "관리",
        "축적"
      ]
    },
    {
      "id": "RC-22c9a9db87",
      "topic": "CAREER",
      "priority": 8,
      "trigger": {
        "placement": "월지",
        "element": "편재",
        "traits": [
          "교육",
          "강사"
        ]
      },
      "mechanism": "월지의 편재는 교육 분야에서의 전문성을 강화한다.",
      "interpretation": "월지에 편재가 있으면 교육 분야에서 성공할 가능성이 높다.",
      "action": "교육 분야에서 전문성을 키우고 강사로서의 역량을 강화하라.",
      "cautions": [
        "교육 분야에서의 경쟁력을 유지하려면 지속적인 학습이 필요하다."
      ],
      "tags": [
        "편재",
        "월지",
        "교육",
        "강사",
        "전문성"
      ]
    },
    {
      "id": "RC-f98ee63be9",
      "topic": "WEALTH",
      "priority": 6,
      "trigger": {
        "placement": "연지",
        "element": "편재",
        "traits": [
          "확장",
          "사회적 영향력"
        ]
      },
      "mechanism": "연지의 편재는 사회적 영향력을 통해 재물 운을 강화한다.",
      "interpretation": "연지에 편재가 있으면 사회적 영향력을 통해 재물 운이 상승한다.",
      "action": "사회적 네트워크를 활용해 재물 운을 극대화하라.",
      "cautions": [
        "사회적 평판 관리에 신경 써야 한다."
      ],
      "tags": [
        "편재",
        "연지",
        "사회적 영향력",
        "재물",
        "확장"
      ]
    },
    {
      "id": "RC-6da917b127",
      "topic": "STRUCTURE",
      "priority": 7,
      "trigger": {
        "placement": "월지",
        "element": "왕지",
        "traits": [
          "뚜렷함"
        ]
      },
      "mechanism": "왕지는 뚜렷한 에너지로 격을 강화한다.",
      "interpretation": "월지에 왕지가 있으면 직업적 방향성이 명확해진다.",
      "action": "뚜렷한 목표를 설정하고 이를 기반으로 직업적 계획을 세워라.",
      "cautions": [
        "목표가 불명확하면 에너지 낭비가 발생할 수 있다."
      ],
      "tags": [
        "왕지",
        "월지",
        "뚜렷함",
        "격",
        "목표"
      ]
    },
    {
      "id": "RC-5af907529a",
      "topic": "TIMING",
      "priority": 9,
      "trigger": {
        "element": "화",
        "presence": false
      },
      "mechanism": "화는 목과 금의 목적을 이루는 중요한 요소로 작용함.",
      "interpretation": "화운이 부족하면 사회적 명예와 상대방 입장을 고려하는 능력이 약화됨.",
      "action": "화운이 오는 시기를 활용하여 관계와 명예를 강화할 것.",
      "cautions": [
        "화운이 없을 경우 결혼이나 사회적 성공이 어려울 수 있음."
      ],
      "tags": [
        "화운",
        "목",
        "금",
        "사회적명예",
        "결혼",
        "상대방입장",
        "운세",
        "타이밍"
      ]
    },
    {
      "id": "RC-a4f3dbd47d",
      "topic": "STRUCTURE",
      "priority": 8,
      "trigger": {
        "structure": "쟁재",
        "note": "비견과 겁재가 강한 경우"
      },
      "mechanism": "쟁재는 재물에 대한 경쟁과 감각을 증폭시킴.",
      "interpretation": "쟁재가 강하면 재물에 대한 감각이 뛰어나고, 경쟁을 통해 재능이 발휘됨.",
      "action": "재물 관련 활동에서 감각을 활용하고, 경쟁을 긍정적으로 받아들일 것.",
      "cautions": [
        "쟁재가 지나치면 재물 손실이나 갈등이 발생할 수 있음."
      ],
      "tags": [
        "쟁재",
        "비견",
        "겁재",
        "재물",
        "경쟁",
        "감각",
        "재능",
        "구조"
      ]
    },
    {
      "id": "RC-6844d638dc",
      "topic": "LOVE",
      "priority": 7,
      "trigger": {
        "element": "화",
        "presence": false
      },
      "mechanism": "화는 상대방 입장을 고려하는 능력을 강화함.",
      "interpretation": "화가 없으면 상대방 입장을 고려하지 못해 연애나 결혼에서 어려움이 생김.",
      "action": "상대방의 입장을 이해하려는 노력을 기울일 것.",
      "cautions": [
        "화가 없는 경우, 상대방과의 갈등이 심화될 수 있음."
      ],
      "tags": [
        "화",
        "연애",
        "결혼",
        "상대방입장",
        "갈등",
        "이해",
        "사랑",
        "관계"
      ]
    },
    {
      "id": "RC-15f187fff1",
      "topic": "CAREER",
      "priority": 8,
      "trigger": {
        "structure": "편재",
        "location": "시"
      },
      "mechanism": "시의 편재는 개인적 만족과 창의적 활동을 중시함.",
      "interpretation": "시의 편재는 직장보다는 개인 사업이나 창의적 활동에 적합함.",
      "action": "개인 사업이나 창의적 활동을 통해 만족도를 높일 것.",
      "cautions": [
        "직장 환경에서는 만족도가 낮을 수 있음."
      ],
      "tags": [
        "편재",
        "시",
        "개인사업",
        "창의성",
        "만족도",
        "직장",
        "활동",
        "커리어"
      ]
    },
    {
      "id": "RC-55e1fc8dbd",
      "topic": "WEALTH",
      "priority": 9,
      "trigger": {
        "element": "수",
        "presence": true
      },
      "mechanism": "수는 재물을 끌어오는 능력을 강화함.",
      "interpretation": "수가 강하면 재물을 끌어오는 능력이 뛰어나며, 재복이 증가함.",
      "action": "수의 에너지를 활용하여 재물 관련 기회를 극대화할 것.",
      "cautions": [
        "수의 과잉은 감정적 불안정을 초래할 수 있음."
      ],
      "tags": [
        "수",
        "재물",
        "재복",
        "기회",
        "에너지",
        "부",
        "안정",
        "경제"
      ]
    },
    {
      "id": "RC-2af39180e5",
      "topic": "GENERAL",
      "priority": 7,
      "trigger": {
        "structure": "정재",
        "note": "정확성과 꾸준함을 중시하는 경우"
      },
      "mechanism": "정재는 정확성과 꾸준함을 기반으로 재물을 다룸.",
      "interpretation": "정재가 강하면 체계적이고 신뢰할 수 있는 재물 관리가 가능함.",
      "action": "정확성과 꾸준함을 바탕으로 재물 관리를 체계적으로 할 것.",
      "cautions": [
        "지나친 완벽주의는 스트레스를 초래할 수 있음."
      ],
      "tags": [
        "정재",
        "정확성",
        "꾸준함",
        "재물관리",
        "체계",
        "신뢰",
        "완벽주의",
        "기초"
      ]
    },
    {
      "id": "RC-a4a96fd8ed",
      "topic": "RELATION",
      "priority": 6,
      "trigger": {
        "structure": "비견",
        "location": "시"
      },
      "mechanism": "시의 비견은 개인적 관계에서의 유대감을 강화함.",
      "interpretation": "시의 비견은 친구나 가족과의 유대가 강하며, 책임감을 느끼게 함.",
      "action": "가족과 친구와의 관계를 소중히 여기고, 책임감을 다할 것.",
      "cautions": [
        "비견이 강하면 지나친 의존이나 갈등이 발생할 수 있음."
      ],
      "tags": [
        "비견",
        "시",
        "유대감",
        "책임감",
        "가족",
        "친구",
        "관계",
        "의존"
      ]
    },
    {
      "id": "RC-b41ece13a7",
      "topic": "CAREER",
      "priority": 8,
      "trigger": {
        "structure": "상관생재",
        "note": "시의 에너지가 강한 경우"
      },
      "mechanism": "상관생재는 창의적이고 독립적인 직업 활동을 촉진함.",
      "interpretation": "상관생재가 강하면 직장보다는 개인 사업이나 창의적 활동에 적합함.",
      "action": "창의적이고 독립적인 직업 활동을 통해 만족도를 높일 것.",
      "cautions": [
        "독립적인 활동이 지나치면 사회적 관계가 약화될 수 있음."
      ],
      "tags": [
        "상관생재",
        "창의성",
        "독립",
        "직업",
        "개인사업",
        "만족도",
        "활동",
        "커리어"
      ]
    },
    {
      "id": "RC-9e096fcd0a",
      "topic": "WEALTH",
      "priority": 7,
      "trigger": {
        "structure": "편재",
        "note": "재를 다루는 감각이 뛰어난 경우"
      },
      "mechanism": "편재는 재물에 대한 감각과 활용 능력을 강화함.",
      "interpretation": "편재가 강하면 재물에 대한 감각이 뛰어나며, 이를 활용할 수 있음.",
      "action": "재물 관련 기회를 적극적으로 활용할 것.",
      "cautions": [
        "재물에 대한 과도한 집착은 갈등을 초래할 수 있음."
      ],
      "tags": [
        "편재",
        "재물",
        "감각",
        "활용",
        "기회",
        "경제",
        "부",
        "관리"
      ]
    },
    {
      "id": "RC-7d4e60f5e3",
      "topic": "LOVE",
      "priority": 6,
      "trigger": {
        "structure": "금",
        "note": "화가 부족한 경우"
      },
      "mechanism": "금은 화와의 조화를 통해 관계를 형성함.",
      "interpretation": "금이 강하고 화가 부족하면 상대방과의 관계 형성이 어려움.",
      "action": "상대방의 입장을 이해하고, 조화를 이루기 위한 노력을 기울일 것.",
      "cautions": [
        "화가 부족하면 관계에서 갈등이 심화될 수 있음."
      ],
      "tags": [
        "금",
        "화",
        "조화",
        "관계",
        "이해",
        "갈등",
        "연애",
        "사랑"
      ]
    },
    {
      "id": "RC-75c6cd6c40",
      "topic": "WEALTH",
      "priority": 9,
      "trigger": {
        "has_fixed_plan": true,
        "type": "정재"
      },
      "mechanism": "정재는 계획적이고 구체적인 목표를 설정하며 움직임.",
      "interpretation": "정재가 강한 사람은 자신의 계획에서 벗어나는 것을 극도로 싫어함.",
      "action": "재정 계획을 철저히 세우고 그 안에서 움직이는 것이 중요.",
      "cautions": [
        "계획에서 벗어날 경우 스트레스가 심할 수 있음."
      ],
      "tags": [
        "정재",
        "계획",
        "목표",
        "재정",
        "구체성"
      ]
    },
    {
      "id": "RC-a147ea731e",
      "topic": "WEALTH",
      "priority": 8,
      "trigger": {
        "type": "정재",
        "linked_to": "식상"
      },
      "mechanism": "정재와 식상이 연결되면 구체적이고 실질적인 재정 목표를 설정함.",
      "interpretation": "정재와 식상이 연결된 사람은 재정적 안정과 계획을 중시함.",
      "action": "구체적인 금액 목표를 설정하고 이를 달성하기 위한 실질적 행동을 취할 것.",
      "cautions": [
        "목표가 지나치게 구체적일 경우 유연성이 부족할 수 있음."
      ],
      "tags": [
        "정재",
        "식상",
        "재정",
        "목표",
        "안정"
      ]
    },
    {
      "id": "RC-2a80612abf",
      "topic": "WEALTH",
      "priority": 7,
      "trigger": {
        "type": "편재",
        "linked_to": "상관"
      },
      "mechanism": "편재와 상관의 조합은 무한 확장과 모험을 추구함.",
      "interpretation": "편재와 상관이 강한 사람은 리스크를 감수하며 큰 목표를 추구함.",
      "action": "확장 가능성을 탐색하고 새로운 기회를 적극적으로 모색할 것.",
      "cautions": [
        "리스크 관리가 부족할 수 있음."
      ],
      "tags": [
        "편재",
        "상관",
        "확장",
        "모험",
        "리스크"
      ]
    },
    {
      "id": "RC-b4cc2bedde",
      "topic": "CAREER",
      "priority": 8,
      "trigger": {
        "type": "정재",
        "linked_to": "관"
      },
      "mechanism": "정재와 관의 연결은 안정적이고 체계적인 직업 선택을 선호함.",
      "interpretation": "정재와 관이 연결된 사람은 재무, 회계 등 안정적인 직업에 적합함.",
      "action": "안정적이고 체계적인 직업을 선택하고 전문성을 키울 것.",
      "cautions": [
        "변화에 대한 적응력이 부족할 수 있음."
      ],
      "tags": [
        "정재",
        "관",
        "직업",
        "안정",
        "체계"
      ]
    },
    {
      "id": "RC-7e8ca762ec",
      "topic": "CAREER",
      "priority": 7,
      "trigger": {
        "type": "편재",
        "linked_to": "관"
      },
      "mechanism": "편재와 관의 연결은 공격적이고 리스크를 감수하는 직업 선택을 선호함.",
      "interpretation": "편재와 관이 연결된 사람은 증권, 투자 등 리스크가 있는 직업에 적합함.",
      "action": "리스크를 감수할 수 있는 직업을 선택하고 적극적으로 도전할 것.",
      "cautions": [
        "리스크 관리가 중요함."
      ],
      "tags": [
        "편재",
        "관",
        "직업",
        "리스크",
        "투자"
      ]
    },
    {
      "id": "RC-37ddbfc8f1",
      "topic": "WEALTH",
      "priority": 8,
      "trigger": {
        "type": "정재",
        "linked_to": "상관"
      },
      "mechanism": "정재와 상관의 조합은 분석적이고 체계적인 재정 관리 능력을 발휘함.",
      "interpretation": "정재와 상관이 연결된 사람은 재정 관리와 분석 능력이 뛰어남.",
      "action": "재정 관리와 분석 능력을 활용하여 안정적인 재정 상태를 유지할 것.",
      "cautions": [
        "지나치게 보수적일 수 있음."
      ],
      "tags": [
        "정재",
        "상관",
        "재정",
        "분석",
        "안정"
      ]
    },
    {
      "id": "RC-774c758f03",
      "topic": "CAREER",
      "priority": 7,
      "trigger": {
        "type": "정재",
        "linked_to": "식상"
      },
      "mechanism": "정재와 식상의 연결은 개인 능력을 중시하는 직업 선택을 선호함.",
      "interpretation": "정재와 식상이 연결된 사람은 IT, 데이터 분석 등 개인 능력이 중요한 직업에 적합함.",
      "action": "개인 능력을 발휘할 수 있는 직업을 선택하고 전문성을 키울 것.",
      "cautions": [
        "조직 생활에 적응하기 어려울 수 있음."
      ],
      "tags": [
        "정재",
        "식상",
        "직업",
        "IT",
        "데이터"
      ]
    },
    {
      "id": "RC-2d0b07b184",
      "topic": "WEALTH",
      "priority": 6,
      "trigger": {
        "type": "정재",
        "linked_to": "수화"
      },
      "mechanism": "정재가 수화와 연결되면 재능을 사회적으로 발휘할 가능성이 높아짐.",
      "interpretation": "정재가 수화와 연결된 사람은 재능을 활용하여 사회적 성공을 이룰 가능성이 큼.",
      "action": "재능을 발휘할 수 있는 기회를 적극적으로 탐색할 것.",
      "cautions": [
        "수화가 부족하면 재능 발휘가 어려울 수 있음."
      ],
      "tags": [
        "정재",
        "수화",
        "재능",
        "사회적 성공",
        "기회"
      ]
    },
    {
      "id": "RC-bbaf5cf807",
      "topic": "CAREER",
      "priority": 6,
      "trigger": {
        "type": "정재",
        "linked_to": "식상",
        "is_weak": true
      },
      "mechanism": "정재와 식상이 약하면 자영업보다는 안정적인 직장이 더 적합함.",
      "interpretation": "정재와 식상이 약한 사람은 자영업보다는 안정적인 직업을 선호함.",
      "action": "안정적인 직업을 선택하고 장기적인 계획을 세울 것.",
      "cautions": [
        "자영업에 도전할 경우 리스크가 클 수 있음."
      ],
      "tags": [
        "정재",
        "식상",
        "직업",
        "안정",
        "자영업"
      ]
    },
    {
      "id": "RC-e24a395769",
      "topic": "WEALTH",
      "priority": 5,
      "trigger": {
        "type": "정재",
        "linked_to": "지지"
      },
      "mechanism": "정재가 지지에 있으면 비자금 관리 능력이 뛰어남.",
      "interpretation": "정재가 지지에 있는 사람은 비자금을 잘 관리하며 재정적 안정감을 가짐.",
      "action": "비자금을 활용하여 재정적 유연성을 확보할 것.",
      "cautions": [
        "비자금 관리가 투명하지 않을 경우 신뢰를 잃을 수 있음."
      ],
      "tags": [
        "정재",
        "지지",
        "비자금",
        "재정",
        "안정"
      ]
    },
    {
      "id": "RC-436ab7b66a",
      "topic": "STRUCTURE",
      "priority": 9,
      "trigger": {
        "element": "경금",
        "position": "묘"
      },
      "mechanism": "경금이 묘에 위치하면 신뢰와 정확성, 치밀함이 강조됨.",
      "interpretation": "계획적이고 신뢰를 중시하는 성격으로, 계산된 삶을 추구함.",
      "action": "자신의 계획과 신뢰를 기반으로 직업적 성취를 추구하라.",
      "cautions": [
        "신뢰를 잃는 상황을 피해야 함.",
        "쟁재 상황에서 큰 타격을 받을 수 있음."
      ],
      "tags": [
        "경금",
        "묘",
        "신뢰",
        "계획",
        "쟁재"
      ]
    },
    {
      "id": "RC-ab8e35af75",
      "topic": "STRUCTURE",
      "priority": 8,
      "trigger": {
        "element": "묘",
        "relation": "목극토"
      },
      "mechanism": "묘목이 목극토를 강하게 발휘하며, 토를 두려워하지 않음.",
      "interpretation": "토가 많아도 묘목이 있으면 체감과 실질적 감각이 생김.",
      "action": "묘목의 강점을 활용해 현실적 문제를 해결하라.",
      "cautions": [
        "토가 과도하면 혼란이 생길 수 있음."
      ],
      "tags": [
        "묘목",
        "목극토",
        "체감",
        "현실감",
        "토"
      ]
    },
    {
      "id": "RC-6804db4645",
      "topic": "STRUCTURE",
      "priority": 7,
      "trigger": {
        "element": "기토",
        "relation": "묘"
      },
      "mechanism": "기토와 묘의 조합은 실질성과 현실감을 강화함.",
      "interpretation": "현실적이고 구체적인 문제 해결 능력이 뛰어남.",
      "action": "현실적 접근을 통해 문제를 해결하고 조직을 이끌어라.",
      "cautions": [
        "현실에만 치중하여 정신적 영역을 간과하지 말 것."
      ],
      "tags": [
        "기토",
        "묘",
        "현실감",
        "문제 해결",
        "조직"
      ]
    },
    {
      "id": "RC-ffe42c529a",
      "topic": "STRUCTURE",
      "priority": 8,
      "trigger": {
        "element": "편관",
        "relation": "묘"
      },
      "mechanism": "묘가 편관으로 작용하면 실질적 권한과 리더십이 강화됨.",
      "interpretation": "조직 내에서 실질적 영향력을 발휘할 수 있음.",
      "action": "리더십을 발휘하여 조직을 효과적으로 이끌어라.",
      "cautions": [
        "독단적 행동을 조심해야 함."
      ],
      "tags": [
        "편관",
        "묘",
        "리더십",
        "조직",
        "권한"
      ]
    },
    {
      "id": "RC-a55fa46870",
      "topic": "STRUCTURE",
      "priority": 7,
      "trigger": {
        "element": "편관",
        "relation": "현장"
      },
      "mechanism": "편관은 현장 중심적이고 실질적 접근성을 강조함.",
      "interpretation": "현장에서 직접 문제를 해결하며 신뢰를 얻음.",
      "action": "현장 중심의 접근으로 신뢰를 쌓아라.",
      "cautions": [
        "현장에만 치중하여 전체적 관점을 놓치지 말 것."
      ],
      "tags": [
        "편관",
        "현장",
        "신뢰",
        "문제 해결",
        "접근성"
      ]
    },
    {
      "id": "RC-128687bcb6",
      "topic": "STRUCTURE",
      "priority": 6,
      "trigger": {
        "element": "편관",
        "relation": "조직력"
      },
      "mechanism": "편관은 조직 내 소속감과 밀착도를 강화함.",
      "interpretation": "조직을 하나로 묶는 강한 리더십을 발휘함.",
      "action": "조직 내 소속감을 강화하고 팀워크를 중시하라.",
      "cautions": [
        "조직 내 갈등을 조정하는 데 주의가 필요함."
      ],
      "tags": [
        "편관",
        "조직력",
        "소속감",
        "리더십",
        "팀워크"
      ]
    },
    {
      "id": "RC-3939146b65",
      "topic": "STRUCTURE",
      "priority": 7,
      "trigger": {
        "element": "편관",
        "relation": "독단"
      },
      "mechanism": "편관은 독단적 조치를 가능하게 함.",
      "interpretation": "긴급 상황에서 빠른 결정을 내릴 수 있음.",
      "action": "긴급 상황에서는 신속히 행동하되, 후속 조치를 철저히 하라.",
      "cautions": [
        "독단적 행동이 오해를 불러일으킬 수 있음."
      ],
      "tags": [
        "편관",
        "독단",
        "긴급",
        "결정",
        "조치"
      ]
    },
    {
      "id": "RC-420fa60378",
      "topic": "STRUCTURE",
      "priority": 8,
      "trigger": {
        "element": "편관",
        "relation": "화"
      },
      "mechanism": "화는 편관의 에너지를 유지하고 강화함.",
      "interpretation": "화가 있으면 편관의 지속성과 영향력이 강화됨.",
      "action": "화의 에너지를 활용해 장기적 성과를 추구하라.",
      "cautions": [
        "화가 없으면 지속성이 약해질 수 있음."
      ],
      "tags": [
        "편관",
        "화",
        "지속성",
        "영향력",
        "에너지"
      ]
    },
    {
      "id": "RC-58752a8b13",
      "topic": "STRUCTURE",
      "priority": 9,
      "trigger": {
        "element": "편관",
        "relation": "수"
      },
      "mechanism": "수는 편관의 부하 직원 수와 영향력을 결정함.",
      "interpretation": "수의 강약에 따라 조직의 규모와 영향력이 달라짐.",
      "action": "수의 에너지를 활용해 조직의 규모를 확장하라.",
      "cautions": [
        "수의 부족은 조직의 성장에 한계를 줄 수 있음."
      ],
      "tags": [
        "편관",
        "수",
        "조직",
        "부하",
        "영향력"
      ]
    },
    {
      "id": "RC-1f238c8527",
      "topic": "STRUCTURE",
      "priority": 8,
      "trigger": {
        "element": "편관",
        "relation": "연월"
      },
      "mechanism": "연월에 편관이 있으면 전체적인 리더십이 강화됨.",
      "interpretation": "사회적, 국제적 영향력을 발휘할 수 있음.",
      "action": "리더십을 발휘해 사회적 영향력을 확대하라.",
      "cautions": [
        "과도한 책임감으로 인한 스트레스를 주의하라."
      ],
      "tags": [
        "편관",
        "연월",
        "리더십",
        "사회적 영향",
        "국제적"
      ]
    },
    {
      "topic": "RELATION",
      "priority": 8,
      "trigger": {
        "ten_god": "평관",
        "strength": "강함"
      },
      "mechanism": "평관은 통보적 성향을 가지며 독립적 행동을 선호함.",
      "interpretation": "평관이 강한 사람은 중요한 결정을 독단적으로 내릴 가능성이 높음.",
      "action": "자녀가 평관이 강하다면 대화를 통해 문제를 해결하려고 노력해야 함.",
      "cautions": [
        "갈등 상황에서 감정적으로 대응하지 말 것."
      ],
      "tags": [
        "평관",
        "독립성",
        "통보",
        "갈등",
        "대화"
      ],
      "id": "RC-7f86146fbb"
    },
    {
      "topic": "RELATION",
      "priority": 7,
      "trigger": {
        "ten_god": "정관",
        "strength": "존재"
      },
      "mechanism": "정관은 질서와 절차를 중시하는 성향을 가짐.",
      "interpretation": "정관이 있는 사람은 중요한 결정을 부모와 상의하는 경향이 있음.",
      "action": "정관이 있는 자녀와는 논리적이고 체계적으로 대화할 것.",
      "cautions": [
        "의사소통에서 지나치게 감정적 접근을 피할 것."
      ],
      "tags": [
        "정관",
        "질서",
        "절차",
        "상의",
        "논리"
      ],
      "id": "RC-2ab2b62ef3"
    },
    {
      "topic": "RELATION",
      "priority": 9,
      "trigger": {
        "ten_god": "상관",
        "strength": "강함"
      },
      "mechanism": "상관은 자유와 독립을 중시하며 규칙을 따르지 않으려는 경향이 있음.",
      "interpretation": "상관이 강한 사람은 부모의 허락 없이 독단적으로 결혼을 결정할 가능성이 있음.",
      "action": "상관이 강한 자녀와는 신뢰를 바탕으로 열린 대화를 시도할 것.",
      "cautions": [
        "상관이 강한 경우, 강압적 태도는 역효과를 낼 수 있음."
      ],
      "tags": [
        "상관",
        "독립성",
        "결혼",
        "허락",
        "갈등"
      ],
      "id": "RC-a7b7b566cf"
    },
    {
      "topic": "RELATION",
      "priority": 6,
      "trigger": {
        "note": "비겁이 강하거나 살을 쓰는 경우"
      },
      "mechanism": "비겁과 살은 자기중심적이고 독립적인 성향을 강화함.",
      "interpretation": "비겁이 강하거나 살을 쓰는 사람은 부모의 의견을 무시하고 독단적으로 행동할 가능성이 있음.",
      "action": "비겁과 살이 강한 자녀와는 신뢰를 쌓고 대화를 통해 설득할 것.",
      "cautions": [
        "강압적 태도는 갈등을 심화시킬 수 있음."
      ],
      "tags": [
        "비겁",
        "살",
        "독립성",
        "갈등",
        "대화"
      ],
      "id": "RC-783435211b"
    },
    {
      "topic": "RELATION",
      "priority": 5,
      "trigger": {
        "note": "흉신이 발달한 경우"
      },
      "mechanism": "흉신은 충동적이고 예측 불가능한 행동을 유발할 수 있음.",
      "interpretation": "흉신이 발달한 사람은 결혼이나 중요한 결정을 몰래 진행할 가능성이 있음.",
      "action": "흉신이 강한 자녀와는 신뢰를 바탕으로 지속적인 대화를 유지할 것.",
      "cautions": [
        "충동적 행동을 예방하기 위해 감정적 대응을 피할 것."
      ],
      "tags": [
        "흉신",
        "충동",
        "결혼",
        "갈등",
        "대화"
      ],
      "id": "RC-9e4224fb12"
    },
    {
      "topic": "RELATION",
      "priority": 4,
      "trigger": {
        "note": "정관이 강하고 인성이 발달한 경우"
      },
      "mechanism": "정관과 인성은 질서와 상의를 중시하는 성향을 강화함.",
      "interpretation": "정관과 인성이 강한 사람은 부모와 상의 후 결정을 내릴 가능성이 높음.",
      "action": "정관과 인성이 강한 자녀와는 논리적이고 체계적으로 대화할 것.",
      "cautions": [
        "의사소통에서 감정적 접근을 피할 것."
      ],
      "tags": [
        "정관",
        "인성",
        "질서",
        "상의",
        "논리"
      ],
      "id": "RC-5a04e070c3"
    },
    {
      "topic": "RELATION",
      "priority": 3,
      "trigger": {
        "note": "정관이 강한 경우"
      },
      "mechanism": "정관은 끈기와 인내를 통해 목표를 달성하려는 성향을 가짐.",
      "interpretation": "정관이 강한 사람은 부모의 반대를 극복하고 허락을 받을 가능성이 있음.",
      "action": "정관이 강한 자녀와는 장기적인 관점에서 대화를 이어갈 것.",
      "cautions": [
        "단기적인 갈등에 집중하지 말고 장기적인 신뢰를 쌓을 것."
      ],
      "tags": [
        "정관",
        "끈기",
        "허락",
        "인내",
        "대화"
      ],
      "id": "RC-48b26890a7"
    }
  ],
  "notes": [],
  "schema_version": "rulecards.v1",
  "module_code": "SajuOS_STRU_017",
  "updated_at": "2025-12-23T20:27:23"
}