{
  "title": "SajuOS_Logic_STRU_A_056",
  "rulecards": [
    {
      "id": "RC-0859ad6dde",
      "topic": "TEN_GODS",
      "priority": 9,
      "trigger": {
        "type": "편관"
      },
      "mechanism": "편관은 독단적 성향을 가지며, 빠른 결정과 실행력을 보인다.",
      "interpretation": "편관은 조직 내에서 단계를 건너뛰고 발탁되거나 하극상으로 보일 수 있다.",
      "action": "편관의 독단적 성향을 긍정적으로 활용하되, 조직 내 갈등을 피하기 위해 신중히 행동하라.",
      "cautions": [
        "과도한 독단으로 인해 신뢰를 잃을 수 있음",
        "조직 내 갈등 유발 가능성"
      ],
      "tags": [
        "편관",
        "독단",
        "발탁",
        "조직",
        "하극상"
      ]
    },
    {
      "id": "RC-8b11921540",
      "topic": "TEN_GODS",
      "priority": 8,
      "trigger": {
        "type": "편관",
        "location": "연간"
      },
      "mechanism": "연간의 편관은 강한 카리스마와 두려움을 유발한다.",
      "interpretation": "연간에 편관이 있으면 강인한 인상을 주며, 리더십을 발휘할 가능성이 크다.",
      "action": "강한 이미지를 활용해 리더십을 발휘하되, 과도한 권위주의를 경계하라.",
      "cautions": [
        "타인의 반발을 초래할 수 있음",
        "과도한 자기 과신 주의"
      ],
      "tags": [
        "편관",
        "연간",
        "카리스마",
        "리더십",
        "두려움"
      ]
    },
    {
      "id": "RC-8a280c43a1",
      "topic": "TEN_GODS",
      "priority": 7,
      "trigger": {
        "type": "편관",
        "condition": "일간이 약함"
      },
      "mechanism": "일간이 약할 경우 편관은 살로 작용하여 예측 불가능한 사건을 유발할 수 있다.",
      "interpretation": "편관이 강하고 일간이 약하면 사고나 위기가 발생할 가능성이 높다.",
      "action": "일간을 강화하거나 인성과 식신을 활용해 편관을 다스려라.",
      "cautions": [
        "사고 가능성 증가",
        "위기 관리 필요"
      ],
      "tags": [
        "편관",
        "일간",
        "살",
        "위기",
        "사고"
      ]
    },
    {
      "id": "RC-8bad2f3a0c",
      "topic": "TEN_GODS",
      "priority": 8,
      "trigger": {
        "type": "편관",
        "location": "월간"
      },
      "mechanism": "월간의 편관은 직업적 성향과 사회적 역할에 영향을 미친다.",
      "interpretation": "월간에 편관이 있으면 사회적 지위와 직업적 성취를 추구하는 경향이 강하다.",
      "action": "편관의 직업적 성향을 활용해 사회적 역할을 강화하라.",
      "cautions": [
        "사회적 압박에 민감할 수 있음",
        "직업적 실패 시 회의감 증가"
      ],
      "tags": [
        "편관",
        "월간",
        "직업",
        "사회적 역할",
        "성취"
      ]
    },
    {
      "id": "RC-649adcbc0c",
      "topic": "TEN_GODS",
      "priority": 7,
      "trigger": {
        "type": "편관",
        "condition": "인성이 부족함"
      },
      "mechanism": "인성이 부족하면 편관의 부정적 영향이 강화된다.",
      "interpretation": "인성이 부족한 경우 편관은 극복되지 못하고 부정적 상황을 초래할 수 있다.",
      "action": "인성을 강화하거나 교육을 통해 편관의 부정적 영향을 줄여라.",
      "cautions": [
        "부정적 상황 지속 가능성",
        "사회적 교화 부족"
      ],
      "tags": [
        "편관",
        "인성",
        "극복",
        "교육",
        "부정적 영향"
      ]
    },
    {
      "id": "RC-0db64ba43b",
      "topic": "TEN_GODS",
      "priority": 6,
      "trigger": {
        "type": "편관",
        "location": "일지"
      },
      "mechanism": "일지의 편관은 선택과 딜레마를 반복적으로 경험하게 한다.",
      "interpretation": "일지에 편관이 있으면 중요한 선택의 기로에서 갈등을 겪을 가능성이 높다.",
      "action": "결정 과정에서 신중함을 유지하고, 식신이나 인성을 활용해 극복하라.",
      "cautions": [
        "결정 지연",
        "심리적 스트레스"
      ],
      "tags": [
        "편관",
        "일지",
        "선택",
        "딜레마",
        "극복"
      ]
    },
    {
      "id": "RC-e185e3e67e",
      "topic": "TEN_GODS",
      "priority": 7,
      "trigger": {
        "type": "편관",
        "condition": "식신이 약함"
      },
      "mechanism": "식신이 약하면 편관을 다루는 데 어려움이 생긴다.",
      "interpretation": "식신이 약한 경우 편관의 부정적 영향이 강화되어 문제를 해결하기 어렵다.",
      "action": "식신을 강화하거나 다른 요소를 활용해 편관의 영향을 완화하라.",
      "cautions": [
        "문제 해결력 저하",
        "부정적 상황 지속"
      ],
      "tags": [
        "편관",
        "식신",
        "문제 해결",
        "극복",
        "부정적 영향"
      ]
    },
    {
      "id": "RC-5d7f4ba0f0",
      "topic": "TEN_GODS",
      "priority": 8,
      "trigger": {
        "type": "편관",
        "location": "연지"
      },
      "mechanism": "연지의 편관은 가문의 분위기와 유전적 영향을 나타낸다.",
      "interpretation": "연지에 편관이 있으면 가문의 풍모와 유전적 특성을 강하게 물려받는다.",
      "action": "가문의 특성을 이해하고 이를 긍정적으로 활용하라.",
      "cautions": [
        "가문의 부정적 영향 가능성",
        "유전적 한계"
      ],
      "tags": [
        "편관",
        "연지",
        "가문",
        "유전",
        "풍모"
      ]
    },
    {
      "id": "RC-78f3366a29",
      "topic": "TEN_GODS",
      "priority": 9,
      "trigger": {
        "type": "편관",
        "condition": "인성과 식신이 강함"
      },
      "mechanism": "인성과 식신이 강하면 편관의 부정적 영향을 극복할 수 있다.",
      "interpretation": "편관이 강해도 인성과 식신이 강하면 이를 다루고 긍정적으로 활용할 수 있다.",
      "action": "인성과 식신을 강화해 편관의 긍정적 측면을 극대화하라.",
      "cautions": [],
      "tags": [
        "편관",
        "인성",
        "식신",
        "극복",
        "긍정적 활용"
      ]
    },
    {
      "id": "RC-4dad68d6ee",
      "topic": "TEN_GODS",
      "priority": 6,
      "trigger": {
        "type": "편관",
        "condition": "운에서 강화됨"
      },
      "mechanism": "운에서 편관이 강화되면 직업적 변화나 사회적 역할의 변동이 발생한다.",
      "interpretation": "운에서 편관이 강해지면 새로운 직업적 기회나 사회적 역할을 맡게 될 가능성이 높다.",
      "action": "운의 흐름을 파악하고, 변화에 대비하라.",
      "cautions": [
        "변화에 대한 준비 부족",
        "사회적 압박 증가"
      ],
      "tags": [
        "편관",
        "운",
        "직업 변화",
        "사회적 역할",
        "변동"
      ]
    },
    {
      "id": "RC-47380c655a",
      "topic": "TEN_GODS",
      "priority": 9,
      "trigger": {
        "type": "편인",
        "interaction": "식신"
      },
      "mechanism": "편인은 식신을 억제하는 성질이 있음.",
      "interpretation": "편인이 강하면 식신의 순화 작용이 약화되어 보호장치가 사라질 수 있음.",
      "action": "편인이 강한 사람은 안전장치를 철저히 유지하고, 중요한 결정을 신중히 할 것.",
      "cautions": [
        "편인의 과도한 억제는 불안정한 상황을 초래할 수 있음."
      ],
      "tags": [
        "편인",
        "식신",
        "억제",
        "안전",
        "결정"
      ]
    },
    {
      "id": "RC-5eb73ec2e7",
      "topic": "STRUCTURE",
      "priority": 8,
      "trigger": {
        "note": "평관이 강한 운"
      },
      "mechanism": "평관은 불안정성과 돌발성을 나타냄.",
      "interpretation": "평관이 강한 운에서는 예상치 못한 사건이나 건강 문제 발생 가능성이 높음.",
      "action": "평관 운에서는 건강 관리와 재정적 안정에 주의할 것.",
      "cautions": [
        "돌발적인 사건에 대비책을 마련해야 함."
      ],
      "tags": [
        "평관",
        "운",
        "건강",
        "재정",
        "돌발"
      ]
    },
    {
      "id": "RC-df52481746",
      "topic": "RELATION",
      "priority": 7,
      "trigger": {
        "type": "재성",
        "interaction": "식신"
      },
      "mechanism": "재성이 식신과 연결되면 재생탈로 이어질 수 있음.",
      "interpretation": "재생탈은 재물의 손실이나 투자 실패를 의미함.",
      "action": "재생탈이 예상되는 운에서는 투자나 금전 거래를 피할 것.",
      "cautions": [
        "재성의 과도한 작용은 재정적 손실을 초래할 수 있음."
      ],
      "tags": [
        "재성",
        "식신",
        "재생탈",
        "투자",
        "손실"
      ]
    },
    {
      "id": "RC-04694dc408",
      "topic": "TIMING",
      "priority": 6,
      "trigger": {
        "note": "말년의 평관 운"
      },
      "mechanism": "평관은 말년에 임시직이나 선출직과 관련될 가능성이 높음.",
      "interpretation": "말년에는 사회적 역할이나 직책을 맡을 가능성이 있음.",
      "action": "말년의 평관 운에서는 사회적 활동에 적극적으로 참여할 것.",
      "cautions": [
        "임시직은 안정성이 낮을 수 있음."
      ],
      "tags": [
        "평관",
        "말년",
        "임시직",
        "사회적 역할",
        "선출직"
      ]
    },
    {
      "id": "RC-abc9b3e16f",
      "topic": "ELEMENTS",
      "priority": 7,
      "trigger": {
        "element": "목",
        "support": "화"
      },
      "mechanism": "목생화는 목의 성장을 촉진함.",
      "interpretation": "목이 화의 지원을 받으면 성장과 발현이 원활해짐.",
      "action": "목이 강한 사람은 화의 기운을 활용할 것.",
      "cautions": [
        "목생화가 없으면 목의 성장이 제한될 수 있음."
      ],
      "tags": [
        "목",
        "화",
        "목생화",
        "성장",
        "발현"
      ]
    },
    {
      "id": "RC-0c209b9b7d",
      "topic": "TEN_GODS",
      "priority": 8,
      "trigger": {
        "type": "인성",
        "strength": "과다"
      },
      "mechanism": "인성이 과다하면 수용성이 왜곡될 수 있음.",
      "interpretation": "인성이 과다한 사람은 의존적 성향이 강해질 수 있음.",
      "action": "인성이 과다한 경우 독립성을 키우는 활동을 할 것.",
      "cautions": [
        "의존증이나 과도한 수용성으로 인한 문제에 주의."
      ],
      "tags": [
        "인성",
        "수용성",
        "의존",
        "독립",
        "왜곡"
      ]
    },
    {
      "id": "RC-96b37b9457",
      "topic": "TEN_GODS",
      "priority": 7,
      "trigger": {
        "type": "정인",
        "interaction": "편인"
      },
      "mechanism": "정인은 전체성을, 편인은 선택적 수용성을 나타냄.",
      "interpretation": "정인은 균형 잡힌 수용성을, 편인은 특정 분야에 집중하는 성향을 보임.",
      "action": "정인과 편인의 균형을 맞추어 학습과 생활에 활용할 것.",
      "cautions": [
        "편인의 과도한 선택적 수용은 편협함을 초래할 수 있음."
      ],
      "tags": [
        "정인",
        "편인",
        "수용성",
        "균형",
        "학습"
      ]
    },
    {
      "id": "RC-0268add4fb",
      "topic": "STRUCTURE",
      "priority": 9,
      "trigger": {
        "note": "식신제살 구조"
      },
      "mechanism": "식신제살은 강한 카리스마와 리더십을 나타냄.",
      "interpretation": "식신제살 구조는 강한 존재감과 영향력을 의미함.",
      "action": "식신제살 구조를 가진 사람은 리더십을 발휘할 기회를 찾을 것.",
      "cautions": [
        "과도한 카리스마는 주변과의 갈등을 초래할 수 있음."
      ],
      "tags": [
        "식신제살",
        "리더십",
        "카리스마",
        "영향력",
        "구조"
      ]
    },
    {
      "id": "RC-a4133b0317",
      "topic": "ELEMENTS",
      "priority": 6,
      "trigger": {
        "element": "수",
        "interaction": "목"
      },
      "mechanism": "수생목은 목의 성장을 지원하지만 과도하면 방해가 됨.",
      "interpretation": "수의 과도한 작용은 목의 발현을 지연시킬 수 있음.",
      "action": "수와 목의 균형을 유지하도록 환경을 조성할 것.",
      "cautions": [
        "수의 과잉은 목의 성장을 저해할 수 있음."
      ],
      "tags": [
        "수",
        "목",
        "수생목",
        "균형",
        "성장"
      ]
    },
    {
      "id": "RC-438f418ff5",
      "topic": "TIMING",
      "priority": 8,
      "trigger": {
        "note": "경자년"
      },
      "mechanism": "경자년은 수의 기운이 강해 목생화를 지연시킴.",
      "interpretation": "경자년에는 목의 발현이 어려울 수 있음.",
      "action": "경자년에는 목의 기운을 보완할 방법을 찾을 것.",
      "cautions": [
        "수의 과도한 기운은 목의 성장을 방해할 수 있음."
      ],
      "tags": [
        "경자년",
        "수",
        "목",
        "목생화",
        "발현"
      ]
    },
    {
      "id": "RC-629b13b947",
      "topic": "TEN_GODS",
      "priority": 9,
      "trigger": {
        "type": "편인",
        "placement": "일지"
      },
      "mechanism": "편인은 전문화와 특정 분야에 대한 깊은 몰입을 나타냄.",
      "interpretation": "편인은 특정 분야에서 전문성을 발휘하며, 자격보다는 실질적 능력을 중시함.",
      "action": "자신의 흥미와 코드에 맞는 분야를 깊이 탐구하라.",
      "cautions": [
        "편인은 특정 분야에 치우칠 수 있으므로 균형을 유지해야 함."
      ],
      "tags": [
        "편인",
        "전문성",
        "몰입",
        "자격",
        "능력"
      ]
    },
    {
      "id": "RC-0ffa7591a9",
      "topic": "TEN_GODS",
      "priority": 8,
      "trigger": {
        "type": "정인",
        "placement": "일지"
      },
      "mechanism": "정인은 자격화와 체계적인 학습을 나타냄.",
      "interpretation": "정인은 국가공인 자격증과 같은 체계적이고 공인된 학습을 선호함.",
      "action": "공인 자격증 취득을 목표로 체계적으로 학습하라.",
      "cautions": [
        "정인은 속도가 느릴 수 있으므로 꾸준함이 중요함."
      ],
      "tags": [
        "정인",
        "자격증",
        "체계",
        "학습",
        "공인"
      ]
    },
    {
      "id": "RC-dc4d7b43b8",
      "topic": "TEN_GODS",
      "priority": 7,
      "trigger": {
        "type": "편인",
        "placement": "연지"
      },
      "mechanism": "연지의 편인은 가문의 정신적 흐름과 연결됨.",
      "interpretation": "가문에서 정신적 수행이나 학문적 전통이 이어져 내려옴.",
      "action": "가문의 전통과 연결된 학문적 또는 정신적 활동을 탐구하라.",
      "cautions": [
        "가문의 영향에 지나치게 얽매이지 않도록 주의."
      ],
      "tags": [
        "편인",
        "연지",
        "가문",
        "정신적",
        "전통"
      ]
    },
    {
      "id": "RC-9daee4066c",
      "topic": "TEN_GODS",
      "priority": 6,
      "trigger": {
        "type": "편인",
        "placement": "초년"
      },
      "mechanism": "초년의 편인은 도식 현상을 나타냄.",
      "interpretation": "어린 시절에 자원이나 환경의 결핍을 경험할 가능성이 높음.",
      "action": "어린 시절의 결핍을 극복하기 위한 자기 개발에 집중하라.",
      "cautions": [
        "초년의 결핍이 성격 형성에 영향을 줄 수 있음."
      ],
      "tags": [
        "편인",
        "초년",
        "도식",
        "결핍",
        "환경"
      ]
    },
    {
      "id": "RC-f50a613732",
      "topic": "TEN_GODS",
      "priority": 8,
      "trigger": {
        "type": "편인",
        "placement": "대운"
      },
      "mechanism": "편인 대운은 몰입과 전문성을 강화함.",
      "interpretation": "이 시기에는 특정 분야에 몰입하여 전문성을 키우기 적합함.",
      "action": "자신의 흥미와 적성에 맞는 분야를 깊이 탐구하라.",
      "cautions": [
        "편인의 치우침이 지나치지 않도록 주의."
      ],
      "tags": [
        "편인",
        "대운",
        "몰입",
        "전문성",
        "탐구"
      ]
    },
    {
      "id": "RC-925c0e8b12",
      "topic": "TEN_GODS",
      "priority": 7,
      "trigger": {
        "type": "정인",
        "placement": "대운"
      },
      "mechanism": "정인 대운은 체계적 학습과 자격 취득을 촉진함.",
      "interpretation": "이 시기에는 자격증 취득이나 체계적 학습에 유리함.",
      "action": "공인 자격증 취득을 목표로 학습 계획을 세워라.",
      "cautions": [
        "학습 속도가 느릴 수 있으므로 꾸준히 진행해야 함."
      ],
      "tags": [
        "정인",
        "대운",
        "자격증",
        "학습",
        "체계"
      ]
    },
    {
      "id": "RC-dbb328e416",
      "topic": "TEN_GODS",
      "priority": 6,
      "trigger": {
        "type": "편인",
        "placement": "월간"
      },
      "mechanism": "월간의 편인은 기술적 전문성을 나타냄.",
      "interpretation": "기술적 전문성을 발휘하거나 도제 형식의 학습에 적합함.",
      "action": "기술적 전문성을 키우기 위해 도제 형식의 학습을 활용하라.",
      "cautions": [
        "기술적 전문성에만 치우치지 않도록 주의."
      ],
      "tags": [
        "편인",
        "월간",
        "기술",
        "전문성",
        "도제"
      ]
    },
    {
      "id": "RC-d940235c3c",
      "topic": "TEN_GODS",
      "priority": 5,
      "trigger": {
        "type": "편인",
        "placement": "습한 환경"
      },
      "mechanism": "습한 편인은 왜곡된 사고와 경계 무너짐을 나타냄.",
      "interpretation": "습한 환경에서는 도덕적 경계가 약화될 가능성이 있음.",
      "action": "자신의 사고와 행동을 객관적으로 점검하라.",
      "cautions": [
        "습한 환경에서 도덕적 경계가 무너질 수 있음."
      ],
      "tags": [
        "편인",
        "습한",
        "왜곡",
        "도덕",
        "경계"
      ]
    },
    {
      "id": "RC-9a00bee0fd",
      "topic": "TEN_GODS",
      "priority": 6,
      "trigger": {
        "type": "정인",
        "placement": "조한 환경"
      },
      "mechanism": "조한 정인은 분별력과 체계성을 강화함.",
      "interpretation": "조한 환경에서는 체계적이고 분별력 있는 사고가 강화됨.",
      "action": "조직적이고 체계적인 접근 방식을 활용하라.",
      "cautions": [
        "조한 환경에서 지나치게 경직될 수 있음."
      ],
      "tags": [
        "정인",
        "조한",
        "분별력",
        "체계",
        "조직"
      ]
    },
    {
      "id": "RC-c0f4507480",
      "topic": "TEN_GODS",
      "priority": 7,
      "trigger": {
        "type": "편인",
        "placement": "연관"
      },
      "mechanism": "연관의 편인은 도사적 풍모와 고풍스러운 이미지를 나타냄.",
      "interpretation": "고풍스러운 이미지와 정신적 깊이를 가진 사람으로 보임.",
      "action": "자신의 독특한 이미지와 정신적 깊이를 활용하라.",
      "cautions": [
        "외형적 이미지에만 의존하지 않도록 주의."
      ],
      "tags": [
        "편인",
        "연관",
        "도사",
        "이미지",
        "정신적"
      ]
    },
    {
      "topic": "STRUCTURE",
      "priority": 9,
      "trigger": {
        "position": "월지",
        "type": "편인"
      },
      "mechanism": "월지는 초기 조건을 나타내며, 편인이 있으면 자기검열 성향이 강해짐.",
      "interpretation": "자기검열이 강해져 직업적 활용이 어려울 수 있음.",
      "action": "자기검열을 긍정적으로 전환할 방법을 모색.",
      "cautions": [
        "부정적 자기검열로 인한 비효율 주의"
      ],
      "tags": [
        "월지",
        "편인",
        "자기검열",
        "초기조건",
        "직업"
      ],
      "id": "RC-4e4b3107c7"
    },
    {
      "topic": "STRUCTURE",
      "priority": 8,
      "trigger": {
        "position": "월간",
        "type": "편인"
      },
      "mechanism": "월간은 업의 형성을 나타내며, 편인이 있으면 전문성을 갖추기 쉬움.",
      "interpretation": "전문성을 통해 직업적 성공 가능성이 높음.",
      "action": "전문성을 강화할 수 있는 학습과 경험을 쌓을 것.",
      "cautions": [
        "편인의 부정적 발현에 주의"
      ],
      "tags": [
        "월간",
        "편인",
        "전문성",
        "업",
        "직업"
      ],
      "id": "RC-283781c311"
    },
    {
      "topic": "STRUCTURE",
      "priority": 7,
      "trigger": {
        "position": "월지",
        "type": "편인",
        "absence": "식상"
      },
      "mechanism": "식상이 없으면 편인의 자기검열 성향이 더욱 강화됨.",
      "interpretation": "자기검열로 인해 창의적 발현이 억제될 가능성이 있음.",
      "action": "자기검열을 완화하고 창의적 활동을 장려.",
      "cautions": [
        "자기비판 과도 주의"
      ],
      "tags": [
        "월지",
        "편인",
        "식상",
        "자기검열",
        "창의성"
      ],
      "id": "RC-4a91189dfb"
    },
    {
      "topic": "STRUCTURE",
      "priority": 6,
      "trigger": {
        "position": "월지",
        "type": "편인",
        "element": "경금"
      },
      "mechanism": "경금은 분별력을 약화시키는 경향이 있음.",
      "interpretation": "판단력 저하로 인해 부정적 결과를 초래할 수 있음.",
      "action": "결정 시 신중함을 기할 것.",
      "cautions": [
        "분별력 약화로 인한 실수 주의"
      ],
      "tags": [
        "월지",
        "편인",
        "경금",
        "분별력",
        "판단"
      ],
      "id": "RC-88de1c49e8"
    },
    {
      "topic": "STRUCTURE",
      "priority": 8,
      "trigger": {
        "position": "월간",
        "type": "편인",
        "element": "병화"
      },
      "mechanism": "병화는 따뜻함과 생명력을 상징하며, 편인의 긍정적 발현을 돕는다.",
      "interpretation": "사회적 인정과 지지를 받을 가능성이 높음.",
      "action": "병화의 에너지를 활용해 자신감을 키울 것.",
      "cautions": [
        "과도한 기대감 주의"
      ],
      "tags": [
        "월간",
        "편인",
        "병화",
        "사회적 인정",
        "긍정적 발현"
      ],
      "id": "RC-98349b049b"
    },
    {
      "topic": "STRUCTURE",
      "priority": 7,
      "trigger": {
        "position": "시간",
        "type": "편인"
      },
      "mechanism": "시간의 편인은 미래 지향적 사고와 연결됨.",
      "interpretation": "미래에 대한 희망과 꿈을 추구하는 성향이 강함.",
      "action": "현실적 목표와 연결하여 꿈을 구체화할 것.",
      "cautions": [
        "비현실적 기대 주의"
      ],
      "tags": [
        "시간",
        "편인",
        "미래",
        "희망",
        "꿈"
      ],
      "id": "RC-a58e0165c0"
    },
    {
      "topic": "STRUCTURE",
      "priority": 6,
      "trigger": {
        "position": "시간",
        "type": "편인",
        "negative": true
      },
      "mechanism": "부정적 편인은 치매와 같은 질병과 연관될 수 있음.",
      "interpretation": "정신적 건강에 주의가 필요함.",
      "action": "손발을 자주 사용하며 활동성을 유지할 것.",
      "cautions": [
        "정신적 건강 악화 주의"
      ],
      "tags": [
        "시간",
        "편인",
        "질병",
        "치매",
        "정신건강"
      ],
      "id": "RC-a2d7a76186"
    },
    {
      "topic": "STRUCTURE",
      "priority": 7,
      "trigger": {
        "position": "월지",
        "type": "편인",
        "element": "진월"
      },
      "mechanism": "진월의 편인은 부정적 성향을 강화할 수 있음.",
      "interpretation": "자기검열과 부정적 사고가 심화될 가능성이 있음.",
      "action": "긍정적 사고를 유지하려는 노력이 필요.",
      "cautions": [
        "부정적 사고 주의"
      ],
      "tags": [
        "월지",
        "편인",
        "진월",
        "부정적 사고",
        "자기검열"
      ],
      "id": "RC-b76e372ba0"
    },
    {
      "topic": "STRUCTURE",
      "priority": 8,
      "trigger": {
        "position": "월간",
        "type": "편인",
        "element": "임수"
      },
      "mechanism": "임수는 지혜와 유연성을 상징하며, 편인의 활용성을 높임.",
      "interpretation": "지혜로운 판단과 유연한 사고로 성공 가능성이 높음.",
      "action": "임수의 에너지를 활용해 문제를 해결할 것.",
      "cautions": [
        "과도한 유연성으로 인한 우유부단 주의"
      ],
      "tags": [
        "월간",
        "편인",
        "임수",
        "지혜",
        "유연성"
      ],
      "id": "RC-b47730b000"
    },
    {
      "topic": "STRUCTURE",
      "priority": 9,
      "trigger": {
        "position": "월지",
        "type": "편인",
        "element": "계수"
      },
      "mechanism": "계수는 창의성과 직관을 강화하며, 편인의 긍정적 발현을 돕는다.",
      "interpretation": "창의적이고 직관적인 능력을 발휘할 가능성이 높음.",
      "action": "창의적 활동에 집중할 것.",
      "cautions": [
        "과도한 직관 의존 주의"
      ],
      "tags": [
        "월지",
        "편인",
        "계수",
        "창의성",
        "직관"
      ],
      "id": "RC-3372abccf7"
    },
    {
      "id": "RC-34e0dc2ebf",
      "topic": "STRUCTURE",
      "priority": 9,
      "trigger": {
        "note": "사주에 조후가 잘 맞춰져 있는 경우"
      },
      "mechanism": "조후가 적절하면 환경적 지원이 원활해짐.",
      "interpretation": "조후가 맞춰진 사주는 편안한 삶을 살 가능성이 높음.",
      "action": "조후를 분석하여 부족한 부분을 보완할 방법을 찾을 것.",
      "cautions": [
        "조후가 맞지 않으면 환경적 어려움이 발생할 수 있음."
      ],
      "tags": [
        "조후",
        "환경",
        "지원",
        "삶의 편안함",
        "사주 분석"
      ]
    },
    {
      "id": "RC-dc821b3f13",
      "topic": "RELATION",
      "priority": 8,
      "trigger": {
        "note": "추운 계절에 임계수가 있는 경우"
      },
      "mechanism": "추운 환경에서 임계수는 부정적 영향을 받을 수 있음.",
      "interpretation": "이런 경우 사람들에게 부정적인 인상을 줄 가능성이 있음.",
      "action": "화의 기운을 보완하여 균형을 맞출 것.",
      "cautions": [
        "추운 환경에서의 부정적 인상에 주의."
      ],
      "tags": [
        "임계수",
        "추운 계절",
        "부정적 인상",
        "화의 보완",
        "균형"
      ]
    },
    {
      "id": "RC-bfdfa2d8b3",
      "topic": "LOVE",
      "priority": 7,
      "trigger": {
        "note": "화의 기운이 부족한 경우"
      },
      "mechanism": "화의 기운은 관계에서 따뜻함과 연결됨.",
      "interpretation": "화가 부족하면 관계에서 거리감이 생길 수 있음.",
      "action": "화의 기운을 가진 사람과의 관계를 통해 보완할 것.",
      "cautions": [
        "화의 기운이 과도하면 다른 문제를 초래할 수 있음."
      ],
      "tags": [
        "화의 기운",
        "관계",
        "따뜻함",
        "보완",
        "사랑"
      ]
    },
    {
      "id": "RC-c3aed8ee62",
      "topic": "TEN_GODS",
      "priority": 8,
      "trigger": {
        "note": "편인이 일간을 잘 생하지 못하는 경우"
      },
      "mechanism": "편인이 일간을 생하지 못하면 불안정한 성향이 나타남.",
      "interpretation": "연락이 안 되거나 원하는 타이밍에 반응이 없으면 짜증을 낼 가능성이 있음.",
      "action": "편인의 생을 강화할 방법을 모색할 것.",
      "cautions": [
        "편인의 생이 약하면 관계에서 갈등이 생길 수 있음."
      ],
      "tags": [
        "편인",
        "일간",
        "생",
        "불안정",
        "관계"
      ]
    },
    {
      "id": "RC-a2eef5fb39",
      "topic": "TEN_GODS",
      "priority": 9,
      "trigger": {
        "note": "정인이 사주에 있는 경우"
      },
      "mechanism": "정인은 기록과 문서에 강한 성향을 보임.",
      "interpretation": "정인은 문서 작업과 계약에서 실수를 줄이는 능력을 가짐.",
      "action": "문서와 계약 관련 작업에서 정인의 강점을 활용할 것.",
      "cautions": [
        "정인의 성향이 과도하면 융통성이 부족할 수 있음."
      ],
      "tags": [
        "정인",
        "문서",
        "계약",
        "기록",
        "정확성"
      ]
    },
    {
      "id": "RC-d6344bded5",
      "topic": "TEN_GODS",
      "priority": 7,
      "trigger": {
        "note": "편인이 사주에 있는 경우"
      },
      "mechanism": "편인은 창의적이고 특화된 능력을 발휘하지만 집중력이 분산될 수 있음.",
      "interpretation": "편인은 특정 분야에서 깊이 있는 성과를 낼 가능성이 있음.",
      "action": "편인의 창의성을 활용하되, 목표를 명확히 설정할 것.",
      "cautions": [
        "집중력 분산으로 인해 목표 달성이 어려울 수 있음."
      ],
      "tags": [
        "편인",
        "창의성",
        "특화",
        "집중력",
        "목표"
      ]
    },
    {
      "id": "RC-f9ff9ccb65",
      "topic": "CAREER",
      "priority": 8,
      "trigger": {
        "note": "정인이 정관을 잘 활용하는 경우"
      },
      "mechanism": "정인은 정관을 통해 자격과 직업적 안정성을 확보함.",
      "interpretation": "정인은 사회적 요구에 맞는 자격을 갖추고 안정적인 직업을 가질 가능성이 높음.",
      "action": "정관을 활용하여 자격을 갖추고 직업적 목표를 설정할 것.",
      "cautions": [
        "정관이 약하면 직업적 안정성이 떨어질 수 있음."
      ],
      "tags": [
        "정인",
        "정관",
        "자격",
        "직업",
        "안정성"
      ]
    },
    {
      "id": "RC-5880eb7641",
      "topic": "CAREER",
      "priority": 7,
      "trigger": {
        "note": "정관격이 사주에 있는 경우"
      },
      "mechanism": "정관격은 직업적 목표를 미리 설정하고 준비하는 성향을 가짐.",
      "interpretation": "정관격은 계획적이고 체계적인 직업 준비를 선호함.",
      "action": "직업 목표를 명확히 하고 체계적으로 준비할 것.",
      "cautions": [
        "목표 설정이 불명확하면 혼란이 생길 수 있음."
      ],
      "tags": [
        "정관격",
        "직업",
        "목표",
        "계획",
        "체계"
      ]
    },
    {
      "id": "RC-1f8efd7e17",
      "topic": "RELATION",
      "priority": 6,
      "trigger": {
        "note": "인성이 강한 경우"
      },
      "mechanism": "인성은 상대방의 눈치를 보게 만드는 성향이 있음.",
      "interpretation": "인성이 강하면 관계에서 상대방이 조심스러워질 가능성이 있음.",
      "action": "인성의 강점을 활용하여 관계를 조화롭게 유지할 것.",
      "cautions": [
        "인성이 과도하면 상대방에게 부담을 줄 수 있음."
      ],
      "tags": [
        "인성",
        "눈치",
        "관계",
        "조화",
        "상대방"
      ]
    },
    {
      "id": "RC-153d7d5955",
      "topic": "CAREER",
      "priority": 7,
      "trigger": {
        "note": "정인이 직업적 자격을 갖추는 경우"
      },
      "mechanism": "정인은 자격을 통해 직업적 안정성을 확보함.",
      "interpretation": "정인은 자격을 갖추면 다양한 직업 선택이 가능함.",
      "action": "필요한 자격을 갖추고 직업적 기회를 탐색할 것.",
      "cautions": [
        "자격이 부족하면 직업 선택의 폭이 좁아질 수 있음."
      ],
      "tags": [
        "정인",
        "자격",
        "직업",
        "안정성",
        "선택"
      ]
    }
  ],
  "notes": [],
  "schema_version": "rulecards.v1",
  "module_code": "SajuOS_STRU_056",
  "updated_at": "2025-12-23T20:27:23"
}