{
  "title": "SajuOS_Logic_STRU_A_038",
  "rulecards": [
    {
      "id": "RC-de1bcb70ab",
      "topic": "TEN_GODS",
      "priority": 9,
      "trigger": {
        "type": "겁재",
        "note": "미토에 근거한 무토"
      },
      "mechanism": "미토가 무토를 약화시키며 겁재의 작용을 가림.",
      "interpretation": "겁재의 작용이 표면적으로 드러나지 않으나 내면적으로 강력함.",
      "action": "사람의 겉모습과 속마음을 구분하여 판단하라.",
      "cautions": [
        "표면적인 행동만으로 사람을 평가하지 말 것."
      ],
      "tags": [
        "겁재",
        "미토",
        "무토",
        "내면",
        "표면"
      ]
    },
    {
      "id": "RC-854c0c8bb0",
      "topic": "STRUCTURE",
      "priority": 8,
      "trigger": {
        "note": "미월의 무토"
      },
      "mechanism": "미월의 무토는 목과 수의 조화가 필요.",
      "interpretation": "목과 수가 강해야 사주의 균형이 잡힘.",
      "action": "목과 수의 작용을 강화하는 방향으로 사주를 조율하라.",
      "cautions": [
        "목과 수가 없으면 사주의 안정성이 떨어질 수 있음."
      ],
      "tags": [
        "미월",
        "무토",
        "목",
        "수",
        "조화"
      ]
    },
    {
      "id": "RC-f2a9f931fe",
      "topic": "RELATION",
      "priority": 7,
      "trigger": {
        "type": "겁재",
        "location": "연"
      },
      "mechanism": "연의 겁재는 대중적 영향력을 가짐.",
      "interpretation": "대중에게 공감을 이끌어내는 힘이 있음.",
      "action": "대중과의 소통 능력을 활용하라.",
      "cautions": [
        "대중적 영향력이 지나치면 고독감을 느낄 수 있음."
      ],
      "tags": [
        "겁재",
        "연",
        "대중",
        "공감",
        "소통"
      ]
    },
    {
      "id": "RC-09b12fa0c0",
      "topic": "WEALTH",
      "priority": 8,
      "trigger": {
        "type": "쟁재",
        "note": "미토와 수의 관계"
      },
      "mechanism": "미토가 수를 흡수하여 재물이 빠져나가는 것을 인지하지 못함.",
      "interpretation": "재물 관리에 주의가 필요함.",
      "action": "재정 상황을 정기적으로 점검하라.",
      "cautions": [
        "재물이 빠져나가는 것을 방치하지 말 것."
      ],
      "tags": [
        "쟁재",
        "미토",
        "수",
        "재물",
        "관리"
      ]
    },
    {
      "id": "RC-d2d94bff82",
      "topic": "CAREER",
      "priority": 7,
      "trigger": {
        "note": "토가 왕한 사주"
      },
      "mechanism": "토가 왕하면 화와 수의 작용이 약화됨.",
      "interpretation": "직업적 안정성을 위해 목과 금의 조화가 필요.",
      "action": "목과 금의 작용을 강화하여 직업적 가치를 높여라.",
      "cautions": [
        "목과 금이 없으면 직업적 변동이 심할 수 있음."
      ],
      "tags": [
        "토",
        "왕한 사주",
        "목",
        "금",
        "직업"
      ]
    },
    {
      "id": "RC-4f98224bb4",
      "topic": "LOVE",
      "priority": 6,
      "trigger": {
        "type": "겁재",
        "note": "애인과의 관계"
      },
      "mechanism": "겁재는 애인의 경쟁력을 높여 주변의 질투를 유발.",
      "interpretation": "애인과의 관계에서 외부의 간섭에 주의가 필요.",
      "action": "애인과의 신뢰를 강화하라.",
      "cautions": [
        "외부의 질투와 간섭에 휘둘리지 말 것."
      ],
      "tags": [
        "겁재",
        "애인",
        "질투",
        "관계",
        "신뢰"
      ]
    },
    {
      "id": "RC-cf6443ae5e",
      "topic": "GENERAL",
      "priority": 5,
      "trigger": {
        "note": "비겁이 없는 사주"
      },
      "mechanism": "비겁이 없으면 공감 능력이 약화됨.",
      "interpretation": "타인과의 소통에서 어려움을 겪을 수 있음.",
      "action": "타인의 감정을 이해하려는 노력을 기울여라.",
      "cautions": [
        "공감 부족으로 관계가 소원해질 수 있음."
      ],
      "tags": [
        "비겁",
        "공감",
        "소통",
        "관계",
        "이해"
      ]
    },
    {
      "id": "RC-41361f3756",
      "topic": "STRUCTURE",
      "priority": 8,
      "trigger": {
        "note": "토가 왕한 사주에서 금과 목의 부재"
      },
      "mechanism": "금과 목이 없으면 토의 작용이 과도해짐.",
      "interpretation": "사주의 균형이 깨져 직업적, 재정적 불안정이 초래됨.",
      "action": "금과 목의 작용을 강화하는 방향으로 조율하라.",
      "cautions": [
        "금과 목이 없으면 사주의 안정성이 떨어질 수 있음."
      ],
      "tags": [
        "토",
        "왕한 사주",
        "금",
        "목",
        "균형"
      ]
    },
    {
      "id": "RC-fd96d4e49b",
      "topic": "RELATION",
      "priority": 6,
      "trigger": {
        "type": "겁재",
        "note": "이권 관계"
      },
      "mechanism": "겁재는 이권 관계에서 갈등을 유발할 수 있음.",
      "interpretation": "이권 관계에서 신중한 태도가 필요함.",
      "action": "이권 관계를 명확히 하고 갈등을 예방하라.",
      "cautions": [
        "이권 관계에서 지나친 신뢰는 위험할 수 있음."
      ],
      "tags": [
        "겁재",
        "이권",
        "갈등",
        "관계",
        "신중"
      ]
    },
    {
      "id": "RC-73cb72ea44",
      "topic": "WEALTH",
      "priority": 7,
      "trigger": {
        "type": "겁재",
        "note": "재물 분배"
      },
      "mechanism": "겁재는 재물 분배 과정에서 갈등을 유발할 수 있음.",
      "interpretation": "재물 분배에서 공정성을 유지해야 함.",
      "action": "재물 분배를 투명하게 관리하라.",
      "cautions": [
        "재물 분배에서 갈등이 발생하지 않도록 주의할 것."
      ],
      "tags": [
        "겁재",
        "재물",
        "분배",
        "갈등",
        "투명성"
      ]
    },
    {
      "id": "RC-889d5a865f",
      "topic": "LOVE",
      "priority": 8,
      "trigger": {
        "note": "기미일주 여성이 수가 발달한 경우"
      },
      "mechanism": "수가 발달하면 자립하려는 경향이 강해지고, 이는 관계의 안정성을 저해할 수 있음.",
      "interpretation": "결혼과 연애에서 어려움을 겪을 가능성이 높음.",
      "action": "수가 발달하지 않도록 사주 구조를 조정하거나, 목의 발달로 균형을 맞추는 것이 중요.",
      "cautions": [
        "수가 과도하면 재정적 문제와 관계의 불안정이 발생할 수 있음."
      ],
      "tags": [
        "기미일주",
        "수가발달",
        "결혼",
        "연애",
        "이혼"
      ]
    },
    {
      "id": "RC-b687bc6cdd",
      "topic": "WEALTH",
      "priority": 7,
      "trigger": {
        "note": "기미일주가 수가 왕한 경우"
      },
      "mechanism": "수가 왕하면 재물 욕심이 과도해지고 통제가 어려워짐.",
      "interpretation": "재정적 손실이나 실패 가능성이 높음.",
      "action": "목의 발달로 수를 조절하거나, 재물 욕심을 줄이는 방향으로 행동.",
      "cautions": [
        "재물 욕심이 과도하면 실패로 이어질 수 있음."
      ],
      "tags": [
        "기미일주",
        "수가왕",
        "재물",
        "욕심",
        "조절"
      ]
    },
    {
      "id": "RC-413eb76638",
      "topic": "CAREER",
      "priority": 6,
      "trigger": {
        "note": "기미일주가 금이 강한 경우"
      },
      "mechanism": "금이 강하면 상관으로 관을 조절하는 능력이 발휘됨.",
      "interpretation": "조직 내에서 개혁적이고 실무 중심의 역할에 적합.",
      "action": "금의 강점을 활용해 조직 내 문제를 해결하거나 개혁을 추진.",
      "cautions": [
        "금이 약하면 관을 조절하는 능력이 저하될 수 있음."
      ],
      "tags": [
        "기미일주",
        "금강",
        "상관",
        "개혁",
        "조직"
      ]
    },
    {
      "id": "RC-12f08e6614",
      "topic": "STRUCTURE",
      "priority": 9,
      "trigger": {
        "note": "기토가 미토를 만나는 경우"
      },
      "mechanism": "기토는 본래 수용적이나, 미토를 만나면 주도하려는 성향이 강해짐.",
      "interpretation": "사주 구조가 불안정해질 수 있음.",
      "action": "목의 발달로 균형을 맞추고, 기토의 본래 성향을 유지하도록 노력.",
      "cautions": [
        "미토가 과도하면 사주 구조가 불안정해질 수 있음."
      ],
      "tags": [
        "기토",
        "미토",
        "주도성",
        "균형",
        "사주구조"
      ]
    },
    {
      "id": "RC-a7b4e0d67b",
      "topic": "GENERAL",
      "priority": 5,
      "trigger": {
        "note": "기토일간이 목이 발달한 경우"
      },
      "mechanism": "목이 발달하면 기토의 균형을 유지하고, 수와 토의 문제를 조절함.",
      "interpretation": "사주가 안정적이고 생산성이 높아짐.",
      "action": "목의 발달을 유지하고, 수와 토의 균형을 지속적으로 관리.",
      "cautions": [
        "목이 부족하면 사주가 불안정해질 수 있음."
      ],
      "tags": [
        "기토",
        "목발달",
        "균형",
        "안정",
        "생산성"
      ]
    },
    {
      "id": "RC-e2fd0fb217",
      "topic": "RELATION",
      "priority": 7,
      "trigger": {
        "note": "기미일주가 비견과 식신이 함께 있는 경우"
      },
      "mechanism": "비견이 식신을 방해하면 발목을 잡는 상황이 발생.",
      "interpretation": "주변 사람들로 인해 계획이 지연되거나 실패할 가능성이 있음.",
      "action": "비견의 영향을 최소화하고, 식신의 역할을 강화.",
      "cautions": [
        "비견이 과도하면 식신의 역할이 약화될 수 있음."
      ],
      "tags": [
        "기미일주",
        "비견",
        "식신",
        "방해",
        "계획"
      ]
    },
    {
      "id": "RC-c16ce1dcda",
      "topic": "LOVE",
      "priority": 6,
      "trigger": {
        "note": "기미일주 여성이 목이 발달한 경우"
      },
      "mechanism": "목이 발달하면 수와 토의 균형을 맞추고 안정성을 제공.",
      "interpretation": "결혼과 연애에서 긍정적인 결과를 기대할 수 있음.",
      "action": "목의 발달을 유지하고, 수의 과도한 영향을 방지.",
      "cautions": [
        "목이 부족하면 관계의 안정성이 저하될 수 있음."
      ],
      "tags": [
        "기미일주",
        "목발달",
        "결혼",
        "연애",
        "안정성"
      ]
    },
    {
      "id": "RC-aacddd2d70",
      "topic": "WEALTH",
      "priority": 8,
      "trigger": {
        "note": "기미일주가 목극토 구조를 가진 경우"
      },
      "mechanism": "목극토는 생산성을 높이고 재물 운을 강화함.",
      "interpretation": "재정적으로 안정적이고 성공 가능성이 높음.",
      "action": "목극토 구조를 유지하며, 과도한 욕심을 자제.",
      "cautions": [
        "목이 약하면 생산성이 저하될 수 있음."
      ],
      "tags": [
        "기미일주",
        "목극토",
        "재물",
        "생산성",
        "안정성"
      ]
    },
    {
      "id": "RC-babc77ea17",
      "topic": "CAREER",
      "priority": 7,
      "trigger": {
        "note": "기미일주가 화와 목이 발달한 경우"
      },
      "mechanism": "화와 목의 조화는 직업적 성공과 창의성을 높임.",
      "interpretation": "창의적이고 생산적인 분야에서 성공 가능성이 높음.",
      "action": "화와 목의 조화를 유지하며, 창의적인 직업을 선택.",
      "cautions": [
        "화와 목의 균형이 깨지면 직업적 어려움이 발생할 수 있음."
      ],
      "tags": [
        "기미일주",
        "화발달",
        "목발달",
        "창의성",
        "직업"
      ]
    },
    {
      "id": "RC-8068f6bfc9",
      "topic": "RELATION",
      "priority": 6,
      "trigger": {
        "note": "기미일주가 수가 왕한 경우"
      },
      "mechanism": "수가 왕하면 비견과의 갈등이 심화됨.",
      "interpretation": "인간관계에서 갈등이 발생할 가능성이 높음.",
      "action": "수가 왕하지 않도록 조정하고, 비견과의 관계를 개선.",
      "cautions": [
        "수가 과도하면 갈등이 심화될 수 있음."
      ],
      "tags": [
        "기미일주",
        "수가왕",
        "비견",
        "갈등",
        "관계"
      ]
    },
    {
      "id": "RC-2c400913c1",
      "topic": "TEN_GODS",
      "priority": 9,
      "trigger": {
        "note": "비견이 식신을 생하는 상황"
      },
      "mechanism": "비견이 식신을 생하지 않고 오히려 방해하는 경우가 있음.",
      "interpretation": "주변 사람들로 인해 계획이 방해받거나 발목 잡히는 상황.",
      "action": "주변의 반대나 방해를 극복할 방법을 모색해야 함.",
      "cautions": [
        "비견의 역할을 과대평가하지 말 것"
      ],
      "tags": [
        "비견",
        "식신",
        "방해",
        "발목",
        "십성"
      ]
    },
    {
      "id": "RC-4d21e31957",
      "topic": "STRUCTURE",
      "priority": 8,
      "trigger": {
        "note": "기토가 경금과 신금으로 설계되는 상황"
      },
      "mechanism": "경금과 신금은 기토의 설계를 원활하게 돕는 역할을 함.",
      "interpretation": "기토가 경금이나 신금과 함께 있을 때 설계가 잘 이루어짐.",
      "action": "기토의 설계를 강화하려면 경금이나 신금을 활용할 것.",
      "cautions": [
        "금이 약하면 설계가 막힐 수 있음"
      ],
      "tags": [
        "기토",
        "경금",
        "신금",
        "설계",
        "오행"
      ]
    },
    {
      "id": "RC-8b61eca7df",
      "topic": "RELATION",
      "priority": 7,
      "trigger": {
        "note": "금이 토와 관계를 맺는 상황"
      },
      "mechanism": "금은 확실한 것을 좋아하며, 토는 금의 확실성을 방해할 수 있음.",
      "interpretation": "금이 토와 관계를 맺으면 확실성이 떨어지고 딜레이가 발생함.",
      "action": "금의 확실성을 유지하려면 토의 영향을 최소화할 것.",
      "cautions": [
        "토가 강하면 금의 작용이 약화될 수 있음"
      ],
      "tags": [
        "금",
        "토",
        "확실성",
        "딜레이",
        "오행"
      ]
    },
    {
      "id": "RC-c49545a084",
      "topic": "LOVE",
      "priority": 6,
      "trigger": {
        "note": "경술일주와 연애 상황"
      },
      "mechanism": "경술일주는 확실한 관계를 선호하며, 모호한 태도를 싫어함.",
      "interpretation": "경술일주는 상대방의 확실한 의사 표현을 요구함.",
      "action": "연애 시 확실한 의사 표현과 헌신을 보여줄 것.",
      "cautions": [
        "모호한 태도는 관계를 악화시킬 수 있음"
      ],
      "tags": [
        "경술일주",
        "연애",
        "확실성",
        "헌신",
        "관계"
      ]
    },
    {
      "id": "RC-28674fccf5",
      "topic": "STRUCTURE",
      "priority": 8,
      "trigger": {
        "note": "미토가 포함된 사주"
      },
      "mechanism": "미토는 성급한 성질을 나타내며, 완성되지 않은 상태를 상징함.",
      "interpretation": "미토가 있는 사람은 성급함으로 인해 완성도가 떨어질 수 있음.",
      "action": "장기적인 계획과 인내심을 기를 것.",
      "cautions": [
        "성급함이 실패를 초래할 수 있음"
      ],
      "tags": [
        "미토",
        "성급함",
        "완성도",
        "인내",
        "오행"
      ]
    },
    {
      "id": "RC-9d2023fd87",
      "topic": "STRUCTURE",
      "priority": 7,
      "trigger": {
        "note": "정화가 경금과 함께 있는 경우"
      },
      "mechanism": "정화는 경금의 용도를 명확히 하고 방향성을 제시함.",
      "interpretation": "정화가 경금과 함께 있으면 경금의 역할이 명확해짐.",
      "action": "정화의 역할을 활용해 경금의 방향성을 설정할 것.",
      "cautions": [
        "정화가 없으면 경금의 역할이 불분명해질 수 있음"
      ],
      "tags": [
        "정화",
        "경금",
        "용도",
        "방향성",
        "오행"
      ]
    },
    {
      "id": "RC-70e5cd76e9",
      "topic": "STRUCTURE",
      "priority": 6,
      "trigger": {
        "note": "수가 없는 경금"
      },
      "mechanism": "수가 없으면 경금의 유지와 활용이 어려워짐.",
      "interpretation": "경금은 수를 통해 자신의 역할을 유지하고 강화함.",
      "action": "경금의 역할을 강화하려면 수를 보완할 것.",
      "cautions": [
        "수가 없으면 경금의 용도가 불분명해질 수 있음"
      ],
      "tags": [
        "경금",
        "수",
        "유지",
        "활용",
        "오행"
      ]
    },
    {
      "id": "RC-6478c07fc0",
      "topic": "STRUCTURE",
      "priority": 7,
      "trigger": {
        "note": "재극인이 발생하는 상황"
      },
      "mechanism": "재극인은 인성을 현실적으로 변형하여 활용함.",
      "interpretation": "재극인은 기록된 지식을 현실에 맞게 변형하여 적용함.",
      "action": "재극인을 통해 현실적인 방법으로 지식을 활용할 것.",
      "cautions": [
        "재극인이 없으면 지식이 단순 암기에 그칠 수 있음"
      ],
      "tags": [
        "재극인",
        "인성",
        "현실성",
        "활용",
        "지식"
      ]
    },
    {
      "id": "RC-2d923d6c57",
      "topic": "STRUCTURE",
      "priority": 6,
      "trigger": {
        "note": "화가 없는 사주"
      },
      "mechanism": "화는 금의 용도를 결정하며, 화가 없으면 방향성이 불분명해짐.",
      "interpretation": "화가 없는 사주는 자신의 역할과 방향성을 찾기 어려움.",
      "action": "화의 역할을 보완하거나 다른 요소로 대체할 것.",
      "cautions": [
        "화가 없으면 금의 역할이 제한될 수 있음"
      ],
      "tags": [
        "화",
        "금",
        "용도",
        "방향성",
        "오행"
      ]
    },
    {
      "id": "RC-e943c86746",
      "topic": "STRUCTURE",
      "priority": 5,
      "trigger": {
        "note": "수가 강한 금"
      },
      "mechanism": "수가 강한 금은 자기 스타일을 확립하고 독창성을 발휘함.",
      "interpretation": "수가 강한 금은 독창적이고 자기만의 스타일을 가짐.",
      "action": "수가 강한 금의 독창성을 활용해 창의적인 작업을 할 것.",
      "cautions": [
        "독창성이 과하면 협업이 어려울 수 있음"
      ],
      "tags": [
        "수",
        "금",
        "독창성",
        "스타일",
        "창의성"
      ]
    },
    {
      "id": "RC-d9e3144d6a",
      "topic": "STRUCTURE",
      "priority": 9,
      "trigger": {
        "note": "사주에 인성이 강하고 식상이 약한 경우"
      },
      "mechanism": "인성이 강하면 자아 통제가 강하고, 식상이 약하면 자유로운 표현이 억제됨.",
      "interpretation": "자신의 생각과 행동이 억제되어 자유로운 삶을 살기 어려움.",
      "action": "자신의 욕구를 단순화하고 하고 싶은 대로 행동하려는 노력을 해야 함.",
      "cautions": [
        "자기 비판과 부정적인 사고에 빠지지 않도록 주의"
      ],
      "tags": [
        "인성",
        "식상",
        "자유",
        "통제",
        "행복"
      ]
    },
    {
      "id": "RC-fb45c900f2",
      "topic": "STRUCTURE",
      "priority": 8,
      "trigger": {
        "note": "도식사주로 입력값과 출력값이 다르게 나타나는 경우"
      },
      "mechanism": "금생수가 약하면 에너지 순환이 원활하지 않아 결과가 왜곡됨.",
      "interpretation": "능력을 발휘하기 어려운 구조로, 결과가 기대와 다르게 나타남.",
      "action": "금생수를 강화하는 대운이나 환경을 활용해야 함.",
      "cautions": [
        "왜곡된 결과에 좌절하지 않도록 주의"
      ],
      "tags": [
        "도식사주",
        "금생수",
        "왜곡",
        "능력",
        "결과"
      ]
    },
    {
      "id": "RC-60029d4912",
      "topic": "TIMING",
      "priority": 7,
      "trigger": {
        "note": "계해 대운이나 경자년과 같은 금생수 운이 들어올 때"
      },
      "mechanism": "금생수가 활성화되면서 도식적 작용이 완화됨.",
      "interpretation": "능력을 발휘할 수 있는 시기로 전환됨.",
      "action": "이 시기를 활용해 중요한 결정을 내리고 실행에 옮길 것.",
      "cautions": [
        "운이 지나가기 전에 기회를 놓치지 않도록 주의"
      ],
      "tags": [
        "대운",
        "금생수",
        "계해",
        "경자",
        "기회"
      ]
    },
    {
      "id": "RC-793e600553",
      "topic": "TEN_GODS",
      "priority": 6,
      "trigger": {
        "note": "편인이 강한 경우"
      },
      "mechanism": "편인은 부정적 사고와 확대 해석을 유발함.",
      "interpretation": "자신의 생각에 갇혀 부정적인 방향으로 치우칠 가능성이 높음.",
      "action": "긍정적인 사고를 연습하고, 현실적인 목표를 설정할 것.",
      "cautions": [
        "부정적인 사고가 정신적 문제로 이어지지 않도록 주의"
      ],
      "tags": [
        "편인",
        "부정적 사고",
        "확대 해석",
        "정신적 문제",
        "목표"
      ]
    },
    {
      "id": "RC-8dba82b905",
      "topic": "TEN_GODS",
      "priority": 5,
      "trigger": {
        "note": "상관이 약한 경우"
      },
      "mechanism": "상관이 약하면 불평불만이 많아지고 의지력이 약해짐.",
      "interpretation": "자신의 상황에 대한 불만이 많아지고, 실행력이 떨어짐.",
      "action": "작은 목표를 설정하고 꾸준히 실행하려는 노력을 해야 함.",
      "cautions": [
        "불평불만에만 머물지 않도록 주의"
      ],
      "tags": [
        "상관",
        "불평불만",
        "의지력",
        "실행력",
        "목표"
      ]
    },
    {
      "id": "RC-9ecb37bae5",
      "topic": "TEN_GODS",
      "priority": 7,
      "trigger": {
        "note": "상관이 강한 경우"
      },
      "mechanism": "상관은 기존 틀을 깨고 새로운 시각을 제시함.",
      "interpretation": "창의적이고 개혁적인 성향을 가지며, 기존 제도에 도전함.",
      "action": "상관의 긍정적인 면을 활용해 혁신적인 아이디어를 실행할 것.",
      "cautions": [
        "과도한 도전으로 인해 갈등을 유발하지 않도록 주의"
      ],
      "tags": [
        "상관",
        "창의성",
        "개혁",
        "도전",
        "혁신"
      ]
    },
    {
      "id": "RC-be9060ad63",
      "topic": "STRUCTURE",
      "priority": 8,
      "trigger": {
        "note": "신왕한 사주"
      },
      "mechanism": "신왕하면 자아가 강하고 삶에 대한 만족도가 높아짐.",
      "interpretation": "행복의 기본 조건으로, 존재 자체에 만족할 수 있음.",
      "action": "자신의 강점을 활용해 삶의 만족도를 높이는 방향으로 노력할 것.",
      "cautions": [
        "자신감이 지나쳐 타인을 배려하지 못하는 상황을 주의"
      ],
      "tags": [
        "신왕",
        "행복",
        "자아",
        "만족",
        "강점"
      ]
    },
    {
      "id": "RC-ab6e55da49",
      "topic": "TEN_GODS",
      "priority": 6,
      "trigger": {
        "note": "정인과 편인의 혼잡"
      },
      "mechanism": "정인과 편인이 혼잡하면 사고의 방향성이 혼란스러워짐.",
      "interpretation": "자신의 생각과 행동이 일관되지 않을 가능성이 있음.",
      "action": "명확한 목표를 설정하고, 사고의 방향성을 정리할 것.",
      "cautions": [
        "혼란스러운 사고로 인해 중요한 결정을 미루지 않도록 주의"
      ],
      "tags": [
        "정인",
        "편인",
        "혼잡",
        "사고",
        "목표"
      ]
    },
    {
      "id": "RC-9f8398c831",
      "topic": "STRUCTURE",
      "priority": 7,
      "trigger": {
        "note": "신미일주와 같은 열성이 강한 사주"
      },
      "mechanism": "열성이 강하면 사고가 깊어지고 비현실적인 방향으로 치우칠 수 있음.",
      "interpretation": "고차원적인 사고를 할 수 있으나, 현실과의 괴리가 클 수 있음.",
      "action": "현실적인 목표를 설정하고, 사고를 구체화하는 연습을 할 것.",
      "cautions": [
        "비현실적인 사고로 인해 현실적 문제를 간과하지 않도록 주의"
      ],
      "tags": [
        "신미일주",
        "열성",
        "고차원",
        "비현실",
        "목표"
      ]
    },
    {
      "id": "RC-4e436d3a4b",
      "topic": "TIMING",
      "priority": 6,
      "trigger": {
        "note": "갑자대운과 같은 목운이 강한 시기"
      },
      "mechanism": "목운이 강하면 에너지 순환이 원활해지고 전문성을 발휘하기 쉬워짐.",
      "interpretation": "자신의 능력을 발휘하고 성과를 낼 수 있는 시기.",
      "action": "이 시기를 활용해 전문성을 키우고 목표를 달성할 것.",
      "cautions": [
        "목운이 지나간 후에도 지속적인 노력을 유지할 것"
      ],
      "tags": [
        "갑자대운",
        "목운",
        "전문성",
        "목표",
        "성과"
      ]
    }
  ],
  "notes": [
    "일부 조건은 구체적 수치로 표현하기 어려워 설명으로 대체함.",
    "일부 내용은 구체적인 수치나 조건으로 표현하기 어려움."
  ],
  "schema_version": "rulecards.v1",
  "module_code": "SajuOS_STRU_038",
  "updated_at": "2025-12-23T20:27:23"
}