{
  "title": "SajuOS_Logic_STRU_A_034",
  "rulecards": [
    {
      "id": "RC-6ff92a1987",
      "topic": "TEN_GODS",
      "priority": 9,
      "trigger": {
        "type": "편재"
      },
      "mechanism": "편재는 공유와 공간성을 중시하며, 과정 중심적 사고를 가진다.",
      "interpretation": "편재는 결과보다는 과정과 재미를 중시하며, 과감하고 대범한 성향을 보인다.",
      "action": "재미와 흥미를 느낄 수 있는 활동에 집중하고, 과감한 결정을 내릴 때 자신의 판단을 신중히 검토하라.",
      "cautions": [
        "결과를 간과하지 않도록 주의",
        "과도한 리스크 감수 경계"
      ],
      "tags": [
        "편재",
        "공유",
        "과정",
        "대범",
        "리스크"
      ]
    },
    {
      "id": "RC-f433304934",
      "topic": "TEN_GODS",
      "priority": 8,
      "trigger": {
        "type": "정재"
      },
      "mechanism": "정재는 소유와 항상성을 중시하며, 안정적이고 축적 중심적이다.",
      "interpretation": "정재는 안정성과 지속성을 추구하며, 변화에 소극적이다.",
      "action": "안정적인 환경을 유지하며, 변화가 필요할 때는 신중히 계획하라.",
      "cautions": [
        "변화에 대한 두려움 극복 필요",
        "지나친 보수성 경계"
      ],
      "tags": [
        "정재",
        "안정성",
        "축적",
        "소유",
        "보수적"
      ]
    },
    {
      "id": "RC-ea67d02905",
      "topic": "RELATION",
      "priority": 7,
      "trigger": {
        "relation": "재생관",
        "type": "정재"
      },
      "mechanism": "정재의 재생관은 안정적이고 축적 중심적이다.",
      "interpretation": "정재의 재생관은 안정적인 관리와 지속적인 성과를 의미한다.",
      "action": "안정적인 관리 시스템을 구축하고, 꾸준히 유지하라.",
      "cautions": [
        "변화에 대한 유연성 부족",
        "지나친 수동성 경계"
      ],
      "tags": [
        "재생관",
        "정재",
        "안정",
        "관리",
        "축적"
      ]
    },
    {
      "id": "RC-03f340ad81",
      "topic": "RELATION",
      "priority": 8,
      "trigger": {
        "relation": "재생관",
        "type": "편재"
      },
      "mechanism": "편재의 재생관은 적극적이고 운용 중심적이다.",
      "interpretation": "편재의 재생관은 자원을 활용하여 적극적으로 성과를 창출하려는 성향을 의미한다.",
      "action": "리스크를 감수하되, 신중한 계획을 통해 자원을 운용하라.",
      "cautions": [
        "과도한 리스크 감수 주의",
        "자원 낭비 경계"
      ],
      "tags": [
        "재생관",
        "편재",
        "운용",
        "리스크",
        "성과"
      ]
    },
    {
      "id": "RC-ea982326b9",
      "topic": "CAREER",
      "priority": 7,
      "trigger": {
        "type": "편재",
        "relation": "재생관"
      },
      "mechanism": "편재의 재생관은 경영 능력과 운용 능력을 강조한다.",
      "interpretation": "편재의 재생관은 경영, 투자, 운영 등에서 두각을 나타낼 수 있다.",
      "action": "경영학, 투자 관련 지식을 습득하고 이를 실전에 활용하라.",
      "cautions": [
        "과도한 욕심 경계",
        "리스크 관리 필요"
      ],
      "tags": [
        "편재",
        "재생관",
        "경영",
        "운용",
        "투자"
      ]
    },
    {
      "id": "RC-00d37021da",
      "topic": "LOVE",
      "priority": 6,
      "trigger": {
        "type": "편재"
      },
      "mechanism": "편재는 감정을 나누고 공유하는 성향이 강하다.",
      "interpretation": "편재는 관계에서 소통과 공유를 중시하며, 대범한 태도를 보인다.",
      "action": "상대방과 감정을 나누고, 소통을 통해 관계를 강화하라.",
      "cautions": [
        "과도한 감정 공유 주의",
        "가십성 대화 경계"
      ],
      "tags": [
        "편재",
        "소통",
        "공유",
        "감정",
        "관계"
      ]
    },
    {
      "id": "RC-b6926df9c3",
      "topic": "WEALTH",
      "priority": 8,
      "trigger": {
        "type": "편재",
        "relation": "재생관"
      },
      "mechanism": "편재는 자원을 적극적으로 운용하여 성과를 창출한다.",
      "interpretation": "편재는 자산을 활용하여 투자와 운영에서 성과를 낼 수 있다.",
      "action": "투자와 자산 운용에 적극적으로 참여하되, 리스크를 신중히 관리하라.",
      "cautions": [
        "과도한 투자 주의",
        "리스크 관리 필요"
      ],
      "tags": [
        "편재",
        "재생관",
        "투자",
        "운용",
        "자산"
      ]
    },
    {
      "id": "RC-0d53d1d3f8",
      "topic": "CAREER",
      "priority": 7,
      "trigger": {
        "type": "편재",
        "relation": "비겁"
      },
      "mechanism": "편재와 비겁의 조합은 팀워크와 협업을 강조한다.",
      "interpretation": "편재와 비겁의 조합은 팀 활동에서 두각을 나타낼 수 있다.",
      "action": "팀워크를 강화하고, 협업을 통해 성과를 극대화하라.",
      "cautions": [
        "팀 내 갈등 주의",
        "역할 분담 명확히"
      ],
      "tags": [
        "편재",
        "비겁",
        "팀워크",
        "협업",
        "성과"
      ]
    },
    {
      "id": "RC-979f6a1b23",
      "topic": "RELATION",
      "priority": 6,
      "trigger": {
        "relation": "재생살",
        "type": "편재"
      },
      "mechanism": "재생살은 편재가 관살을 통해 적극적으로 성과를 추구하는 구조이다.",
      "interpretation": "재생살은 성공과 권력에 대한 강한 열망을 나타낸다.",
      "action": "기회를 잡되, 자신의 한계를 인지하고 무리하지 않도록 하라.",
      "cautions": [
        "과도한 욕심 경계",
        "권력 남용 주의"
      ],
      "tags": [
        "재생살",
        "편재",
        "권력",
        "성공",
        "열망"
      ]
    },
    {
      "id": "RC-2e0dcb38fc",
      "topic": "CAREER",
      "priority": 8,
      "trigger": {
        "type": "편재",
        "relation": "식상"
      },
      "mechanism": "편재와 식상의 조합은 공유 능력을 극대화한다.",
      "interpretation": "편재와 식상의 조합은 강사, 투자업 등에서 두각을 나타낼 수 있다.",
      "action": "지식과 자원을 공유하는 직업을 선택하고, 이를 통해 성과를 창출하라.",
      "cautions": [
        "지나친 공유로 인한 정보 유출 주의",
        "과도한 경쟁 경계"
      ],
      "tags": [
        "편재",
        "식상",
        "공유",
        "강사",
        "투자"
      ]
    },
    {
      "id": "RC-3b54f535c7",
      "topic": "WEALTH",
      "priority": 9,
      "trigger": {
        "category": "편재",
        "position": "연간"
      },
      "mechanism": "편재는 과시적 성향을 가지며, 관을 통해 자신의 성취를 드러내려는 경향이 있음.",
      "interpretation": "연간에 편재가 있으면 과시적이고 외향적인 성향이 강하며, 사회적 성공을 추구함.",
      "action": "자신의 성취를 드러내는 방식에서 균형을 유지하고, 과도한 과시를 피하라.",
      "cautions": [
        "과도한 허세로 인해 신뢰를 잃을 수 있음.",
        "사회적 이미지 관리 필요."
      ],
      "tags": [
        "편재",
        "연간",
        "과시",
        "사회적성공",
        "허세"
      ]
    },
    {
      "id": "RC-4f3e7c3b71",
      "topic": "WEALTH",
      "priority": 8,
      "trigger": {
        "category": "편재",
        "position": "월간"
      },
      "mechanism": "월간의 편재는 사회적 성공과 비전을 드러내는 데 강한 동기를 부여함.",
      "interpretation": "월간에 편재가 있으면 자신의 비전을 공유하고, 사회적 영향력을 발휘하려는 경향이 강함.",
      "action": "비전을 명확히 하고, 이를 통해 사회적 가치를 창출하라.",
      "cautions": [
        "비전이 변질되지 않도록 주의.",
        "과도한 자기 과시를 피하라."
      ],
      "tags": [
        "편재",
        "월간",
        "비전",
        "사회적영향력",
        "공유"
      ]
    },
    {
      "id": "RC-2c7e7b3197",
      "topic": "WEALTH",
      "priority": 7,
      "trigger": {
        "category": "편재",
        "position": "연지"
      },
      "mechanism": "연지의 편재는 가문의 경제적 흐름과 연관되며, 주로 조상 대의 경제적 성취나 실패를 반영함.",
      "interpretation": "연지에 편재가 있으면 조상 대의 경제적 성취나 실패가 개인에게 영향을 미침.",
      "action": "가문의 경제적 흐름을 분석하고, 이를 기반으로 자신의 재정 계획을 세워라.",
      "cautions": [
        "조상 대의 실패를 반복하지 않도록 주의.",
        "경제적 흐름을 객관적으로 분석하라."
      ],
      "tags": [
        "편재",
        "연지",
        "가문",
        "경제적흐름",
        "조상"
      ]
    },
    {
      "id": "RC-be1852ed1c",
      "topic": "WEALTH",
      "priority": 8,
      "trigger": {
        "category": "편재",
        "position": "월지"
      },
      "mechanism": "월지의 편재는 부모의 경제적 가치관과 교육 방식에 영향을 받음.",
      "interpretation": "월지에 편재가 있으면 부모가 경제적 통찰과 비전을 심어주는 경향이 있음.",
      "action": "부모로부터 받은 경제적 가치관을 활용하여 자신의 재정 전략을 세워라.",
      "cautions": [
        "부모의 가치관이 자신의 상황에 맞는지 검토하라.",
        "과도한 의존을 피하라."
      ],
      "tags": [
        "편재",
        "월지",
        "부모",
        "경제적가치관",
        "교육"
      ]
    },
    {
      "id": "RC-050bc3593e",
      "topic": "WEALTH",
      "priority": 7,
      "trigger": {
        "category": "편재",
        "position": "일지"
      },
      "mechanism": "일지의 편재는 개인적 공간과 사교적 활동에 영향을 미침.",
      "interpretation": "일지에 편재가 있으면 사교성이 뛰어나고, 사회적 활동에 적극적으로 참여함.",
      "action": "사교적 활동을 통해 네트워크를 확장하고, 이를 기반으로 기회를 창출하라.",
      "cautions": [
        "과도한 활동으로 인해 개인적 균형을 잃지 않도록 주의.",
        "사교적 활동의 목적성을 명확히 하라."
      ],
      "tags": [
        "편재",
        "일지",
        "사교성",
        "사회적활동",
        "네트워크"
      ]
    },
    {
      "id": "RC-5a16812492",
      "topic": "WEALTH",
      "priority": 9,
      "trigger": {
        "category": "편재",
        "position": "시간"
      },
      "mechanism": "시간의 편재는 말년에 자신의 비전을 실현하려는 경향을 나타냄.",
      "interpretation": "시간에 편재가 있으면 말년에 자신의 꿈이나 비전을 실현하려는 강한 동기가 있음.",
      "action": "말년을 대비하여 장기적인 계획을 세우고, 이를 실현할 준비를 하라.",
      "cautions": [
        "말년의 계획이 현실적이고 실행 가능한지 검토하라.",
        "과도한 기대를 피하라."
      ],
      "tags": [
        "편재",
        "시간",
        "말년",
        "비전",
        "실현"
      ]
    },
    {
      "id": "RC-cb80eda79b",
      "topic": "WEALTH",
      "priority": 8,
      "trigger": {
        "category": "편재",
        "position": "월간",
        "condition": "사회적 성공 추구"
      },
      "mechanism": "월간의 편재는 사회적 성공과 비전을 드러내는 데 강한 동기를 부여함.",
      "interpretation": "사회적 성공을 추구하며, 이를 통해 자신의 비전을 실현하려는 경향이 강함.",
      "action": "사회적 성공을 위한 네트워크를 구축하고, 비전을 명확히 하라.",
      "cautions": [
        "비전이 변질되지 않도록 주의.",
        "과도한 자기 과시를 피하라."
      ],
      "tags": [
        "편재",
        "월간",
        "사회적성공",
        "비전",
        "네트워크"
      ]
    },
    {
      "id": "RC-15eaf53758",
      "topic": "WEALTH",
      "priority": 7,
      "trigger": {
        "category": "편재",
        "position": "연지",
        "condition": "가문 경제적 흐름"
      },
      "mechanism": "연지의 편재는 가문의 경제적 흐름과 연관되며, 주로 조상 대의 경제적 성취나 실패를 반영함.",
      "interpretation": "조상 대의 경제적 성취나 실패가 개인에게 영향을 미침.",
      "action": "가문의 경제적 흐름을 분석하고, 이를 기반으로 자신의 재정 계획을 세워라.",
      "cautions": [
        "조상 대의 실패를 반복하지 않도록 주의.",
        "경제적 흐름을 객관적으로 분석하라."
      ],
      "tags": [
        "편재",
        "연지",
        "가문",
        "경제적흐름",
        "조상"
      ]
    },
    {
      "id": "RC-b7afbe288d",
      "topic": "WEALTH",
      "priority": 8,
      "trigger": {
        "category": "편재",
        "position": "월지",
        "condition": "부모의 경제적 가치관"
      },
      "mechanism": "월지의 편재는 부모의 경제적 가치관과 교육 방식에 영향을 받음.",
      "interpretation": "부모가 경제적 통찰과 비전을 심어주는 경향이 있음.",
      "action": "부모로부터 받은 경제적 가치관을 활용하여 자신의 재정 전략을 세워라.",
      "cautions": [
        "부모의 가치관이 자신의 상황에 맞는지 검토하라.",
        "과도한 의존을 피하라."
      ],
      "tags": [
        "편재",
        "월지",
        "부모",
        "경제적가치관",
        "교육"
      ]
    },
    {
      "id": "RC-b5c1c7cb7c",
      "topic": "WEALTH",
      "priority": 7,
      "trigger": {
        "category": "편재",
        "position": "일지",
        "condition": "사교적 활동"
      },
      "mechanism": "일지의 편재는 개인적 공간과 사교적 활동에 영향을 미침.",
      "interpretation": "사교성이 뛰어나고, 사회적 활동에 적극적으로 참여함.",
      "action": "사교적 활동을 통해 네트워크를 확장하고, 이를 기반으로 기회를 창출하라.",
      "cautions": [
        "과도한 활동으로 인해 개인적 균형을 잃지 않도록 주의.",
        "사교적 활동의 목적성을 명확히 하라."
      ],
      "tags": [
        "편재",
        "일지",
        "사교성",
        "사회적활동",
        "네트워크"
      ]
    },
    {
      "id": "RC-85589bcf8f",
      "topic": "WEALTH",
      "priority": 9,
      "trigger": {
        "ten_gods": "편재",
        "position": "시"
      },
      "mechanism": "편재는 말년의 꿈과 비전을 실현하는 데 영향을 미침.",
      "interpretation": "말년에 사회적 봉사나 재산 환원 등 큰 비전을 실현할 가능성이 높음.",
      "action": "말년의 목표를 구체화하고 실현 가능성을 점검하라.",
      "cautions": [
        "편재가 없으면 비전 실현이 어려울 수 있음."
      ],
      "tags": [
        "편재",
        "말년",
        "비전",
        "봉사",
        "재산환원"
      ]
    },
    {
      "id": "RC-874f2cb296",
      "topic": "WEALTH",
      "priority": 8,
      "trigger": {
        "ten_gods": "정재"
      },
      "mechanism": "정재는 재산을 축적하고 물려주는 성향이 강함.",
      "interpretation": "정재는 재산을 체계적으로 관리하고 후대에 물려주는 데 중점을 둠.",
      "action": "재산 관리와 축적에 집중하고 후대에 물려줄 계획을 세워라.",
      "cautions": [
        "재산 축적에만 집중하다가 유연성을 잃을 수 있음."
      ],
      "tags": [
        "정재",
        "재산관리",
        "축적",
        "후대",
        "계획"
      ]
    },
    {
      "id": "RC-ed02595067",
      "topic": "WEALTH",
      "priority": 8,
      "trigger": {
        "ten_gods": "편재"
      },
      "mechanism": "편재는 재산을 사회에 환원하거나 큰 스케일로 활용하는 성향이 있음.",
      "interpretation": "편재는 재산을 개인 소유로 보기보다 사회적 자원으로 활용하려는 경향이 있음.",
      "action": "재산을 활용해 사회적 가치를 창출하는 방안을 모색하라.",
      "cautions": [
        "재산 관리가 느슨해질 수 있음."
      ],
      "tags": [
        "편재",
        "사회환원",
        "스케일",
        "재산활용",
        "사회적가치"
      ]
    },
    {
      "id": "RC-984eb2d544",
      "topic": "CAREER",
      "priority": 7,
      "trigger": {
        "ten_gods": "정재",
        "relation": "정관"
      },
      "mechanism": "정재와 정관의 조합은 체계적이고 의무적인 직무 수행을 강조함.",
      "interpretation": "정재와 정관은 직무를 체계적으로 수행하며 안정적인 경력을 쌓는 데 유리함.",
      "action": "직무를 체계적으로 관리하고 장기적인 경력 계획을 세워라.",
      "cautions": [
        "유연성이 부족할 수 있음."
      ],
      "tags": [
        "정재",
        "정관",
        "직무",
        "체계",
        "경력"
      ]
    },
    {
      "id": "RC-32665a3e86",
      "topic": "CAREER",
      "priority": 9,
      "trigger": {
        "ten_gods": "편재",
        "relation": "편관"
      },
      "mechanism": "편재와 편관의 조합은 큰 스케일의 직무 수행과 리더십을 강조함.",
      "interpretation": "편재와 편관은 대규모 프로젝트나 조직을 이끄는 데 적합함.",
      "action": "리더십을 발휘할 수 있는 대규모 프로젝트에 도전하라.",
      "cautions": [
        "과도한 리스크를 감수할 수 있음."
      ],
      "tags": [
        "편재",
        "편관",
        "리더십",
        "대규모",
        "프로젝트"
      ]
    },
    {
      "id": "RC-57a809077f",
      "topic": "RELATION",
      "priority": 8,
      "trigger": {
        "ten_gods": "정재",
        "relation": "정관"
      },
      "mechanism": "정재와 정관은 1대1 관계를 중시하며 세부적인 관리에 강함.",
      "interpretation": "정재와 정관은 개별적인 관계를 세심하게 관리하는 데 유리함.",
      "action": "개별적인 관계를 세심하게 관리하고 신뢰를 쌓아라.",
      "cautions": [
        "전체적인 관점에서 부족할 수 있음."
      ],
      "tags": [
        "정재",
        "정관",
        "관계관리",
        "세부",
        "신뢰"
      ]
    },
    {
      "id": "RC-358bd68895",
      "topic": "RELATION",
      "priority": 8,
      "trigger": {
        "ten_gods": "편재",
        "relation": "편관"
      },
      "mechanism": "편재와 편관은 전체를 하나로 묶는 능력을 강조함.",
      "interpretation": "편재와 편관은 대규모 조직이나 집단을 효과적으로 관리할 수 있음.",
      "action": "조직 전체를 아우르는 리더십을 발휘하라.",
      "cautions": [
        "개별적인 세부 사항을 놓칠 수 있음."
      ],
      "tags": [
        "편재",
        "편관",
        "조직관리",
        "리더십",
        "집단"
      ]
    },
    {
      "id": "RC-3b9c5a7bd2",
      "topic": "CAREER",
      "priority": 7,
      "trigger": {
        "ten_gods": "재성",
        "relation": "관성"
      },
      "mechanism": "재성은 관성을 서포트하며 직무 수행 능력을 강화함.",
      "interpretation": "재성이 강하면 직무 수행 능력이 뛰어나고 조직 내에서 신뢰를 얻음.",
      "action": "직무 수행 능력을 강화하고 조직 내 신뢰를 쌓아라.",
      "cautions": [
        "사람 관리보다는 일 중심으로 치우칠 수 있음."
      ],
      "tags": [
        "재성",
        "관성",
        "직무수행",
        "조직",
        "신뢰"
      ]
    },
    {
      "id": "RC-df70341ab0",
      "topic": "CAREER",
      "priority": 8,
      "trigger": {
        "ten_gods": "재성",
        "relation": "식상"
      },
      "mechanism": "재성과 식상이 조화를 이루면 대인관계와 직무 수행 능력이 균형을 이룸.",
      "interpretation": "재성과 식상이 조화를 이루면 대인관계와 직무 수행 모두에서 성공 가능성이 높음.",
      "action": "대인관계와 직무 수행의 균형을 유지하라.",
      "cautions": [
        "한쪽에 치우치지 않도록 주의하라."
      ],
      "tags": [
        "재성",
        "식상",
        "대인관계",
        "직무수행",
        "균형"
      ]
    },
    {
      "id": "RC-af3fcc8b6b",
      "topic": "RELATION",
      "priority": 7,
      "trigger": {
        "ten_gods": "식상",
        "relation": "재성"
      },
      "mechanism": "식상은 재성을 통해 대인관계에서 인기를 얻음.",
      "interpretation": "식상이 강하면 대인관계에서 인기를 얻고 사람들을 잘 이끌 수 있음.",
      "action": "대인관계에서 적극적으로 소통하고 신뢰를 쌓아라.",
      "cautions": [
        "감정적인 소통이 부족할 수 있음."
      ],
      "tags": [
        "식상",
        "재성",
        "대인관계",
        "인기",
        "소통"
      ]
    },
    {
      "topic": "STRUCTURE",
      "priority": 9,
      "trigger": {
        "structure": "정관격",
        "supporting_element": "인성"
      },
      "mechanism": "정관격에 인성이 용신으로 작용하면 자리에 맞는 공부를 통해 전문성을 갖추게 된다.",
      "interpretation": "정관격과 인성이 조화를 이루면 공무원, 국가직 등 안정적인 직업군에 적합하다.",
      "action": "자격증 취득이나 전문성 강화를 목표로 학습에 집중하라.",
      "cautions": [
        "직업 이동이 어려울 수 있다.",
        "은퇴 후 우울증 가능성 있음."
      ],
      "tags": [
        "정관격",
        "인성",
        "공무원",
        "전문성",
        "안정성",
        "직업",
        "자격증",
        "학습",
        "은퇴",
        "우울증"
      ],
      "id": "RC-08a5b80118"
    },
    {
      "topic": "STRUCTURE",
      "priority": 8,
      "trigger": {
        "structure": "정관격",
        "supporting_element": "편인"
      },
      "mechanism": "정관격에 편인이 작용하면 기술직 공무원이나 특수직에 적합하다.",
      "interpretation": "정관격과 편인의 조합은 행정 관련 업무나 기술직 공무원에 적합하다.",
      "action": "기술 관련 자격증을 취득하거나 특수직 공무원 시험을 준비하라.",
      "cautions": [
        "정관의 강약에 따라 직업 선택이 달라질 수 있다."
      ],
      "tags": [
        "정관격",
        "편인",
        "기술직",
        "특수직",
        "공무원",
        "행정",
        "자격증",
        "시험",
        "직업",
        "조합"
      ],
      "id": "RC-ecf42754ef"
    },
    {
      "topic": "STRUCTURE",
      "priority": 7,
      "trigger": {
        "structure": "정관격",
        "supporting_element": "상관"
      },
      "mechanism": "정관격에 상관이 약하게 작용하면 감독, 감시 관련 직업에 적합하다.",
      "interpretation": "상관이 약한 정관격은 금융감독원, 국세청 등 감독 업무에 적합하다.",
      "action": "감독 관련 직업군을 목표로 준비하라.",
      "cautions": [
        "상관이 강하면 정관의 안정성을 해칠 수 있다."
      ],
      "tags": [
        "정관격",
        "상관",
        "감독",
        "금융감독원",
        "국세청",
        "직업",
        "안정성",
        "조합",
        "시험",
        "준비"
      ],
      "id": "RC-8249321927"
    },
    {
      "topic": "STRUCTURE",
      "priority": 8,
      "trigger": {
        "structure": "정관격",
        "location": "중앙직"
      },
      "mechanism": "정관격에서 중앙직은 명예와 직업적 안정성을 중시한다.",
      "interpretation": "중앙직은 명예와 직업적 안정성을 추구하며, 공무원 시험에서 중앙직을 목표로 한다.",
      "action": "중앙직 공무원 시험을 준비하라.",
      "cautions": [
        "지방직과의 차이를 명확히 이해해야 한다."
      ],
      "tags": [
        "정관격",
        "중앙직",
        "공무원",
        "명예",
        "안정성",
        "시험",
        "준비",
        "직업",
        "차이",
        "목표"
      ],
      "id": "RC-c838413fc0"
    },
    {
      "topic": "STRUCTURE",
      "priority": 7,
      "trigger": {
        "structure": "정관격",
        "supporting_element": "재성"
      },
      "mechanism": "정관격에 재성이 작용하면 직업 변동성이 크고 감당 능력이 뛰어나다.",
      "interpretation": "재성이 강한 정관격은 직업 변동성이 크며, 다양한 직무를 감당할 수 있다.",
      "action": "다양한 직무 경험을 통해 적응력을 키워라.",
      "cautions": [
        "직업 안정성이 낮을 수 있다."
      ],
      "tags": [
        "정관격",
        "재성",
        "직업",
        "변동성",
        "감당능력",
        "적응력",
        "경험",
        "안정성",
        "조합",
        "변화"
      ],
      "id": "RC-b396ab8606"
    },
    {
      "topic": "RELATION",
      "priority": 6,
      "trigger": {
        "relation": "식신-정관"
      },
      "mechanism": "식신은 정관을 잘 활용하며, 정관의 질서를 개선하는 역할을 한다.",
      "interpretation": "식신과 정관의 조합은 직장생활에서 효율성과 조화를 가져온다.",
      "action": "정관의 질서를 존중하며 개선 방안을 제시하라.",
      "cautions": [
        "상관과의 혼재는 정관의 안정성을 해칠 수 있다."
      ],
      "tags": [
        "식신",
        "정관",
        "직장생활",
        "효율성",
        "조화",
        "질서",
        "개선",
        "안정성",
        "조합",
        "직업"
      ],
      "id": "RC-4626b22275"
    },
    {
      "topic": "LOVE",
      "priority": 7,
      "trigger": {
        "relation": "식신-정관",
        "gender": "female"
      },
      "mechanism": "여성이 식신과 정관을 조합하면 남편을 잘 활용하는 성향이 나타난다.",
      "interpretation": "식신-정관 조합은 결혼 생활에서 남편과의 협력과 조화를 의미한다.",
      "action": "결혼 생활에서 남편과의 협력을 통해 안정적인 가정을 유지하라.",
      "cautions": [
        "이용이라는 어감이 부정적으로 작용하지 않도록 주의하라."
      ],
      "tags": [
        "식신",
        "정관",
        "결혼",
        "남편",
        "협력",
        "조화",
        "안정",
        "가정",
        "조합",
        "생활"
      ],
      "id": "RC-f6b36312cc"
    },
    {
      "topic": "CAREER",
      "priority": 8,
      "trigger": {
        "structure": "정관격",
        "supporting_element": "식신"
      },
      "mechanism": "식신이 정관을 활용하면 직장 내에서 효율적으로 업무를 수행한다.",
      "interpretation": "식신-정관 조합은 직장에서의 대우와 인정받는 능력을 의미한다.",
      "action": "직장에서의 효율성을 높이고, 상사와의 관계를 원활히 유지하라.",
      "cautions": [
        "식신이 과도하면 직장 안정성이 떨어질 수 있다."
      ],
      "tags": [
        "식신",
        "정관",
        "직장",
        "효율성",
        "업무",
        "대우",
        "인정",
        "관계",
        "안정성",
        "조합"
      ],
      "id": "RC-e2b05f3bb6"
    },
    {
      "topic": "STRUCTURE",
      "priority": 9,
      "trigger": {
        "structure": "정관격",
        "supporting_element": "인성",
        "career": "공무원"
      },
      "mechanism": "정관격에 인성이 강하면 공무원적 성향이 두드러진다.",
      "interpretation": "정관격과 인성의 조합은 공무원 시험에서 높은 적합성을 의미한다.",
      "action": "공무원 시험 준비에 집중하라.",
      "cautions": [
        "인성이 약하면 공무원 시험에서 어려움을 겪을 수 있다."
      ],
      "tags": [
        "정관격",
        "인성",
        "공무원",
        "시험",
        "준비",
        "적합성",
        "성향",
        "조합",
        "직업",
        "안정성"
      ],
      "id": "RC-6cf54d8872"
    },
    {
      "topic": "STRUCTURE",
      "priority": 7,
      "trigger": {
        "structure": "정관격",
        "supporting_element": "상관",
        "career": "금융감독원"
      },
      "mechanism": "정관격에 상관이 약하게 작용하면 금융감독원과 같은 감독 업무에 적합하다.",
      "interpretation": "상관이 약한 정관격은 감독 업무에서의 전문성을 의미한다.",
      "action": "금융감독원 시험을 준비하라.",
      "cautions": [
        "상관이 강하면 감독 업무에 부적합할 수 있다."
      ],
      "tags": [
        "정관격",
        "상관",
        "금융감독원",
        "감독",
        "업무",
        "전문성",
        "시험",
        "준비",
        "직업",
        "조합"
      ],
      "id": "RC-eb5f5125ce"
    }
  ],
  "notes": [],
  "schema_version": "rulecards.v1",
  "module_code": "SajuOS_STRU_034",
  "updated_at": "2025-12-23T20:27:23"
}