{
  "title": "SajuOS_Logic_STRU_A_029",
  "rulecards": [
    {
      "id": "RC-b2d4811908",
      "topic": "STRUCTURE",
      "priority": 9,
      "trigger": {
        "month": "4월",
        "day_master": "신금"
      },
      "mechanism": "4월은 신금에게 정관의 달로 작용하며, 목과 수의 조화가 중요하다.",
      "interpretation": "목과 수가 조화를 이루면 신금의 출세와 안정성이 높아진다.",
      "action": "사주에 목과 수가 있는지 확인하고, 부족하다면 보완책을 고려하라.",
      "cautions": [
        "목과 수가 없으면 정관의 긍정적 효과가 제한될 수 있음."
      ],
      "tags": [
        "신금",
        "정관",
        "목",
        "수",
        "4월"
      ]
    },
    {
      "id": "RC-6bf30a6a1e",
      "topic": "STRUCTURE",
      "priority": 8,
      "trigger": {
        "note": "금일간이 강하고 토가 설계당할 정도로 강한 경우"
      },
      "mechanism": "강한 금은 토를 설계하여 안정성을 제공한다.",
      "interpretation": "금이 강하면 안정적인 직장이나 환경을 유지할 가능성이 높다.",
      "action": "금의 강약을 분석하고, 부족하다면 금을 강화할 방법을 모색하라.",
      "cautions": [
        "금이 약하면 토에 의해 묻히거나 에너지가 소진될 수 있음."
      ],
      "tags": [
        "금",
        "토",
        "안정성",
        "직장",
        "설계"
      ]
    },
    {
      "id": "RC-db5ed8d559",
      "topic": "RELATION",
      "priority": 7,
      "trigger": {
        "note": "목이 토를 소토하는 경우"
      },
      "mechanism": "목은 토를 해집어 생산성을 높이는 역할을 한다.",
      "interpretation": "목이 토를 소토하면 환경의 생산성과 생명력이 증가한다.",
      "action": "목의 역할을 강화하여 토의 생산성을 높이는 방안을 찾으라.",
      "cautions": [
        "목이 약하면 토의 부정적 영향이 지속될 수 있음."
      ],
      "tags": [
        "목",
        "토",
        "소토",
        "생산성",
        "생명력"
      ]
    },
    {
      "id": "RC-a5709a88ad",
      "topic": "STRUCTURE",
      "priority": 8,
      "trigger": {
        "note": "인성운이 오는 경우"
      },
      "mechanism": "인성운은 학문적 성취와 문서와 관련된 기회를 제공한다.",
      "interpretation": "인성운은 공부와 문서 관련 활동에 유리하지만, 재성과의 조화가 필요하다.",
      "action": "인성운이 올 때 재성과의 균형을 고려하여 활용 방안을 모색하라.",
      "cautions": [
        "인성운만으로는 현실적 성과를 내기 어려울 수 있음."
      ],
      "tags": [
        "인성운",
        "공부",
        "문서",
        "재성",
        "조화"
      ]
    },
    {
      "id": "RC-a90c5ae69e",
      "topic": "RELATION",
      "priority": 6,
      "trigger": {
        "note": "축토가 작용하는 경우"
      },
      "mechanism": "축토는 목의 발현을 위한 전단계로 작용한다.",
      "interpretation": "축토는 목의 발현을 돕지만, 급격한 변화로 부작용이 있을 수 있다.",
      "action": "축토의 작용을 분석하고, 목의 발현을 지원할 방안을 마련하라.",
      "cautions": [
        "급격한 변화로 인해 부작용이 발생할 수 있음."
      ],
      "tags": [
        "축토",
        "목",
        "발현",
        "변화",
        "부작용"
      ]
    },
    {
      "id": "RC-d97c654b8c",
      "topic": "STRUCTURE",
      "priority": 7,
      "trigger": {
        "note": "일지에 정관이 있는 경우"
      },
      "mechanism": "일지 정관은 개인의 자아 인식과 사회적 규범을 형성한다.",
      "interpretation": "일지 정관은 자신을 잘난 존재로 인식하게 하지만, 외부 시선과 괴리감을 초래할 수 있다.",
      "action": "일지 정관의 긍정적 측면을 활용하되, 외부 시선과의 균형을 유지하라.",
      "cautions": [
        "자기중심적 사고로 인해 사회적 갈등이 발생할 수 있음."
      ],
      "tags": [
        "일지",
        "정관",
        "자아",
        "규범",
        "괴리감"
      ]
    },
    {
      "id": "RC-fbd84928b5",
      "topic": "RELATION",
      "priority": 6,
      "trigger": {
        "note": "사유축 반합이 발생하는 경우"
      },
      "mechanism": "사유축 반합은 특정 에너지를 끌어와 안정성을 제공한다.",
      "interpretation": "사유축 반합은 안정적 환경을 조성하지만, 지나친 고착화에 주의해야 한다.",
      "action": "사유축 반합의 긍정적 효과를 활용하되, 변화의 가능성을 열어두라.",
      "cautions": [
        "고착화로 인해 발전이 저해될 수 있음."
      ],
      "tags": [
        "사유축",
        "반합",
        "안정성",
        "환경",
        "고착화"
      ]
    },
    {
      "id": "RC-9f937b2389",
      "topic": "STRUCTURE",
      "priority": 8,
      "trigger": {
        "note": "금생수가 원활하지 않은 경우"
      },
      "mechanism": "금생수가 원활하지 않으면 에너지 흐름이 단절된다.",
      "interpretation": "금생수가 원활하지 않으면 자신의 영역을 유지하는 데 그칠 수 있다.",
      "action": "금생수를 원활히 하기 위한 환경적 조건을 조성하라.",
      "cautions": [
        "금생수가 단절되면 발전이 제한될 수 있음."
      ],
      "tags": [
        "금생수",
        "에너지",
        "흐름",
        "단절",
        "발전"
      ]
    },
    {
      "id": "RC-2d76aa5ff0",
      "topic": "RELATION",
      "priority": 7,
      "trigger": {
        "note": "목생화가 발생하는 경우"
      },
      "mechanism": "목생화는 에너지의 순환을 촉진한다.",
      "interpretation": "목생화는 긍정적 에너지 흐름을 만들어내며, 발전 가능성을 높인다.",
      "action": "목생화의 흐름을 강화하여 긍정적 변화를 유도하라.",
      "cautions": [
        "목생화가 약하면 에너지 순환이 제한될 수 있음."
      ],
      "tags": [
        "목생화",
        "에너지",
        "순환",
        "발전",
        "변화"
      ]
    },
    {
      "id": "RC-7e95925330",
      "topic": "STRUCTURE",
      "priority": 9,
      "trigger": {
        "note": "기축대운이 오는 경우"
      },
      "mechanism": "기축대운은 목의 발현을 방해하고, 관계의 갈등을 초래할 수 있다.",
      "interpretation": "기축대운은 목의 역할을 제한하며, 관계에서 문제가 발생할 가능성이 높다.",
      "action": "기축대운의 영향을 분석하고, 목의 역할을 보완할 방안을 마련하라.",
      "cautions": [
        "기축대운은 관계의 갈등과 제한을 초래할 수 있음."
      ],
      "tags": [
        "기축대운",
        "목",
        "갈등",
        "제한",
        "관계"
      ]
    },
    {
      "id": "RC-c6bae87e3f",
      "topic": "RELATION",
      "priority": 8,
      "trigger": {
        "note": "화와 금의 관계에서 화생금으로 작용하는 경우"
      },
      "mechanism": "화가 금을 생조하여 금의 기운을 강화함.",
      "interpretation": "화생금 구조는 금의 기운을 왕성하게 만들 수 있음.",
      "action": "화생금 구조를 활용하여 금의 기운을 적절히 조절할 것.",
      "cautions": [
        "화생금이 과도하면 균형이 깨질 수 있음."
      ],
      "tags": [
        "화생금",
        "금의 기운",
        "생조",
        "균형",
        "구조"
      ]
    },
    {
      "id": "RC-87cb3bb39d",
      "topic": "RELATION",
      "priority": 7,
      "trigger": {
        "note": "왕지와 생지가 조화를 이루지 못하는 경우"
      },
      "mechanism": "왕지는 강한 에너지를 유지하고, 생지는 초반에 에너지를 몰아씀.",
      "interpretation": "왕지와 생지가 조화를 이루지 못하면 대화나 협력이 어려움.",
      "action": "왕지와 생지의 조화를 고려하여 관계를 조율할 것.",
      "cautions": [
        "왕지와 생지의 불균형은 협력에 장애가 될 수 있음."
      ],
      "tags": [
        "왕지",
        "생지",
        "조화",
        "협력",
        "에너지"
      ]
    },
    {
      "id": "RC-53ff29c184",
      "topic": "STRUCTURE",
      "priority": 9,
      "trigger": {
        "note": "신금이 임수를 통해 상관을 사용하는 경우"
      },
      "mechanism": "임수가 신금을 설기하여 상관의 기운을 활성화함.",
      "interpretation": "신금은 상관을 사용할 때 더 매력적이고 일관성을 유지함.",
      "action": "신금은 상관을 활용하여 자신의 강점을 극대화할 것.",
      "cautions": [
        "상관의 과도한 사용은 부담을 줄 수 있음."
      ],
      "tags": [
        "신금",
        "임수",
        "상관",
        "설기",
        "일관성"
      ]
    },
    {
      "id": "RC-c9867bba9a",
      "topic": "TIMING",
      "priority": 8,
      "trigger": {
        "note": "운에서 금수가 강하게 작용하는 경우"
      },
      "mechanism": "금수의 강한 에너지가 흐름을 원활하게 함.",
      "interpretation": "금수의 강한 운은 긍정적인 변화를 가져올 가능성이 큼.",
      "action": "금수 운을 활용하여 새로운 기회를 모색할 것.",
      "cautions": [
        "금수의 과도한 작용은 균형을 깨뜨릴 수 있음."
      ],
      "tags": [
        "금수",
        "운",
        "흐름",
        "변화",
        "기회"
      ]
    },
    {
      "id": "RC-0a12ff9012",
      "topic": "STRUCTURE",
      "priority": 7,
      "trigger": {
        "note": "편재가 사화로 작용하는 경우"
      },
      "mechanism": "사화는 확장성과 조장력을 강화함.",
      "interpretation": "사화 편재는 외형적 확장과 경영적 측면에서 유리함.",
      "action": "사화 편재를 활용하여 사업 확장에 집중할 것.",
      "cautions": [
        "확장이 과도하면 감당하기 어려울 수 있음."
      ],
      "tags": [
        "편재",
        "사화",
        "확장성",
        "경영",
        "조장력"
      ]
    },
    {
      "id": "RC-4c8c916bec",
      "topic": "STRUCTURE",
      "priority": 6,
      "trigger": {
        "note": "정재와 편재의 차이"
      },
      "mechanism": "정재는 실속과 깊이를 중시하고, 편재는 확장과 외형을 중시함.",
      "interpretation": "정재는 안정적이고 실속 있는 접근, 편재는 다변적이고 확장적인 접근을 의미함.",
      "action": "정재와 편재의 특성을 이해하고 상황에 맞게 활용할 것.",
      "cautions": [
        "정재와 편재의 균형이 중요함."
      ],
      "tags": [
        "정재",
        "편재",
        "실속",
        "확장",
        "균형"
      ]
    },
    {
      "id": "RC-48e6a532ce",
      "topic": "TIMING",
      "priority": 7,
      "trigger": {
        "note": "운에서 토운이 들어오는 경우"
      },
      "mechanism": "토운은 개인적 활동을 공적 활동으로 전환시킴.",
      "interpretation": "토운은 개인 사업을 프랜차이즈 등으로 확장할 기회를 제공함.",
      "action": "토운을 활용하여 사업의 공적 영역을 확장할 것.",
      "cautions": [
        "확장 과정에서 리스크를 관리해야 함."
      ],
      "tags": [
        "토운",
        "확장",
        "프랜차이즈",
        "공적 활동",
        "리스크"
      ]
    },
    {
      "id": "RC-4957cb83d8",
      "topic": "STRUCTURE",
      "priority": 8,
      "trigger": {
        "note": "4월의 임수가 식상생제로 작용하는 경우"
      },
      "mechanism": "4월의 임수는 잘 흐르는 구조로 식상생제를 강화함.",
      "interpretation": "4월의 임수는 환경적으로 유리한 조건을 제공함.",
      "action": "4월의 임수를 활용하여 식상생제를 극대화할 것.",
      "cautions": [
        "과도한 확장은 조절이 필요함."
      ],
      "tags": [
        "4월",
        "임수",
        "식상생제",
        "흐름",
        "환경"
      ]
    },
    {
      "id": "RC-b655ebbdd7",
      "topic": "STRUCTURE",
      "priority": 6,
      "trigger": {
        "note": "왕지와 생지의 에너지 차이"
      },
      "mechanism": "왕지는 지속적이고 강한 에너지를 제공하며, 생지는 초반에 집중적으로 에너지를 사용함.",
      "interpretation": "왕지와 생지의 조화는 지속성과 초기 추진력을 결정함.",
      "action": "왕지와 생지의 특성을 고려하여 계획을 세울 것.",
      "cautions": [
        "왕지와 생지의 불균형은 장기적 성과에 영향을 줄 수 있음."
      ],
      "tags": [
        "왕지",
        "생지",
        "에너지",
        "조화",
        "지속성"
      ]
    },
    {
      "id": "RC-9648602c61",
      "topic": "STRUCTURE",
      "priority": 7,
      "trigger": {
        "note": "편재가 금수와 연결된 경우"
      },
      "mechanism": "금수는 편재의 확장성을 안정적으로 지원함.",
      "interpretation": "금수와 연결된 편재는 긍정적인 확장과 안정성을 제공함.",
      "action": "금수와 연결된 편재를 활용하여 안정적인 확장을 도모할 것.",
      "cautions": [
        "금수의 과도한 작용은 균형을 깨뜨릴 수 있음."
      ],
      "tags": [
        "편재",
        "금수",
        "확장",
        "안정성",
        "균형"
      ]
    },
    {
      "id": "RC-c851bd83dd",
      "topic": "WEALTH",
      "priority": 9,
      "trigger": {
        "ten_gods": "정제",
        "context": "사업 확장"
      },
      "mechanism": "정제는 하나씩 검토하며 안정적으로 확장하는 성향을 가짐.",
      "interpretation": "정제는 안정적이고 체계적인 방식으로 사업을 확장함.",
      "action": "사업 확장 시 체계적이고 신중한 접근을 유지.",
      "cautions": [
        "과도한 신중함으로 기회를 놓칠 수 있음."
      ],
      "tags": [
        "정제",
        "사업",
        "확장",
        "체계",
        "안정"
      ]
    },
    {
      "id": "RC-f6c341b60b",
      "topic": "WEALTH",
      "priority": 8,
      "trigger": {
        "ten_gods": "편제",
        "context": "사업 확장"
      },
      "mechanism": "편제는 다변적이고 동시 계산 능력이 뛰어남.",
      "interpretation": "편제는 여러 변수를 고려하며 유연하게 사업을 확장함.",
      "action": "다양한 가능성을 열어두고 유연하게 대응.",
      "cautions": [
        "과도한 다변성으로 집중력을 잃을 수 있음."
      ],
      "tags": [
        "편제",
        "사업",
        "확장",
        "유연성",
        "다변성"
      ]
    },
    {
      "id": "RC-a4c1e6b0ae",
      "topic": "CAREER",
      "priority": 7,
      "trigger": {
        "ten_gods": "식상",
        "context": "직장인"
      },
      "mechanism": "식상은 개인의 창의성과 자율성을 중시함.",
      "interpretation": "식상이 강한 직장인은 자율적인 환경에서 성과를 냄.",
      "action": "직장에서 독립적이고 자율적인 업무를 맡길 것.",
      "cautions": [
        "지나친 간섭은 성과를 저하시킬 수 있음."
      ],
      "tags": [
        "식상",
        "직장",
        "자율성",
        "창의성",
        "성과"
      ]
    },
    {
      "id": "RC-c522ea9294",
      "topic": "TIMING",
      "priority": 6,
      "trigger": {
        "pillar": "시주",
        "ten_gods": "상관"
      },
      "mechanism": "시주의 상관은 나이가 들수록 파격적인 변화를 추구함.",
      "interpretation": "노년기에 새로운 도전이나 변화를 시도할 가능성이 높음.",
      "action": "노년기에 새로운 기회를 적극적으로 탐색.",
      "cautions": [
        "과도한 변화로 인해 안정성을 잃을 수 있음."
      ],
      "tags": [
        "상관",
        "시주",
        "노년",
        "변화",
        "도전"
      ]
    },
    {
      "id": "RC-982fe1e15e",
      "topic": "LOVE",
      "priority": 5,
      "trigger": {
        "ten_gods": "식신",
        "relation": "정제"
      },
      "mechanism": "식신은 꾸준한 애정 표현으로 상대를 설득함.",
      "interpretation": "식신과 정제의 조합은 일관된 애정 표현으로 관계를 발전시킴.",
      "action": "상대방에게 꾸준히 애정을 표현할 것.",
      "cautions": [
        "상대방의 반응에 지나치게 의존하지 말 것."
      ],
      "tags": [
        "식신",
        "정제",
        "애정",
        "꾸준함",
        "관계"
      ]
    },
    {
      "id": "RC-d46c129667",
      "topic": "WEALTH",
      "priority": 8,
      "trigger": {
        "ten_gods": "정제",
        "context": "목표 설정"
      },
      "mechanism": "정제는 목표를 설정하고 이를 달성하려는 성향이 강함.",
      "interpretation": "목표가 명확할수록 성과를 낼 가능성이 높음.",
      "action": "명확한 목표를 설정하고 이를 체계적으로 실행.",
      "cautions": [
        "목표가 없으면 방황할 가능성이 있음."
      ],
      "tags": [
        "정제",
        "목표",
        "달성",
        "체계",
        "성과"
      ]
    },
    {
      "id": "RC-8f3bda312e",
      "topic": "GENERAL",
      "priority": 7,
      "trigger": {
        "note": "계수와 사화의 조합"
      },
      "mechanism": "계수와 사화는 조율 능력을 극대화함.",
      "interpretation": "계수와 사화의 조합은 주변 분위기를 조절하는 데 탁월함.",
      "action": "조율 능력을 활용해 팀워크를 강화.",
      "cautions": [
        "과도한 조율로 에너지를 소진할 수 있음."
      ],
      "tags": [
        "계수",
        "사화",
        "조율",
        "팀워크",
        "분위기"
      ]
    },
    {
      "id": "RC-3e4d19db23",
      "topic": "WEALTH",
      "priority": 6,
      "trigger": {
        "ten_gods": "정제",
        "context": "재정 관리"
      },
      "mechanism": "정제는 투명하고 체계적인 재정 관리를 선호함.",
      "interpretation": "정제는 신뢰를 기반으로 재정적 안정성을 유지함.",
      "action": "재정 관리에서 투명성과 체계성을 유지.",
      "cautions": [
        "과도한 투명성으로 인해 사생활이 노출될 수 있음."
      ],
      "tags": [
        "정제",
        "재정",
        "투명성",
        "체계",
        "신뢰"
      ]
    },
    {
      "id": "RC-369e680418",
      "topic": "LOVE",
      "priority": 6,
      "trigger": {
        "ten_gods": "상관",
        "context": "연애"
      },
      "mechanism": "상관은 상황에 따라 유연하게 접근함.",
      "interpretation": "상관은 밀당을 잘하며 연애에서 매력을 발휘함.",
      "action": "상대방의 반응에 따라 유연하게 대처.",
      "cautions": [
        "지나친 밀당은 신뢰를 저하시킬 수 있음."
      ],
      "tags": [
        "상관",
        "연애",
        "유연성",
        "밀당",
        "매력"
      ]
    },
    {
      "id": "RC-590aef424d",
      "topic": "CAREER",
      "priority": 7,
      "trigger": {
        "ten_gods": "식상",
        "pillar": "시주"
      },
      "mechanism": "시주의 식상은 개인적 성향을 극대화함.",
      "interpretation": "시주의 식상은 직장에서 개인적 창의성을 발휘함.",
      "action": "개인의 창의성을 살릴 수 있는 업무를 맡길 것.",
      "cautions": [
        "과도한 개인주의는 팀워크를 저해할 수 있음."
      ],
      "tags": [
        "식상",
        "시주",
        "창의성",
        "개인주의",
        "직장"
      ]
    },
    {
      "id": "RC-04d9b84276",
      "topic": "TEN_GODS",
      "priority": 9,
      "trigger": {
        "god": "정제",
        "connected_god": "식신"
      },
      "mechanism": "정제는 항상성을 유지하려는 성질을 가지며, 식신은 이를 꾸준히 관리하는 역할을 한다.",
      "interpretation": "정제와 식신이 연결되면 성실하고 믿을 만한 성격을 형성한다.",
      "action": "정제와 식신이 연결된 사람은 일관된 생활 패턴을 유지하며 신뢰를 쌓는 데 집중하라.",
      "cautions": [
        "상관이 개입되면 일관성이 떨어질 수 있다."
      ],
      "tags": [
        "정제",
        "식신",
        "항상성",
        "성실",
        "신뢰"
      ]
    },
    {
      "id": "RC-949d3ce36b",
      "topic": "TEN_GODS",
      "priority": 8,
      "trigger": {
        "god": "상관",
        "connected_god": "정제"
      },
      "mechanism": "상관은 상황에 따라 유연하게 대처하지만 일관성이 부족하다.",
      "interpretation": "상관과 정제가 연결되면 순간적인 대처 능력은 뛰어나지만 장기적인 신뢰를 얻기 어렵다.",
      "action": "상관이 강한 사람은 거짓말이나 회피를 피하고 사실에 기반한 행동을 하라.",
      "cautions": [
        "리스크 관리에 주의해야 한다."
      ],
      "tags": [
        "상관",
        "정제",
        "유연성",
        "일관성",
        "리스크"
      ]
    },
    {
      "id": "RC-26912f6661",
      "topic": "STRUCTURE",
      "priority": 7,
      "trigger": {
        "month": "4월",
        "element": "개수"
      },
      "mechanism": "4월의 개수는 상경 계열 직업과 정재를 다루는 직업군에 적합하다.",
      "interpretation": "4월 개수는 재정 관리나 지원 업무에 강점을 가진다.",
      "action": "4월 개수는 투명성과 윤리성을 유지하며 직업을 선택하라.",
      "cautions": [
        "부정적인 상황에서는 신뢰를 잃을 수 있다."
      ],
      "tags": [
        "4월",
        "개수",
        "정재",
        "직업",
        "투명성"
      ]
    },
    {
      "id": "RC-1c6715dd55",
      "topic": "RELATION",
      "priority": 6,
      "trigger": {
        "god": "식신",
        "relation": "생제"
      },
      "mechanism": "식신생제는 재를 생성하기 위해 투자가 선행되는 구조이다.",
      "interpretation": "식신생제는 재물을 벌기 위해 먼저 자원을 투입해야 한다.",
      "action": "식신생제 운에서는 투자 계획을 신중히 세우고 실행하라.",
      "cautions": [
        "투자 손실 가능성을 고려해야 한다."
      ],
      "tags": [
        "식신",
        "생제",
        "투자",
        "재물",
        "계획"
      ]
    },
    {
      "id": "RC-bf91414b04",
      "topic": "RELATION",
      "priority": 5,
      "trigger": {
        "god": "정제",
        "connected_god": "관"
      },
      "mechanism": "정제와 관이 연결되면 재를 관으로 다루는 직업군에 적합하다.",
      "interpretation": "정제와 관의 조합은 공무원, 금융, 재정기획 등의 직업에 적합하다.",
      "action": "정제와 관이 강한 사람은 재정 관리와 관련된 직업을 탐색하라.",
      "cautions": [
        "관이 약하면 직업 안정성이 떨어질 수 있다."
      ],
      "tags": [
        "정제",
        "관",
        "직업",
        "재정",
        "공무원"
      ]
    },
    {
      "id": "RC-6bf841e19a",
      "topic": "STRUCTURE",
      "priority": 7,
      "trigger": {
        "god": "정제",
        "month": "4월",
        "element": "개수"
      },
      "mechanism": "4월의 개수는 부족한 것을 채워주는 능력이 뛰어나다.",
      "interpretation": "4월 개수는 타인의 필요를 정확히 파악하고 지원하는 데 강점을 가진다.",
      "action": "4월 개수는 타인의 요구를 잘 파악하고 이를 충족시키는 방향으로 행동하라.",
      "cautions": [
        "타인의 필요를 지나치게 우선시하면 자기 희생이 될 수 있다."
      ],
      "tags": [
        "4월",
        "개수",
        "정제",
        "지원",
        "타인"
      ]
    },
    {
      "id": "RC-9144787a50",
      "topic": "RELATION",
      "priority": 6,
      "trigger": {
        "god": "식신",
        "element": "목"
      },
      "mechanism": "목은 식신의 에너지를 활성화시켜 직업적 활용도를 높인다.",
      "interpretation": "목이 강한 식신은 분석과 설명 능력이 뛰어나며, 지원 업무에 적합하다.",
      "action": "목이 강한 식신은 분석과 설명이 필요한 직업을 선택하라.",
      "cautions": [
        "목이 약하면 식신의 에너지가 충분히 발휘되지 않을 수 있다."
      ],
      "tags": [
        "식신",
        "목",
        "분석",
        "설명",
        "지원"
      ]
    },
    {
      "id": "RC-6447749c1c",
      "topic": "RELATION",
      "priority": 5,
      "trigger": {
        "god": "정제",
        "connected_god": "식상"
      },
      "mechanism": "정제와 식상이 연결되면 타인의 부족한 점을 보완하는 능력이 강화된다.",
      "interpretation": "정제와 식상의 조합은 타인의 필요를 충족시키는 데 적합하다.",
      "action": "정제와 식상이 연결된 사람은 타인을 지원하는 직업을 탐색하라.",
      "cautions": [
        "타인의 요구를 지나치게 우선시하면 자기 희생이 될 수 있다."
      ],
      "tags": [
        "정제",
        "식상",
        "지원",
        "타인",
        "부족"
      ]
    },
    {
      "id": "RC-e93776659b",
      "topic": "RELATION",
      "priority": 6,
      "trigger": {
        "god": "식신",
        "relation": "생제",
        "element": "목"
      },
      "mechanism": "목은 식신생제의 에너지를 활성화시켜 재물을 생성한다.",
      "interpretation": "목이 강한 식신생제는 재테크와 투자에 강점을 가진다.",
      "action": "목이 강한 식신생제는 투자 기회를 적극적으로 탐색하라.",
      "cautions": [
        "목이 약하면 투자 성과가 제한될 수 있다."
      ],
      "tags": [
        "식신",
        "생제",
        "목",
        "재테크",
        "투자"
      ]
    },
    {
      "id": "RC-f0869c43f3",
      "topic": "STRUCTURE",
      "priority": 7,
      "trigger": {
        "god": "정제",
        "month": "4월",
        "element": "개수"
      },
      "mechanism": "4월의 개수는 타인의 부족한 점을 보완하는 데 강점을 가진다.",
      "interpretation": "4월 개수는 타인의 필요를 정확히 파악하고 이를 충족시키는 데 적합하다.",
      "action": "4월 개수는 타인의 요구를 잘 파악하고 이를 충족시키는 방향으로 행동하라.",
      "cautions": [
        "타인의 필요를 지나치게 우선시하면 자기 희생이 될 수 있다."
      ],
      "tags": [
        "4월",
        "개수",
        "정제",
        "지원",
        "타인"
      ]
    }
  ],
  "notes": [
    "텍스트가 매우 방대하여 일부 규칙만 추출됨.",
    "추가적인 규칙은 후속 청크에서 분석 필요.",
    "텍스트가 매우 길고 복잡하여 일부 규칙은 요약 및 단순화됨.",
    "사례와 비유가 많아 구체적 조건 도출이 어려운 경우가 있음."
  ],
  "schema_version": "rulecards.v1",
  "module_code": "SajuOS_STRU_029",
  "updated_at": "2025-12-23T20:27:23"
}