{
  "title": "SajuOS_Logic_STRU_A_037",
  "rulecards": [
    {
      "id": "RC-ff033e5483",
      "topic": "ELEMENTS",
      "priority": 9,
      "trigger": {
        "element": "미토"
      },
      "mechanism": "미토는 화와 목의 에너지가 결합된 들뜬 기운을 가진다.",
      "interpretation": "미토는 정서적으로 불안정하고 조급한 성향을 나타낸다.",
      "action": "미토의 에너지를 안정시키기 위해 수의 조화가 필요하다.",
      "cautions": [
        "미토의 들뜬 에너지가 과도하면 사고를 유발할 수 있다."
      ],
      "tags": [
        "미토",
        "화",
        "목",
        "정서불안",
        "조급함"
      ]
    },
    {
      "id": "RC-8efc7a2133",
      "topic": "STRUCTURE",
      "priority": 8,
      "trigger": {
        "element": "미토",
        "contains": "을목"
      },
      "mechanism": "미중의 을목은 미토의 에너지를 활용하는 중요한 요소이다.",
      "interpretation": "을목이 미토와 결합하면 장악력과 과감한 행동력이 강화된다.",
      "action": "을목의 에너지를 활용해 재물을 다루는 능력을 키워라.",
      "cautions": [
        "을목이 과도하면 주변과의 조화가 깨질 수 있다."
      ],
      "tags": [
        "미토",
        "을목",
        "장악력",
        "행동력",
        "재물"
      ]
    },
    {
      "id": "RC-a06f43b495",
      "topic": "WEALTH",
      "priority": 10,
      "trigger": {
        "element": "미토",
        "contains": "수"
      },
      "mechanism": "수가 미토의 들뜬 에너지를 안정시킨다.",
      "interpretation": "수가 있는 미토는 재테크와 부동산에서 뛰어난 감각을 발휘한다.",
      "action": "수가 있는 경우 재테크와 부동산 관련 공부를 통해 능력을 강화하라.",
      "cautions": [
        "수가 없으면 불안정한 판단으로 손실을 볼 수 있다."
      ],
      "tags": [
        "미토",
        "수",
        "재테크",
        "부동산",
        "안정"
      ]
    },
    {
      "id": "RC-be0488d643",
      "topic": "STRUCTURE",
      "priority": 7,
      "trigger": {
        "element": "미토",
        "contains": "편재"
      },
      "mechanism": "편재는 미토의 에너지를 외교적이고 경영적인 방향으로 이끈다.",
      "interpretation": "미토가 편재와 결합하면 전체를 조율하고 관리하는 능력이 강화된다.",
      "action": "편재의 에너지를 활용해 조직 관리와 외교적 활동에 집중하라.",
      "cautions": [
        "편재가 과도하면 이기적인 성향이 나타날 수 있다."
      ],
      "tags": [
        "미토",
        "편재",
        "조율",
        "관리",
        "외교"
      ]
    },
    {
      "id": "RC-1834c8bdb5",
      "topic": "RELATION",
      "priority": 6,
      "trigger": {
        "element": "미토",
        "contains": "수가 없음"
      },
      "mechanism": "수가 없으면 미토의 들뜬 에너지가 제어되지 않는다.",
      "interpretation": "수가 없는 미토는 불안정하고 성급한 결정을 내릴 가능성이 높다.",
      "action": "수가 부족한 경우 신중함을 유지하고 조언을 구하라.",
      "cautions": [
        "수가 없으면 사고와 손실의 위험이 증가한다."
      ],
      "tags": [
        "미토",
        "수",
        "불안정",
        "성급함",
        "조언"
      ]
    },
    {
      "id": "RC-44ac139373",
      "topic": "TIMING",
      "priority": 5,
      "trigger": {
        "element": "미토",
        "contains": "임수"
      },
      "mechanism": "임수는 미토의 에너지를 과도하게 끌어내려 부담을 준다.",
      "interpretation": "임수가 미토와 결합하면 과도한 압박과 스트레스를 유발할 수 있다.",
      "action": "임수의 영향을 받을 때는 휴식과 자기 관리를 우선시하라.",
      "cautions": [
        "임수는 필요 이상의 에너지를 소모하게 할 수 있다."
      ],
      "tags": [
        "미토",
        "임수",
        "압박",
        "스트레스",
        "휴식"
      ]
    },
    {
      "id": "RC-b6d1a44cd7",
      "topic": "CAREER",
      "priority": 8,
      "trigger": {
        "element": "미토",
        "contains": "인성"
      },
      "mechanism": "인성은 미토의 에너지를 안정시키고 관성을 강화한다.",
      "interpretation": "인성이 있는 미토는 직장에서 안정적이고 신뢰받는 태도를 보인다.",
      "action": "인성을 활용해 직장에서의 신뢰와 승진 기회를 확보하라.",
      "cautions": [
        "인성이 없으면 직장에서의 관계가 불안정할 수 있다."
      ],
      "tags": [
        "미토",
        "인성",
        "직장",
        "안정",
        "신뢰"
      ]
    },
    {
      "id": "RC-0bb6e88e78",
      "topic": "LOVE",
      "priority": 6,
      "trigger": {
        "element": "미토",
        "contains": "수가 있음"
      },
      "mechanism": "수가 미토의 들뜬 에너지를 안정시켜 관계를 조화롭게 만든다.",
      "interpretation": "수가 있는 미토는 배우자와의 관계에서 안정감을 제공한다.",
      "action": "수가 있는 경우 배우자와의 관계를 더욱 강화하라.",
      "cautions": [
        "수가 없으면 관계에서 갈등이 발생할 수 있다."
      ],
      "tags": [
        "미토",
        "수",
        "관계",
        "안정",
        "배우자"
      ]
    },
    {
      "id": "RC-973a5b25cc",
      "topic": "GENERAL",
      "priority": 4,
      "trigger": {
        "note": "미토와 관련된 전반적인 설명"
      },
      "mechanism": "미토는 화와 목의 에너지가 결합된 독특한 성질을 가진다.",
      "interpretation": "미토는 들뜬 기운과 불안정성을 나타내며, 조화가 필요하다.",
      "action": "미토의 특성을 이해하고 조화로운 환경을 조성하라.",
      "cautions": [
        "미토의 에너지가 과도하면 불안정성을 초래할 수 있다."
      ],
      "tags": [
        "미토",
        "화",
        "목",
        "조화",
        "불안정"
      ]
    },
    {
      "id": "RC-e796bcec26",
      "topic": "TEN_GODS",
      "priority": 9,
      "trigger": {
        "상관": "왕"
      },
      "mechanism": "상관이 강하면 일관을 끌고 나가는 힘이 생김.",
      "interpretation": "진상관은 외부적 상황에 반응하며 주도적으로 행동함.",
      "action": "상관이 강한 경우, 자신의 재능을 다양한 활동에 활용할 것.",
      "cautions": [
        "상관이 강하면 과도한 반응으로 문제를 일으킬 수 있음."
      ],
      "tags": [
        "상관",
        "진상관",
        "일관",
        "주도성",
        "재능"
      ]
    },
    {
      "id": "RC-3f27e33e95",
      "topic": "TEN_GODS",
      "priority": 8,
      "trigger": {
        "상관": "약"
      },
      "mechanism": "상관이 약하면 일관을 끌고 나가지 못함.",
      "interpretation": "가상관은 불만이 많고 행동으로 이어지지 않음.",
      "action": "재성을 강화하여 상관의 약점을 보완할 것.",
      "cautions": [
        "상관이 약하면 내적 불만이 쌓일 수 있음."
      ],
      "tags": [
        "상관",
        "가상관",
        "재성",
        "불만",
        "보완"
      ]
    },
    {
      "id": "RC-636865db1f",
      "topic": "STRUCTURE",
      "priority": 10,
      "trigger": {
        "인성": "강",
        "상관": "강"
      },
      "mechanism": "인성이 상관을 제압하며 논리적 사고를 강화함.",
      "interpretation": "인성과 상관의 조화는 전문성과 논리력을 높임.",
      "action": "인성과 상관의 균형을 유지하며 전문성을 키울 것.",
      "cautions": [
        "인성이 과도하면 상관의 창의성이 억제될 수 있음."
      ],
      "tags": [
        "인성",
        "상관",
        "논리력",
        "전문성",
        "균형"
      ]
    },
    {
      "id": "RC-df9fa5b792",
      "topic": "STRUCTURE",
      "priority": 9,
      "trigger": {
        "인성": "약",
        "상관": "강"
      },
      "mechanism": "인성이 약하면 상관의 통제가 어려워짐.",
      "interpretation": "상관이 과도하게 발현되어 불안정한 행동을 초래함.",
      "action": "인성을 보완하여 상관의 에너지를 조절할 것.",
      "cautions": [
        "인성이 약하면 상관의 부정적 영향이 커질 수 있음."
      ],
      "tags": [
        "인성",
        "상관",
        "조절",
        "불안정",
        "보완"
      ]
    },
    {
      "id": "RC-4e09313527",
      "topic": "STRUCTURE",
      "priority": 8,
      "trigger": {
        "상관": "연지"
      },
      "mechanism": "연지의 상관은 외부로 노출되는 성향이 강함.",
      "interpretation": "연지 상관은 주목받기 쉬운 구조를 형성함.",
      "action": "공적인 자리에서 신중하게 행동할 것.",
      "cautions": [
        "연지 상관은 부정적 노출로 인한 피해를 입을 수 있음."
      ],
      "tags": [
        "상관",
        "연지",
        "노출",
        "주목",
        "신중"
      ]
    },
    {
      "id": "RC-ebe532ac15",
      "topic": "STRUCTURE",
      "priority": 7,
      "trigger": {
        "상관": "미토",
        "화": "강"
      },
      "mechanism": "미토 상관은 화의 에너지가 과도하여 생산성이 저하됨.",
      "interpretation": "미토 상관은 설기가 어려워 비효율적일 수 있음.",
      "action": "화를 조절하고 수를 보완하여 생산성을 높일 것.",
      "cautions": [
        "화가 강하면 상관의 부정적 영향이 커질 수 있음."
      ],
      "tags": [
        "상관",
        "미토",
        "화",
        "설기",
        "조절"
      ]
    },
    {
      "id": "RC-a137bc3183",
      "topic": "STRUCTURE",
      "priority": 8,
      "trigger": {
        "용신": "부재"
      },
      "mechanism": "용신이 없으면 사회적 역할 수행이 어려움.",
      "interpretation": "용신 부재는 직업적 안정성과 생산성을 저하시킴.",
      "action": "용신을 보완하여 사회적 역할을 강화할 것.",
      "cautions": [
        "용신 부재는 무기력감을 초래할 수 있음."
      ],
      "tags": [
        "용신",
        "사회적 역할",
        "생산성",
        "안정성",
        "보완"
      ]
    },
    {
      "id": "RC-069729a7f5",
      "topic": "STRUCTURE",
      "priority": 9,
      "trigger": {
        "수": "강",
        "목": "강"
      },
      "mechanism": "수와 목의 조화는 상관의 에너지를 긍정적으로 전환함.",
      "interpretation": "수목 조화는 상관의 창의성과 사회적 활용도를 높임.",
      "action": "수와 목의 균형을 유지하며 상관을 활용할 것.",
      "cautions": [
        "수목의 불균형은 상관의 부정적 영향을 초래할 수 있음."
      ],
      "tags": [
        "수",
        "목",
        "상관",
        "조화",
        "창의성"
      ]
    },
    {
      "id": "RC-628153c86e",
      "topic": "STRUCTURE",
      "priority": 8,
      "trigger": {
        "목": "부재"
      },
      "mechanism": "목이 없으면 목표 설정이 어려워짐.",
      "interpretation": "목 부재는 학습과 직업적 방향성을 약화시킴.",
      "action": "목의 기운을 보완하여 목표를 명확히 할 것.",
      "cautions": [
        "목 부재는 방향성 부족으로 비효율성을 초래할 수 있음."
      ],
      "tags": [
        "목",
        "목표",
        "학습",
        "직업",
        "방향성"
      ]
    },
    {
      "id": "RC-a181d94ea9",
      "topic": "STRUCTURE",
      "priority": 7,
      "trigger": {
        "상관": "병화",
        "미토": "강"
      },
      "mechanism": "병화와 미토의 조합은 과도한 에너지로 인해 불안정함.",
      "interpretation": "병화 미토 조합은 집중력과 생산성이 저하될 수 있음.",
      "action": "병화와 미토의 에너지를 조절하여 안정성을 확보할 것.",
      "cautions": [
        "병화와 미토의 과도한 에너지는 혼란을 초래할 수 있음."
      ],
      "tags": [
        "병화",
        "미토",
        "상관",
        "집중력",
        "조절"
      ]
    },
    {
      "id": "RC-208e3aebc2",
      "topic": "ELEMENTS",
      "priority": 8,
      "trigger": {
        "element": "병화",
        "context": "모임"
      },
      "mechanism": "병화는 눈에 띄는 성격과 활발한 에너지를 가짐.",
      "interpretation": "병화는 주목받는 성격으로, 사회적 활동에서 두드러짐.",
      "action": "병화의 특성을 활용해 리더십을 발휘하거나 주목받는 역할을 맡아라.",
      "cautions": [
        "과도한 에너지로 주변을 피곤하게 할 수 있음."
      ],
      "tags": [
        "병화",
        "사회성",
        "리더십",
        "활발",
        "주목"
      ]
    },
    {
      "id": "RC-1cf6d836ce",
      "topic": "STRUCTURE",
      "priority": 9,
      "trigger": {
        "element": "미토",
        "context": "생설"
      },
      "mechanism": "미토는 생설이 원활하지 않으면 에너지 흐름이 막힘.",
      "interpretation": "생설이 잘 안 되면 건강 문제나 삶의 정체가 발생할 수 있음.",
      "action": "생설을 원활히 하기 위해 균형 잡힌 생활과 환경을 조성하라.",
      "cautions": [
        "생설 불균형은 건강 문제로 이어질 수 있음."
      ],
      "tags": [
        "미토",
        "생설",
        "건강",
        "에너지",
        "흐름"
      ]
    },
    {
      "id": "RC-c36220cde3",
      "topic": "STRUCTURE",
      "priority": 7,
      "trigger": {
        "element": "병화",
        "context": "용신"
      },
      "mechanism": "병화는 목과 금을 통해 자신의 역할을 강화함.",
      "interpretation": "병화는 목과 금을 통해 자신의 에너지를 조화롭게 활용할 수 있음.",
      "action": "목과 금의 역할을 분석하여 병화의 용신을 명확히 하라.",
      "cautions": [
        "목과 금의 균형이 깨지면 병화의 에너지가 불안정해질 수 있음."
      ],
      "tags": [
        "병화",
        "용신",
        "목",
        "금",
        "조화"
      ]
    },
    {
      "id": "RC-05f2fd6bdd",
      "topic": "CAREER",
      "priority": 8,
      "trigger": {
        "element": "병화",
        "context": "금"
      },
      "mechanism": "병화는 금을 통해 유통 및 마케팅에 강점을 가짐.",
      "interpretation": "병화는 금을 활용해 유통, 마케팅, 광고 분야에서 성공 가능성이 높음.",
      "action": "금의 특성을 활용해 전문성을 강화하고 유통 전략을 세워라.",
      "cautions": [
        "과도한 마케팅은 신뢰를 잃을 수 있음."
      ],
      "tags": [
        "병화",
        "금",
        "유통",
        "마케팅",
        "광고"
      ]
    },
    {
      "id": "RC-b8fc8d3066",
      "topic": "CAREER",
      "priority": 7,
      "trigger": {
        "element": "경금",
        "context": "직업"
      },
      "mechanism": "경금은 미완성된 재료를 다루는 데 적합함.",
      "interpretation": "경금은 부품, 원자재 등 미완성된 재료를 다루는 직업에 적합함.",
      "action": "경금의 특성을 활용해 부품 관련 업종을 탐색하라.",
      "cautions": [
        "완성품을 다루는 직업은 경금과 맞지 않을 수 있음."
      ],
      "tags": [
        "경금",
        "부품",
        "원자재",
        "직업",
        "미완성"
      ]
    },
    {
      "id": "RC-c0f4ffb986",
      "topic": "CAREER",
      "priority": 7,
      "trigger": {
        "element": "신금",
        "context": "직업"
      },
      "mechanism": "신금은 완성된 재료를 다루는 데 적합함.",
      "interpretation": "신금은 완성품, 정밀 작업 등 완성된 재료를 다루는 직업에 적합함.",
      "action": "신금의 특성을 활용해 정밀 작업이나 완성품 관련 직업을 탐색하라.",
      "cautions": [
        "미완성 재료를 다루는 직업은 신금과 맞지 않을 수 있음."
      ],
      "tags": [
        "신금",
        "완성품",
        "정밀",
        "직업",
        "완성"
      ]
    },
    {
      "id": "RC-8bc60025a4",
      "topic": "CAREER",
      "priority": 6,
      "trigger": {
        "element": "병화",
        "context": "정밀 작업"
      },
      "mechanism": "병화는 정밀성과 예민함을 활용해 고급 작업에 적합함.",
      "interpretation": "병화는 고급 시계 수리 등 초정밀 작업에 강점을 가짐.",
      "action": "병화의 예민함을 활용해 정밀 작업 분야를 탐색하라.",
      "cautions": [
        "예민함이 스트레스로 작용할 수 있음."
      ],
      "tags": [
        "병화",
        "정밀",
        "예민",
        "고급",
        "작업"
      ]
    },
    {
      "id": "RC-2a59298474",
      "topic": "WEALTH",
      "priority": 8,
      "trigger": {
        "element": "병화",
        "context": "목"
      },
      "mechanism": "병화는 목을 통해 지속적인 수익 구조를 형성함.",
      "interpretation": "병화는 목을 활용해 안정적인 수익을 창출할 수 있음.",
      "action": "목의 특성을 활용해 장기적인 수익 구조를 설계하라.",
      "cautions": [
        "목의 부족은 수익 창출에 어려움을 줄 수 있음."
      ],
      "tags": [
        "병화",
        "목",
        "수익",
        "안정",
        "구조"
      ]
    },
    {
      "id": "RC-6f6c107d8e",
      "topic": "CAREER",
      "priority": 7,
      "trigger": {
        "element": "병화",
        "context": "수"
      },
      "mechanism": "병화는 수를 통해 사회적 진출의 가능성을 높임.",
      "interpretation": "병화는 수를 활용해 사회적 활동과 직업적 성공을 이룰 수 있음.",
      "action": "수의 특성을 활용해 사회적 네트워크를 확장하라.",
      "cautions": [
        "수의 부족은 사회적 진출에 제약을 줄 수 있음."
      ],
      "tags": [
        "병화",
        "수",
        "사회",
        "진출",
        "네트워크"
      ]
    },
    {
      "id": "RC-9f2a64111c",
      "topic": "STRUCTURE",
      "priority": 6,
      "trigger": {
        "element": "미토",
        "context": "정화"
      },
      "mechanism": "미토는 정화와 결합 시 열성과 빛의 균형이 중요함.",
      "interpretation": "미토와 정화의 조합은 열성과 빛의 조화가 필요함.",
      "action": "정화와 미토의 균형을 맞춰 에너지를 효율적으로 활용하라.",
      "cautions": [
        "열성과 빛의 불균형은 갈등을 초래할 수 있음."
      ],
      "tags": [
        "미토",
        "정화",
        "열성",
        "빛",
        "균형"
      ]
    },
    {
      "id": "RC-b5d72feabd",
      "topic": "STRUCTURE",
      "priority": 9,
      "trigger": {
        "element": "미토",
        "relation": "연지",
        "note": "미토가 연지에 위치"
      },
      "mechanism": "미토는 여유와 안정감을 상징하지만, 성급함과 들뜬 에너지를 동반할 수 있음.",
      "interpretation": "연지의 미토는 여유로워 보이지만 실제로는 성급하고 들뜬 성향을 가질 가능성이 높음.",
      "action": "자신의 성급함을 자각하고, 여유를 유지하려는 노력이 필요함.",
      "cautions": [
        "성급함으로 인해 기회를 놓칠 수 있음",
        "주변 사람들에게 불안감을 줄 수 있음"
      ],
      "tags": [
        "미토",
        "연지",
        "성급함",
        "여유",
        "에너지"
      ]
    },
    {
      "id": "RC-5c6ade63c0",
      "topic": "WEALTH",
      "priority": 8,
      "trigger": {
        "element": "미토",
        "relation": "식신",
        "note": "미토가 식신으로 작용"
      },
      "mechanism": "미토 식신은 재물을 끌어오는 힘을 가지지만, 신금과 유금에 따라 작용이 달라짐.",
      "interpretation": "미토 식신이 신금을 보면 재물을 끌어오고, 유금을 보면 재물을 재구성하는 역할을 함.",
      "action": "신금을 활용해 재물을 끌어오는 방향으로 전략을 세울 것.",
      "cautions": [
        "유금을 다룰 때는 세밀한 계획이 필요함",
        "수가 부족하면 실패 가능성 높음"
      ],
      "tags": [
        "미토",
        "식신",
        "신금",
        "유금",
        "재물"
      ]
    },
    {
      "id": "RC-774acce158",
      "topic": "CAREER",
      "priority": 7,
      "trigger": {
        "element": "미토",
        "relation": "직업",
        "note": "미토가 직업 선택에 영향을 미침"
      },
      "mechanism": "미토는 마무리 작업이나 세밀한 작업에 적합한 에너지를 가짐.",
      "interpretation": "미토는 제조업, 도장, 페인트 등 세밀한 작업에 적합함.",
      "action": "세밀한 작업이나 마무리 작업에 집중할 수 있는 직업을 선택할 것.",
      "cautions": [
        "주도적인 역할보다는 보조적인 역할에 더 적합함",
        "장기적인 프로젝트에는 부적합할 수 있음"
      ],
      "tags": [
        "미토",
        "직업",
        "세밀함",
        "마무리",
        "제조업"
      ]
    },
    {
      "id": "RC-eb89b702cf",
      "topic": "LOVE",
      "priority": 6,
      "trigger": {
        "element": "정화",
        "relation": "미토",
        "note": "정화와 미토의 조합"
      },
      "mechanism": "정화와 미토의 조합은 열정적이지만 지속성이 부족할 수 있음.",
      "interpretation": "정화와 미토가 조합된 연애는 빠르게 불타오르지만 금방 식을 가능성이 있음.",
      "action": "관계를 천천히 발전시키고, 초심을 유지하려는 노력이 필요함.",
      "cautions": [
        "권태기가 빨리 올 수 있음",
        "감정의 기복이 심할 수 있음"
      ],
      "tags": [
        "정화",
        "미토",
        "연애",
        "열정",
        "지속성"
      ]
    },
    {
      "id": "RC-f82421e7b4",
      "topic": "GENERAL",
      "priority": 5,
      "trigger": {
        "note": "정화가 미토와 함께 있을 때"
      },
      "mechanism": "정화는 특이하고 독특한 것을 선호하며, 미토는 이를 강화함.",
      "interpretation": "정화와 미토의 조합은 일반적인 것보다 독특하고 특이한 분야에 관심을 가짐.",
      "action": "자신만의 독특한 분야를 개발하고 심화시킬 것.",
      "cautions": [
        "일반적인 직업군과는 잘 맞지 않을 수 있음",
        "특이함이 지나치면 사회적 적응이 어려울 수 있음"
      ],
      "tags": [
        "정화",
        "미토",
        "독특함",
        "특이함",
        "창의성"
      ]
    },
    {
      "id": "RC-9bf4b8a555",
      "topic": "STRUCTURE",
      "priority": 8,
      "trigger": {
        "element": "정화",
        "relation": "미월",
        "note": "정화가 미월에 위치"
      },
      "mechanism": "미월의 정화는 열성적이지만 안정성이 부족함.",
      "interpretation": "미월의 정화는 열정적으로 시작하지만 지속성과 안정성이 부족할 수 있음.",
      "action": "장기적인 계획보다는 단기적인 목표를 설정할 것.",
      "cautions": [
        "초심을 잃기 쉬움",
        "장기 프로젝트에 부적합"
      ],
      "tags": [
        "정화",
        "미월",
        "열정",
        "안정성",
        "초심"
      ]
    },
    {
      "id": "RC-45c8137d84",
      "topic": "RELATION",
      "priority": 7,
      "trigger": {
        "element": "정화",
        "relation": "비견",
        "note": "정화와 비견의 관계"
      },
      "mechanism": "정화와 비견의 조합은 경쟁과 협력의 양면성을 가짐.",
      "interpretation": "정화와 비견이 함께 있을 때 경쟁적이지만, 선의의 경쟁으로 발전 가능.",
      "action": "경쟁을 긍정적으로 활용하고, 협력의 기회를 모색할 것.",
      "cautions": [
        "경쟁이 지나치면 갈등으로 번질 수 있음",
        "협력의 중요성을 간과하지 말 것"
      ],
      "tags": [
        "정화",
        "비견",
        "경쟁",
        "협력",
        "관계"
      ]
    },
    {
      "id": "RC-cf363e2abe",
      "topic": "CAREER",
      "priority": 6,
      "trigger": {
        "element": "정화",
        "relation": "미월",
        "note": "정화가 미월에 위치"
      },
      "mechanism": "미월의 정화는 단발적이고 속성화된 직업에 적합함.",
      "interpretation": "미월의 정화는 단기 프로젝트나 속성으로 자격을 취득하는 직업에 적합함.",
      "action": "단기적인 목표를 설정하고, 빠르게 성과를 낼 수 있는 직업을 선택할 것.",
      "cautions": [
        "장기적인 직업에는 부적합할 수 있음",
        "변동성이 클 수 있음"
      ],
      "tags": [
        "정화",
        "미월",
        "단기",
        "속성",
        "직업"
      ]
    },
    {
      "id": "RC-92f64fca59",
      "topic": "TIMING",
      "priority": 7,
      "trigger": {
        "element": "정화",
        "relation": "화강",
        "note": "화가 강해지는 시기"
      },
      "mechanism": "화가 강해지면 열성이 증가하여 변동성이 커짐.",
      "interpretation": "화강 시기에는 감정적이고 충동적인 행동이 증가할 수 있음.",
      "action": "화강 시기에는 신중하게 행동하고, 중요한 결정을 피할 것.",
      "cautions": [
        "충동적인 결정으로 인해 손해를 볼 수 있음",
        "감정 조절이 어려울 수 있음"
      ],
      "tags": [
        "정화",
        "화강",
        "변동성",
        "충동",
        "시기"
      ]
    },
    {
      "id": "RC-4bae076516",
      "topic": "LOVE",
      "priority": 5,
      "trigger": {
        "element": "정화",
        "relation": "미토",
        "note": "정화와 미토의 연애적 조합"
      },
      "mechanism": "정화와 미토의 조합은 감정의 기복이 심함.",
      "interpretation": "정화와 미토의 연애는 감정적으로 불안정할 수 있음.",
      "action": "감정의 기복을 줄이고, 안정적인 관계를 유지하려는 노력이 필요함.",
      "cautions": [
        "감정의 기복으로 인해 관계가 단절될 수 있음",
        "상대방에게 혼란을 줄 수 있음"
      ],
      "tags": [
        "정화",
        "미토",
        "연애",
        "감정",
        "기복"
      ]
    },
    {
      "topic": "STRUCTURE",
      "priority": 9,
      "trigger": {
        "재관": true
      },
      "mechanism": "재관이 함께 있으면 쟁제와 쟁관의 구조가 형성됨.",
      "interpretation": "경쟁과 갈등이 발생할 가능성이 높음.",
      "action": "선의의 경쟁으로 전환할 방법을 모색.",
      "cautions": [
        "경쟁이 지나치면 갈등으로 번질 수 있음."
      ],
      "tags": [
        "재관",
        "쟁제",
        "쟁관",
        "구조",
        "경쟁"
      ],
      "id": "RC-24319c6e26"
    },
    {
      "topic": "ELEMENTS",
      "priority": 8,
      "trigger": {
        "정화": {
          "count": 2
        }
      },
      "mechanism": "정화가 두 개 이상이면 예민함이 중첩됨.",
      "interpretation": "감정적으로 민감하고 섬세한 성향이 강해짐.",
      "action": "감정 조절과 스트레스 관리에 신경 쓸 것.",
      "cautions": [
        "예민함이 과도하면 대인관계에 문제를 초래할 수 있음."
      ],
      "tags": [
        "정화",
        "예민함",
        "감정",
        "중첩",
        "대인관계"
      ],
      "id": "RC-deafd55bc1"
    },
    {
      "topic": "ELEMENTS",
      "priority": 7,
      "trigger": {
        "정화": {
          "count": 3
        }
      },
      "mechanism": "정화가 많으면 개별적이고 세부적인 것에 집중함.",
      "interpretation": "단체보다는 개별적인 업무에 적합.",
      "action": "개별 고객이나 세부적인 작업에 집중할 것.",
      "cautions": [
        "단체 활동이나 협업에는 부적합할 수 있음."
      ],
      "tags": [
        "정화",
        "개별",
        "세부",
        "단체",
        "업무"
      ],
      "id": "RC-8564543072"
    },
    {
      "topic": "ELEMENTS",
      "priority": 6,
      "trigger": {
        "병화": {
          "count": 3
        }
      },
      "mechanism": "병화는 다수일 경우 하나의 큰 흐름으로 작용.",
      "interpretation": "전체를 아우르는 시야와 능력을 발휘.",
      "action": "다양한 업무를 동시에 처리할 수 있는 환경을 조성.",
      "cautions": [
        "과도한 다중 작업은 피로를 초래할 수 있음."
      ],
      "tags": [
        "병화",
        "다중작업",
        "전체",
        "시야",
        "흐름"
      ],
      "id": "RC-bdbe1718a8"
    },
    {
      "topic": "LOVE",
      "priority": 5,
      "trigger": {
        "note": "정화와 병화의 성향 차이"
      },
      "mechanism": "정화는 몰입도가 높고 병화는 다방면에 관심을 가짐.",
      "interpretation": "정화는 바람기가 드러나기 쉽고 병화는 다수와 관계를 맺기 쉬움.",
      "action": "관계에서 신뢰와 소통을 강화할 것.",
      "cautions": [
        "정화는 몰입이 지나치면 상대방을 압박할 수 있음."
      ],
      "tags": [
        "정화",
        "병화",
        "몰입",
        "관계",
        "바람기"
      ],
      "id": "RC-ecff0ce407"
    },
    {
      "topic": "CAREER",
      "priority": 7,
      "trigger": {
        "정화": true
      },
      "mechanism": "정화는 개별적이고 세부적인 업무에 적합.",
      "interpretation": "단체보다는 개인 맞춤형 업무에 강점.",
      "action": "개별 고객을 상대하거나 세부적인 작업을 맡을 것.",
      "cautions": [
        "단체 업무나 장기 프로젝트는 부적합할 수 있음."
      ],
      "tags": [
        "정화",
        "개별업무",
        "세부작업",
        "단체",
        "직업"
      ],
      "id": "RC-a7e6ff6765"
    },
    {
      "topic": "CAREER",
      "priority": 6,
      "trigger": {
        "미토": {
          "note": "화와의 관계"
        }
      },
      "mechanism": "미토가 화를 만나면 설기가 약화됨.",
      "interpretation": "생산적 활동이 원활하지 않을 수 있음.",
      "action": "중간 단계의 업무나 유통 관련 직업을 고려.",
      "cautions": [
        "완성 단계의 업무는 부적합할 수 있음."
      ],
      "tags": [
        "미토",
        "화",
        "설기",
        "생산",
        "유통"
      ],
      "id": "RC-696afdfe62"
    },
    {
      "topic": "CAREER",
      "priority": 5,
      "trigger": {
        "미토": {
          "note": "상관과의 관계"
        }
      },
      "mechanism": "미토가 상관이면 상관의 역할이 약화됨.",
      "interpretation": "주도적인 역할보다는 보조적인 역할에 적합.",
      "action": "서포팅 역할을 맡아 팀에 기여할 것.",
      "cautions": [
        "주도적인 역할을 맡으면 실패할 가능성이 높음."
      ],
      "tags": [
        "미토",
        "상관",
        "보조",
        "주도",
        "역할"
      ],
      "id": "RC-1456623ccd"
    }
  ],
  "notes": [
    "미토의 에너지는 들뜬 기운과 불안정성을 나타내며, 수와 인성의 조화가 중요하다.",
    "정화와 병화의 성향 차이를 이해하고 활용할 필요가 있음.",
    "미토와 화의 관계에서 설기 약화에 주의."
  ],
  "schema_version": "rulecards.v1",
  "module_code": "SajuOS_STRU_037",
  "updated_at": "2025-12-23T20:27:23"
}