{
  "title": "SajuOS_Logic_STRU_A_043",
  "rulecards": [
    {
      "id": "RC-fd8b6f0e61",
      "topic": "ELEMENTS",
      "priority": 9,
      "trigger": {
        "element": "을목",
        "presence_of": "화"
      },
      "mechanism": "화는 을목의 생목 특성을 활성화시켜 생산성과 적응력을 높임.",
      "interpretation": "을목은 화가 있을 때 시대에 맞는 인간으로 성장하며, 생산성과 적응력이 극대화됨.",
      "action": "을목이 화를 만나면 기회를 적극적으로 활용하고, 자신의 능력을 발휘할 준비를 해야 함.",
      "cautions": [
        "화가 없으면 시대에 뒤떨어진 모습이 될 수 있음.",
        "화의 강약을 적절히 조절해야 함."
      ],
      "tags": [
        "을목",
        "화",
        "생목",
        "적응력",
        "생산성",
        "시대적응",
        "성장",
        "기회",
        "조화",
        "발전"
      ]
    },
    {
      "id": "RC-092e45cb9e",
      "topic": "STRUCTURE",
      "priority": 8,
      "trigger": {
        "element": "을목",
        "presence_of": "신금"
      },
      "mechanism": "신금은 을목을 극하면서도 을목의 입장을 고려하여 유정한 관계를 형성함.",
      "interpretation": "을목과 신금의 관계는 상호 존중과 조화로움이 특징적임.",
      "action": "을목은 신금을 만났을 때 자신감을 가지고 관계를 형성해야 함.",
      "cautions": [
        "신금이 을목을 지나치게 억압하지 않도록 주의해야 함."
      ],
      "tags": [
        "을목",
        "신금",
        "조화",
        "극",
        "유정한 관계",
        "존중",
        "균형",
        "상호작용",
        "관계",
        "성장"
      ]
    },
    {
      "id": "RC-850fcc9f62",
      "topic": "STRUCTURE",
      "priority": 7,
      "trigger": {
        "element": "을목",
        "presence_of": "유금"
      },
      "mechanism": "유금은 을목을 속박하며 행동 반경을 제한함.",
      "interpretation": "을목은 유금을 만나면 제약을 느끼고 자유로운 활동이 어려워짐.",
      "action": "유금을 만났을 때 을목은 자신의 한계를 인지하고 대처 방안을 마련해야 함.",
      "cautions": [
        "유금과의 관계에서 지나치게 억압받지 않도록 주의해야 함."
      ],
      "tags": [
        "을목",
        "유금",
        "속박",
        "제약",
        "자유",
        "활동",
        "대처",
        "관계",
        "균형",
        "조화"
      ]
    },
    {
      "id": "RC-16ee26edc9",
      "topic": "STRUCTURE",
      "priority": 8,
      "trigger": {
        "element": "을목",
        "presence_of": "화",
        "absence_of": "수"
      },
      "mechanism": "화는 을목의 생산성을 극대화하며, 수가 없어도 화만으로 충분히 성장 가능.",
      "interpretation": "을목은 화가 있을 때 생산성과 적응력이 극대화되며, 수가 없어도 성장 가능.",
      "action": "화가 있을 때 을목은 자신의 능력을 최대한 발휘하도록 노력해야 함.",
      "cautions": [
        "화가 지나치게 강하면 균형을 잃을 수 있음."
      ],
      "tags": [
        "을목",
        "화",
        "생산성",
        "성장",
        "적응력",
        "조화",
        "균형",
        "발전",
        "능력",
        "기회"
      ]
    },
    {
      "id": "RC-07b0cd577d",
      "topic": "STRUCTURE",
      "priority": 7,
      "trigger": {
        "element": "을목",
        "presence_of": "병화"
      },
      "mechanism": "병화는 을목의 생목 특성을 활성화하며, 생산성과 적응력을 높임.",
      "interpretation": "을목은 병화를 만나면 생산성과 적응력이 극대화됨.",
      "action": "병화를 만났을 때 을목은 자신의 능력을 최대한 발휘하도록 노력해야 함.",
      "cautions": [
        "병화가 지나치게 강하면 균형을 잃을 수 있음."
      ],
      "tags": [
        "을목",
        "병화",
        "생목",
        "생산성",
        "적응력",
        "조화",
        "균형",
        "발전",
        "능력",
        "기회"
      ]
    },
    {
      "id": "RC-830a2a753a",
      "topic": "STRUCTURE",
      "priority": 6,
      "trigger": {
        "element": "을목",
        "presence_of": "정화"
      },
      "mechanism": "정화는 을목의 생목 특성을 활성화하며, 생산성과 적응력을 높임.",
      "interpretation": "을목은 정화를 만나면 생산성과 적응력이 극대화됨.",
      "action": "정화를 만났을 때 을목은 자신의 능력을 최대한 발휘하도록 노력해야 함.",
      "cautions": [
        "정화가 지나치게 강하면 균형을 잃을 수 있음."
      ],
      "tags": [
        "을목",
        "정화",
        "생목",
        "생산성",
        "적응력",
        "조화",
        "균형",
        "발전",
        "능력",
        "기회"
      ]
    },
    {
      "id": "RC-df0d2da3da",
      "topic": "STRUCTURE",
      "priority": 9,
      "trigger": {
        "관": true,
        "비겁": true
      },
      "mechanism": "관은 비겁을 다룰 때 그 가치가 극대화된다.",
      "interpretation": "비겁이 있는 관은 자신의 역할을 명확히 하고 활용 가능성이 높아진다.",
      "action": "비겁이 들어오는 시기를 활용해 자신의 능력을 발휘할 준비를 하라.",
      "cautions": [
        "비겁이 없으면 관의 역할이 약화될 수 있다."
      ],
      "tags": [
        "관",
        "비겁",
        "역할",
        "활용",
        "가치"
      ]
    },
    {
      "id": "RC-4a28ee6778",
      "topic": "ELEMENTS",
      "priority": 8,
      "trigger": {
        "일간": "을목",
        "화": true
      },
      "mechanism": "을목은 화가 있을 때 상황에 맞는 능력을 발휘한다.",
      "interpretation": "화가 있으면 을목은 빠르게 상황에 적응하고 성과를 낼 수 있다.",
      "action": "화의 기운이 강한 시기를 활용해 중요한 결정을 내리거나 행동하라.",
      "cautions": [
        "화가 없으면 상황 적응이 어려울 수 있다."
      ],
      "tags": [
        "을목",
        "화",
        "적응",
        "능력",
        "결정"
      ]
    },
    {
      "id": "RC-4a09b808be",
      "topic": "RELATION",
      "priority": 7,
      "trigger": {
        "관": "평관",
        "일간": "갑목"
      },
      "mechanism": "갑목은 평관을 통해 성장하고 이를 인정한다.",
      "interpretation": "평관은 갑목에게 도전과 성장을 제공하며 이를 통해 성숙해진다.",
      "action": "평관의 도전을 긍정적으로 받아들이고 성장의 기회로 삼아라.",
      "cautions": [
        "평관의 도전이 과도하면 스트레스를 유발할 수 있다."
      ],
      "tags": [
        "갑목",
        "평관",
        "성장",
        "도전",
        "인정"
      ]
    },
    {
      "id": "RC-1bf936fe6e",
      "topic": "RELATION",
      "priority": 6,
      "trigger": {
        "관": "정관",
        "일간": "갑목"
      },
      "mechanism": "정관은 갑목에게 안정감을 주지만 성장의 기회는 제한된다.",
      "interpretation": "정관은 갑목에게 안정적이지만 도전적이지 않은 환경을 제공한다.",
      "action": "정관의 안정성을 활용하되, 성장 기회를 놓치지 않도록 주의하라.",
      "cautions": [
        "정관에만 의존하면 발전이 제한될 수 있다."
      ],
      "tags": [
        "갑목",
        "정관",
        "안정",
        "성장",
        "제한"
      ]
    },
    {
      "id": "RC-40bdd5f5fb",
      "topic": "STRUCTURE",
      "priority": 8,
      "trigger": {
        "살": true,
        "인성": true
      },
      "mechanism": "살인상생은 어려움을 극복하고 이를 통해 직업적 성취를 이룬다.",
      "interpretation": "살과 인성이 조화를 이루면 어려운 환경에서도 성공할 가능성이 높아진다.",
      "action": "살인상생의 구조를 활용해 어려움을 극복하고 전문성을 키워라.",
      "cautions": [
        "살의 부정적 영향을 극복하지 못하면 고난이 지속될 수 있다."
      ],
      "tags": [
        "살",
        "인성",
        "살인상생",
        "극복",
        "성취"
      ]
    },
    {
      "id": "RC-5bae43144b",
      "topic": "CAREER",
      "priority": 7,
      "trigger": {
        "관": "평관",
        "화": true
      },
      "mechanism": "평관과 화는 직업적 보람과 성취감을 제공한다.",
      "interpretation": "화가 있는 평관은 어려운 직업에서도 보람을 느끼게 한다.",
      "action": "화의 기운을 활용해 직업적 성취를 추구하라.",
      "cautions": [
        "화가 없으면 직업에서 보람을 느끼기 어려울 수 있다."
      ],
      "tags": [
        "평관",
        "화",
        "직업",
        "보람",
        "성취"
      ]
    },
    {
      "id": "RC-d2d14cd4f7",
      "topic": "RELATION",
      "priority": 6,
      "trigger": {
        "관": "평관",
        "일간": "간목"
      },
      "mechanism": "평관은 간목에게 도전과 성장을 제공하며 이를 통해 완성도를 높인다.",
      "interpretation": "평관은 간목에게 어려움을 통해 성숙과 발전을 유도한다.",
      "action": "평관의 도전을 성장의 기회로 삼아라.",
      "cautions": [
        "평관의 도전이 과도하면 스트레스를 유발할 수 있다."
      ],
      "tags": [
        "간목",
        "평관",
        "성장",
        "도전",
        "완성"
      ]
    },
    {
      "id": "RC-a2c5ca7a98",
      "topic": "CAREER",
      "priority": 8,
      "trigger": {
        "살": true,
        "화": true
      },
      "mechanism": "살과 화는 어려운 직업에서도 보람과 성취감을 제공한다.",
      "interpretation": "살과 화의 조화는 어려운 환경에서도 직업적 만족을 가능하게 한다.",
      "action": "살과 화의 기운을 활용해 직업적 목표를 달성하라.",
      "cautions": [
        "살의 부정적 영향을 극복하지 못하면 직업적 어려움이 지속될 수 있다."
      ],
      "tags": [
        "살",
        "화",
        "직업",
        "보람",
        "성취"
      ]
    },
    {
      "id": "RC-cb82cf1821",
      "topic": "STRUCTURE",
      "priority": 7,
      "trigger": {
        "일간": "갑목",
        "금": true
      },
      "mechanism": "금은 갑목을 조절하며 구조적 안정성을 제공한다.",
      "interpretation": "금의 기운은 갑목에게 균형과 조화를 제공한다.",
      "action": "금의 기운을 활용해 자신의 구조를 안정적으로 유지하라.",
      "cautions": [
        "금의 과도한 조절은 갑목의 성장을 제한할 수 있다."
      ],
      "tags": [
        "갑목",
        "금",
        "조절",
        "안정",
        "균형"
      ]
    },
    {
      "id": "RC-c17a0c8c38",
      "topic": "CAREER",
      "priority": 6,
      "trigger": {
        "관": "평관",
        "수": true
      },
      "mechanism": "평관과 수는 어려운 직업에서 문제 해결 능력을 강화한다.",
      "interpretation": "수의 기운은 평관의 문제 해결 능력을 지원한다.",
      "action": "수의 기운을 활용해 직업적 문제를 해결하라.",
      "cautions": [
        "수의 부족은 문제 해결 능력을 약화시킬 수 있다."
      ],
      "tags": [
        "평관",
        "수",
        "직업",
        "문제 해결",
        "능력"
      ]
    },
    {
      "topic": "STRUCTURE",
      "priority": 9,
      "trigger": {
        "day_pillar": "갑신"
      },
      "mechanism": "갑신일주는 사목적 성향을 가지며, 희생과 타인을 위한 행동을 중시함.",
      "interpretation": "이 일주는 현실적 이익보다는 타인을 위한 희생과 봉사를 우선시함.",
      "action": "자신의 희생적 성향을 긍정적으로 활용할 수 있는 직업이나 활동을 선택하라.",
      "cautions": [
        "자기중심적 사고를 경계해야 함.",
        "과도한 희생으로 인한 소진 주의."
      ],
      "tags": [
        "갑신일주",
        "사목",
        "희생",
        "타인중심",
        "봉사"
      ],
      "id": "RC-1a826e434c"
    },
    {
      "topic": "TEN_GODS",
      "priority": 8,
      "trigger": {
        "ten_gods": "편관",
        "placement": "일주"
      },
      "mechanism": "편관이 일주에 있으면 독단적이고 강한 카리스마를 발휘함.",
      "interpretation": "이 사주는 독단적 성향과 강한 리더십을 나타냄.",
      "action": "리더십을 발휘할 수 있는 환경에서 활동하라.",
      "cautions": [
        "타인의 의견을 무시하지 않도록 주의.",
        "독선적으로 비춰질 수 있음."
      ],
      "tags": [
        "편관",
        "독단",
        "리더십",
        "카리스마",
        "일주"
      ],
      "id": "RC-6073a043c4"
    },
    {
      "topic": "TEN_GODS",
      "priority": 7,
      "trigger": {
        "ten_gods": "정관",
        "placement": "일주"
      },
      "mechanism": "정관은 안정적이고 규범을 중시하는 성향을 가짐.",
      "interpretation": "정관은 규칙과 질서를 중시하며, 안정적인 삶을 추구함.",
      "action": "규범과 질서를 중시하는 환경에서 활동하라.",
      "cautions": [
        "융통성이 부족할 수 있음.",
        "변화에 대한 적응력이 낮을 수 있음."
      ],
      "tags": [
        "정관",
        "안정",
        "규범",
        "질서",
        "일주"
      ],
      "id": "RC-817cdcf53b"
    },
    {
      "topic": "STRUCTURE",
      "priority": 8,
      "trigger": {
        "note": "사목적 코드가 강한 사주"
      },
      "mechanism": "사목은 희생과 타인을 위한 행동을 중시함.",
      "interpretation": "사목적 성향은 타인을 위한 봉사와 희생을 강조함.",
      "action": "타인을 돕는 활동에 참여하거나 봉사활동을 고려하라.",
      "cautions": [
        "자신의 필요를 간과하지 않도록 주의.",
        "과도한 희생으로 인한 소진 주의."
      ],
      "tags": [
        "사목",
        "희생",
        "타인중심",
        "봉사",
        "성향"
      ],
      "id": "RC-2141c71fc9"
    },
    {
      "topic": "TEN_GODS",
      "priority": 7,
      "trigger": {
        "ten_gods": "식신",
        "placement": "일주"
      },
      "mechanism": "식신은 창의성과 생산성을 나타냄.",
      "interpretation": "식신은 창의적이고 생산적인 활동에서 두각을 나타냄.",
      "action": "창의적이고 생산적인 활동에 집중하라.",
      "cautions": [
        "과도한 활동으로 인한 피로 주의.",
        "자신의 한계를 인지하라."
      ],
      "tags": [
        "식신",
        "창의성",
        "생산성",
        "활동",
        "일주"
      ],
      "id": "RC-1f8840b771"
    },
    {
      "topic": "RELATION",
      "priority": 6,
      "trigger": {
        "note": "진토와 생목적 요소가 결합된 경우"
      },
      "mechanism": "생목적 요소가 강해지면 갈등과 정신적 혼란이 증가함.",
      "interpretation": "생목적 요소는 내적 갈등과 정신적 혼란을 유발할 수 있음.",
      "action": "내적 갈등을 줄이기 위해 명상이나 심리적 안정 활동을 고려하라.",
      "cautions": [
        "정신적 소진에 주의.",
        "갈등 상황에서 신중히 대처하라."
      ],
      "tags": [
        "생목",
        "갈등",
        "정신적 혼란",
        "진토",
        "내적 갈등"
      ],
      "id": "RC-6ada3ac5a6"
    },
    {
      "topic": "TEN_GODS",
      "priority": 7,
      "trigger": {
        "ten_gods": "상관",
        "placement": "일주"
      },
      "mechanism": "상관은 창의적이고 독립적인 성향을 나타냄.",
      "interpretation": "상관은 독립적이고 창의적인 활동에서 두각을 나타냄.",
      "action": "독립적이고 창의적인 프로젝트에 참여하라.",
      "cautions": [
        "타인과의 협력 부족에 주의.",
        "자신의 의견을 강요하지 않도록 주의."
      ],
      "tags": [
        "상관",
        "창의성",
        "독립성",
        "활동",
        "일주"
      ],
      "id": "RC-2860ac2e87"
    },
    {
      "topic": "STRUCTURE",
      "priority": 8,
      "trigger": {
        "note": "정화가 사주에 포함된 경우"
      },
      "mechanism": "정화는 사목적 성향을 강화하며, 타인을 돕는 데 중점을 둠.",
      "interpretation": "정화는 타인을 돕고 희생하는 성향을 강화함.",
      "action": "타인을 돕는 활동에 적극적으로 참여하라.",
      "cautions": [
        "자신의 필요를 간과하지 않도록 주의.",
        "과도한 희생으로 인한 소진 주의."
      ],
      "tags": [
        "정화",
        "사목",
        "희생",
        "타인중심",
        "봉사"
      ],
      "id": "RC-3427acd2c4"
    },
    {
      "topic": "RELATION",
      "priority": 6,
      "trigger": {
        "note": "유금과 사화의 조합"
      },
      "mechanism": "유금은 섬세함과 디테일을 강조하며, 사화는 이를 품어주는 역할을 함.",
      "interpretation": "유금과 사화의 조합은 섬세함과 따뜻함을 동시에 나타냄.",
      "action": "섬세함과 따뜻함을 활용할 수 있는 활동에 참여하라.",
      "cautions": [
        "과도한 디테일 추구로 인한 스트레스 주의.",
        "타인의 감정을 간과하지 않도록 주의."
      ],
      "tags": [
        "유금",
        "사화",
        "섬세함",
        "디테일",
        "따뜻함"
      ],
      "id": "RC-52113d6abe"
    },
    {
      "topic": "STRUCTURE",
      "priority": 7,
      "trigger": {
        "note": "임수와 목화의 조합"
      },
      "mechanism": "임수는 정신적 깊이를, 목화는 성장과 발전을 나타냄.",
      "interpretation": "임수와 목화의 조합은 정신적 깊이와 성장 가능성을 나타냄.",
      "action": "정신적 성장과 발전을 위한 학습과 경험을 추구하라.",
      "cautions": [
        "정신적 소진에 주의.",
        "균형 잡힌 성장을 추구하라."
      ],
      "tags": [
        "임수",
        "목화",
        "정신적 깊이",
        "성장",
        "발전"
      ],
      "id": "RC-c1ad21c135"
    },
    {
      "id": "RC-0c55f4db44",
      "topic": "CAREER",
      "priority": 8,
      "trigger": {
        "elements": [
          "유금",
          "오화"
        ]
      },
      "mechanism": "유금과 오화의 조합은 화학적 변화를 상징.",
      "interpretation": "화학, 발효, 부패와 관련된 직업에 적합.",
      "action": "화학, 미생물학 등 관련 분야를 탐색.",
      "cautions": [
        "오화가 과도하면 유금이 손상될 수 있음."
      ],
      "tags": [
        "유금",
        "오화",
        "화학",
        "발효",
        "부패"
      ]
    },
    {
      "id": "RC-c28823e5a7",
      "topic": "CAREER",
      "priority": 7,
      "trigger": {
        "elements": [
          "유금",
          "미토"
        ]
      },
      "mechanism": "미토는 유금을 변질시키는 에너지를 제공.",
      "interpretation": "미생물학, 화학 등 변질과 관련된 분야에 적합.",
      "action": "미생물학, 생화학 관련 학문을 탐구.",
      "cautions": [
        "미토의 과도한 작용은 유금의 안정성을 해칠 수 있음."
      ],
      "tags": [
        "유금",
        "미토",
        "변질",
        "화학",
        "미생물학"
      ]
    },
    {
      "id": "RC-12fb75ecc1",
      "topic": "RELATION",
      "priority": 6,
      "trigger": {
        "elements": [
          "유금",
          "자수"
        ]
      },
      "mechanism": "유금은 자수를 통해 안정성을 유지.",
      "interpretation": "자수는 유금의 보호와 유지력을 강화.",
      "action": "자수와의 조화를 통해 안정적인 환경을 조성.",
      "cautions": [
        "자수가 과도하면 유금의 본질이 약화될 수 있음."
      ],
      "tags": [
        "유금",
        "자수",
        "안정",
        "보호",
        "유지"
      ]
    },
    {
      "id": "RC-73da018cdc",
      "topic": "RELATION",
      "priority": 5,
      "trigger": {
        "elements": [
          "유금",
          "사화"
        ]
      },
      "mechanism": "사화는 유금을 숙성시키는 역할.",
      "interpretation": "사화는 유금의 성숙과 완성도를 높임.",
      "action": "사화와의 조화를 통해 성장과 발전을 도모.",
      "cautions": [
        "사화가 과도하면 유금이 부담을 느낄 수 있음."
      ],
      "tags": [
        "유금",
        "사화",
        "숙성",
        "성숙",
        "완성"
      ]
    },
    {
      "id": "RC-ed08db0ef7",
      "topic": "RELATION",
      "priority": 4,
      "trigger": {
        "elements": [
          "유금",
          "오화"
        ]
      },
      "mechanism": "오화는 유금을 해체하고 손상시킴.",
      "interpretation": "오화는 유금의 안정성을 위협.",
      "action": "오화의 영향을 최소화하도록 조정.",
      "cautions": [
        "오화가 강하면 유금이 손상될 위험이 큼."
      ],
      "tags": [
        "유금",
        "오화",
        "해체",
        "손상",
        "위협"
      ]
    },
    {
      "id": "RC-f71487bd66",
      "topic": "RELATION",
      "priority": 6,
      "trigger": {
        "elements": [
          "유금",
          "인목"
        ]
      },
      "mechanism": "인목은 유금을 자극하여 갈등을 유발.",
      "interpretation": "인목과 유금의 관계는 원진적 갈등을 형성.",
      "action": "인목과의 관계에서 부드러운 소통을 시도.",
      "cautions": [
        "인목의 자극이 과도하면 갈등이 심화될 수 있음."
      ],
      "tags": [
        "유금",
        "인목",
        "갈등",
        "원진",
        "소통"
      ]
    },
    {
      "id": "RC-85bb56e694",
      "topic": "RELATION",
      "priority": 7,
      "trigger": {
        "elements": [
          "유금",
          "진토"
        ]
      },
      "mechanism": "진토는 유금을 변화시키는 역할.",
      "interpretation": "진토와 유금의 관계는 상호 변화를 유도.",
      "action": "진토와의 관계에서 긍정적인 변화를 추구.",
      "cautions": [
        "진토가 과도하면 유금의 본질이 약화될 수 있음."
      ],
      "tags": [
        "유금",
        "진토",
        "변화",
        "상호작용",
        "변화유도"
      ]
    },
    {
      "id": "RC-3acd8a47ad",
      "topic": "RELATION",
      "priority": 8,
      "trigger": {
        "elements": [
          "유금",
          "축토"
        ]
      },
      "mechanism": "축토는 유금을 안정시키고 보호.",
      "interpretation": "축토는 유금의 안정성과 지속성을 강화.",
      "action": "축토와의 관계를 통해 안정적인 환경을 조성.",
      "cautions": [
        "축토가 부족하면 유금이 불안정해질 수 있음."
      ],
      "tags": [
        "유금",
        "축토",
        "안정",
        "보호",
        "지속성"
      ]
    },
    {
      "id": "RC-d6d2645779",
      "topic": "RELATION",
      "priority": 6,
      "trigger": {
        "elements": [
          "유금",
          "술토"
        ]
      },
      "mechanism": "술토는 유금을 안정시키는 세력을 형성.",
      "interpretation": "술토는 유금의 현실적 안정성을 강화.",
      "action": "술토와의 관계를 통해 안정적인 기반을 마련.",
      "cautions": [
        "술토가 과도하면 유금의 독립성이 약화될 수 있음."
      ],
      "tags": [
        "유금",
        "술토",
        "안정",
        "세력",
        "현실성"
      ]
    },
    {
      "id": "RC-b332c421ce",
      "topic": "RELATION",
      "priority": 5,
      "trigger": {
        "elements": [
          "유금",
          "수화"
        ]
      },
      "mechanism": "수화는 유금의 충돌을 해결하는 역할.",
      "interpretation": "수화는 유금의 갈등을 완화하고 조화를 이룸.",
      "action": "수화와의 조화를 통해 갈등을 해결.",
      "cautions": [
        "수화가 부족하면 갈등이 지속될 수 있음."
      ],
      "tags": [
        "유금",
        "수화",
        "갈등해결",
        "조화",
        "완화"
      ]
    },
    {
      "topic": "RELATION",
      "priority": 8,
      "trigger": {
        "note": "술토와 축토가 함께 있을 때"
      },
      "mechanism": "술토와 축토는 각각 안정감을 주지만, 함께 있을 경우 혼란을 초래할 수 있음.",
      "interpretation": "유금이 안정되지 못하고 방황할 가능성이 높아짐.",
      "action": "술토와 축토의 조합이 있는 경우, 유금의 작동을 방해하지 않도록 조정 필요.",
      "cautions": [
        "혼란이 심화될 수 있음",
        "유금의 역할이 약화될 가능성"
      ],
      "tags": [
        "술토",
        "축토",
        "유금",
        "안정",
        "혼란"
      ],
      "id": "RC-22e61d35cd"
    },
    {
      "topic": "RELATION",
      "priority": 7,
      "trigger": {
        "note": "미토가 유금을 만날 때"
      },
      "mechanism": "미토는 유금을 변질시키는 작용을 함.",
      "interpretation": "부패와 변질이 주요 이슈가 될 수 있음.",
      "action": "미토와 유금의 조합이 있는 경우, 변질과 부패를 방지하는 방향으로 활용.",
      "cautions": [
        "유금의 안정성이 약화될 수 있음",
        "변질로 인한 부정적 결과 가능"
      ],
      "tags": [
        "미토",
        "유금",
        "변질",
        "부패",
        "안정"
      ],
      "id": "RC-648acb7f15"
    },
    {
      "topic": "CAREER",
      "priority": 6,
      "trigger": {
        "note": "미토와 유금의 조합이 있는 경우"
      },
      "mechanism": "미토는 유금을 변질시키는 특성을 가짐.",
      "interpretation": "미생물학, 화학, 약학 등 변질과 관련된 분야에 적합.",
      "action": "미토와 유금의 조합을 가진 사람은 관련 연구나 직업을 고려.",
      "cautions": [
        "변질과 부패를 긍정적으로 활용해야 함"
      ],
      "tags": [
        "미토",
        "유금",
        "직업",
        "연구",
        "화학"
      ],
      "id": "RC-468f7d4bbc"
    },
    {
      "topic": "RELATION",
      "priority": 7,
      "trigger": {
        "note": "유금이 신금과 함께 있을 때"
      },
      "mechanism": "유금과 신금의 조합은 혼잡을 초래함.",
      "interpretation": "사람 간의 관계에서 복잡한 상황이 발생할 수 있음.",
      "action": "유금과 신금의 조합이 있는 경우, 관계를 명확히 정리.",
      "cautions": [
        "혼잡으로 인해 갈등이 생길 수 있음"
      ],
      "tags": [
        "유금",
        "신금",
        "혼잡",
        "관계",
        "갈등"
      ],
      "id": "RC-b89224e695"
    },
    {
      "topic": "RELATION",
      "priority": 6,
      "trigger": {
        "note": "유금이 두 개 이상 있을 때"
      },
      "mechanism": "유금이 중복되면 각각 독립적으로 작용함.",
      "interpretation": "유금의 중복은 겁재의 성격을 강화시킴.",
      "action": "유금이 중복된 경우, 겁재의 특성을 활용할 방안을 모색.",
      "cautions": [
        "중복으로 인해 갈등이 심화될 수 있음"
      ],
      "tags": [
        "유금",
        "중복",
        "겁재",
        "갈등",
        "독립"
      ],
      "id": "RC-ec1dfae0ad"
    },
    {
      "topic": "CAREER",
      "priority": 5,
      "trigger": {
        "note": "미토가 유금과 함께 있을 때"
      },
      "mechanism": "미토는 유금을 변질시키는 특성을 가짐.",
      "interpretation": "바이러스, 대장균 등 미생물 관련 연구에 적합.",
      "action": "미토와 유금의 조합을 가진 사람은 미생물학 연구를 고려.",
      "cautions": [
        "변질과 부패를 긍정적으로 활용해야 함"
      ],
      "tags": [
        "미토",
        "유금",
        "미생물학",
        "연구",
        "변질"
      ],
      "id": "RC-a379f2bdd2"
    },
    {
      "topic": "RELATION",
      "priority": 6,
      "trigger": {
        "note": "술토가 중심에 있을 때"
      },
      "mechanism": "술토는 주변 요소를 끌어오는 힘을 가짐.",
      "interpretation": "사람들이 다양한 이야기를 털어놓는 환경을 형성.",
      "action": "술토가 중심에 있는 경우, 사람들과의 소통을 강화.",
      "cautions": [
        "과도한 정보로 인해 혼란이 생길 수 있음"
      ],
      "tags": [
        "술토",
        "소통",
        "중심",
        "정보",
        "관계"
      ],
      "id": "RC-cd242b40e0"
    },
    {
      "topic": "GENERAL",
      "priority": 5,
      "trigger": {
        "note": "비겁이 부족한 경우"
      },
      "mechanism": "비겁은 전투력과 관련됨.",
      "interpretation": "비겁이 부족하면 전투력이 약화됨.",
      "action": "비겁이 부족한 경우, 외부의 도움을 적극 활용.",
      "cautions": [
        "전투력이 약해 큰 도전을 피할 가능성"
      ],
      "tags": [
        "비겁",
        "전투력",
        "부족",
        "도전",
        "지원"
      ],
      "id": "RC-4423ee276f"
    },
    {
      "topic": "CAREER",
      "priority": 4,
      "trigger": {
        "note": "비겁이 강한 경우"
      },
      "mechanism": "비겁은 전투력과 도전 정신을 강화함.",
      "interpretation": "큰 인물로 성장할 가능성이 높음.",
      "action": "비겁이 강한 경우, 도전적인 목표를 설정.",
      "cautions": [
        "과도한 경쟁으로 인한 스트레스 가능"
      ],
      "tags": [
        "비겁",
        "전투력",
        "도전",
        "성장",
        "목표"
      ],
      "id": "RC-71cfa5f655"
    }
  ],
  "notes": [
    "일부 내용은 구체적 조건이 부족하여 note로 처리함.",
    "사주 해석의 특성상 추상적 표현이 포함될 수 있음."
  ],
  "schema_version": "rulecards.v1",
  "module_code": "SajuOS_STRU_043",
  "updated_at": "2025-12-23T20:27:23"
}