{
  "title": "SajuOS_Logic_STRU_A_027",
  "rulecards": [
    {
      "id": "RC-144b00b40a",
      "topic": "STRUCTURE",
      "priority": 9,
      "trigger": {
        "month": "4월",
        "element": "겁제"
      },
      "mechanism": "월의 겁제가 비겁으로 작용하며 일간을 통제하거나 활용할 수 있는 조건을 제공함.",
      "interpretation": "월의 겁제를 활용하면 경제적 자유와 시간적 자유를 얻을 가능성이 있음.",
      "action": "겁제를 활용하여 재물을 이루는 방향으로 계획을 세울 것.",
      "cautions": [
        "겁제에 휘둘리지 않도록 주의할 것.",
        "월의 조건을 잘 분석해야 함."
      ],
      "tags": [
        "겁제",
        "월운",
        "재물",
        "비겁",
        "활용"
      ]
    },
    {
      "id": "RC-f53cb0868d",
      "topic": "STRUCTURE",
      "priority": 8,
      "trigger": {
        "month": "5월",
        "element": "병화",
        "type": "양인"
      },
      "mechanism": "양인은 강렬한 에너지를 가지며 일간에 강한 영향을 미침.",
      "interpretation": "양인의 겁제는 강압적 통제가 필요하며, 이를 통해 안정적인 결과를 도출 가능.",
      "action": "양인의 겁제를 정관으로 통제하여 활용할 것.",
      "cautions": [
        "양인의 강렬한 에너지가 일간을 압도하지 않도록 주의."
      ],
      "tags": [
        "양인",
        "겁제",
        "정관",
        "통제",
        "강렬"
      ]
    },
    {
      "id": "RC-9e496b2a15",
      "topic": "STRUCTURE",
      "priority": 7,
      "trigger": {
        "element": "겁제",
        "method": "정관 활용"
      },
      "mechanism": "정관은 합리성과 설득력을 통해 겁제를 다룰 수 있음.",
      "interpretation": "정관을 활용하면 겁제를 안정적으로 통제 가능.",
      "action": "정관을 활용한 합리적 접근으로 겁제를 다룰 것.",
      "cautions": [
        "정관이 약하거나 없을 경우 대체 방안을 마련해야 함."
      ],
      "tags": [
        "정관",
        "겁제",
        "합리성",
        "통제",
        "안정"
      ]
    },
    {
      "id": "RC-1ea87879e9",
      "topic": "STRUCTURE",
      "priority": 6,
      "trigger": {
        "element": "식상",
        "support": "금"
      },
      "mechanism": "금은 식상의 에너지 전환을 돕는 역할을 함.",
      "interpretation": "금이 드러나 있으면 식상을 활용하여 겁제를 다룰 수 있음.",
      "action": "금의 에너지를 활용하여 식상을 활성화할 것.",
      "cautions": [
        "금이 약하거나 없을 경우 에너지 전환이 어려울 수 있음."
      ],
      "tags": [
        "식상",
        "금",
        "에너지 전환",
        "활용",
        "겁제"
      ]
    },
    {
      "id": "RC-02c0433028",
      "topic": "STRUCTURE",
      "priority": 5,
      "trigger": {
        "element": "겁제",
        "type": "생지"
      },
      "mechanism": "생지의 겁제는 강압적 통제가 필요하지 않음.",
      "interpretation": "생지의 겁제는 부드럽게 활용 가능.",
      "action": "생지의 겁제를 자연스럽게 활용할 방안을 모색할 것.",
      "cautions": [
        "생지의 겁제를 과도하게 통제하지 않도록 주의."
      ],
      "tags": [
        "겁제",
        "생지",
        "활용",
        "부드러움",
        "통제"
      ]
    },
    {
      "id": "RC-b6c9ac7511",
      "topic": "STRUCTURE",
      "priority": 7,
      "trigger": {
        "element": "상관",
        "support": "편재"
      },
      "mechanism": "상관과 편재의 결합은 확장성과 리스크를 동반함.",
      "interpretation": "상관생재는 사업 확장과 스케일 확대를 의미함.",
      "action": "상관생재를 활용하여 사업 확장을 계획할 것.",
      "cautions": [
        "리스크 관리에 주의할 것."
      ],
      "tags": [
        "상관",
        "편재",
        "확장",
        "사업",
        "리스크"
      ]
    },
    {
      "id": "RC-a564008643",
      "topic": "STRUCTURE",
      "priority": 6,
      "trigger": {
        "element": "정제",
        "method": "안정적 활용"
      },
      "mechanism": "정제는 안정성과 소규모 사업에 적합함.",
      "interpretation": "정제를 활용하면 안정적인 사업 운영 가능.",
      "action": "정제를 중심으로 안정적인 사업 모델을 구축할 것.",
      "cautions": [
        "확장보다는 안정성에 초점을 맞출 것."
      ],
      "tags": [
        "정제",
        "안정성",
        "사업",
        "운영",
        "소규모"
      ]
    },
    {
      "id": "RC-b3a88b0ba5",
      "topic": "STRUCTURE",
      "priority": 8,
      "trigger": {
        "element": "재성",
        "support": "관"
      },
      "mechanism": "재생관은 출세와 사회적 성공을 보장함.",
      "interpretation": "재생관 구조는 공직이나 직장에 적합함.",
      "action": "재생관을 활용하여 공직이나 직장에서 성공을 도모할 것.",
      "cautions": [
        "재생관이 약할 경우 사회적 성공이 제한될 수 있음."
      ],
      "tags": [
        "재성",
        "관",
        "출세",
        "공직",
        "성공"
      ]
    },
    {
      "id": "RC-7af06e33b8",
      "topic": "STRUCTURE",
      "priority": 7,
      "trigger": {
        "element": "겁제",
        "awareness": true
      },
      "mechanism": "월의 겁제는 리스크를 인지하고 활용하는 데 유리함.",
      "interpretation": "월의 겁제는 배신 가능성을 인지하며 안정적으로 사업을 운영함.",
      "action": "리스크를 고려하여 사업 계획을 수립할 것.",
      "cautions": [
        "배신 가능성을 항상 염두에 둘 것."
      ],
      "tags": [
        "겁제",
        "리스크",
        "사업",
        "안정성",
        "배신"
      ]
    },
    {
      "id": "RC-20b39cd30d",
      "topic": "STRUCTURE",
      "priority": 6,
      "trigger": {
        "element": "정화",
        "month": "5월"
      },
      "mechanism": "정화는 겁제를 끌어다 쓰는 성향이 강함.",
      "interpretation": "정화는 겁제를 활용하여 자신의 것으로 만들려는 경향이 있음.",
      "action": "겁제를 활용하여 자신의 목표를 달성할 것.",
      "cautions": [
        "겁제를 과도하게 의존하지 않도록 주의."
      ],
      "tags": [
        "정화",
        "겁제",
        "활용",
        "목표",
        "의존"
      ]
    },
    {
      "id": "RC-fd51913279",
      "topic": "WEALTH",
      "priority": 9,
      "trigger": {
        "wealth_star": "strong",
        "luck_cycle": "wealth"
      },
      "mechanism": "재성이 강할 때 재물과 직업적 성취가 극대화됨.",
      "interpretation": "재성운이 강하게 들어오면 재물적 성취와 직업적 안정이 가능.",
      "action": "재성운이 들어오는 시기를 활용해 재물 관련 계획을 실행.",
      "cautions": [
        "재성이 약하면 효과가 미미할 수 있음."
      ],
      "tags": [
        "재성",
        "재물운",
        "직업",
        "운세",
        "강약"
      ]
    },
    {
      "id": "RC-b24f615905",
      "topic": "STRUCTURE",
      "priority": 8,
      "trigger": {
        "note": "목세가 강하고 습한 경우"
      },
      "mechanism": "목세가 강하면 재성이 이를 제어하여 균형을 맞춤.",
      "interpretation": "목세가 강할 때 재성이 이를 제어하면 품질과 성과가 향상됨.",
      "action": "재성운이 들어올 때 이를 활용해 목표를 명확히 설정.",
      "cautions": [
        "재성이 약하면 목세의 과잉으로 인해 혼란이 발생할 수 있음."
      ],
      "tags": [
        "목세",
        "재성",
        "균형",
        "목표",
        "성과"
      ]
    },
    {
      "id": "RC-68331efd73",
      "topic": "CAREER",
      "priority": 7,
      "trigger": {
        "luck_cycle": "earth",
        "element_strength": {
          "metal": "weak"
        }
      },
      "mechanism": "토운이 강하면 금이 약해져 재성의 역할이 약화됨.",
      "interpretation": "토운이 강한 시기에는 직업적 성취가 어려울 수 있음.",
      "action": "토운이 강한 시기에는 금을 강화하는 활동을 고려.",
      "cautions": [
        "금이 약하면 재성의 효과가 제한될 수 있음."
      ],
      "tags": [
        "토운",
        "금",
        "재성",
        "직업",
        "운세"
      ]
    },
    {
      "id": "RC-ba706d2a16",
      "topic": "GENERAL",
      "priority": 6,
      "trigger": {
        "note": "편인이 강한 경우"
      },
      "mechanism": "편인은 순발력과 창의성을 제공하지만, 치우침이 있을 수 있음.",
      "interpretation": "편인이 강하면 창의적이지만, 균형을 잃을 가능성이 있음.",
      "action": "편인의 에너지를 긍정적으로 활용해 창의적 활동에 집중.",
      "cautions": [
        "편인의 치우침이 부정적으로 작용할 수 있음."
      ],
      "tags": [
        "편인",
        "창의성",
        "순발력",
        "균형",
        "치우침"
      ]
    },
    {
      "id": "RC-da02cf1f00",
      "topic": "RELATION",
      "priority": 5,
      "trigger": {
        "note": "편인과 대화 시"
      },
      "mechanism": "편인은 상대의 말을 비꼬거나 반전시키는 경향이 있음.",
      "interpretation": "편인과의 대화는 설득력과 논리적 대응이 중요.",
      "action": "편인과 대화 시 논리적이고 차분하게 대응.",
      "cautions": [
        "편인의 비꼬는 성향이 갈등을 유발할 수 있음."
      ],
      "tags": [
        "편인",
        "대화",
        "설득",
        "논리",
        "갈등"
      ]
    },
    {
      "id": "RC-cc09d46ecb",
      "topic": "TIMING",
      "priority": 8,
      "trigger": {
        "year": "current",
        "month": "August"
      },
      "mechanism": "8월은 다이어트와 자기 관리에 효과적인 시기.",
      "interpretation": "8월부터 시작하는 다이어트는 성공 가능성이 높음.",
      "action": "8월부터 체중 감량 계획을 실행.",
      "cautions": [
        "지속적인 관리가 필요함."
      ],
      "tags": [
        "8월",
        "다이어트",
        "자기관리",
        "성공",
        "계획"
      ]
    },
    {
      "id": "RC-5ea98cd319",
      "topic": "STRUCTURE",
      "priority": 6,
      "trigger": {
        "note": "화생토 구조가 강한 경우"
      },
      "mechanism": "화생토 구조는 철학적, 정신적 성향을 강화.",
      "interpretation": "화생토가 강하면 현실적 성취보다는 정신적 성취에 집중.",
      "action": "철학적, 정신적 활동에 에너지를 집중.",
      "cautions": [
        "현실적 성취가 부족할 수 있음."
      ],
      "tags": [
        "화생토",
        "철학",
        "정신",
        "성취",
        "구조"
      ]
    },
    {
      "id": "RC-ef827d5bbe",
      "topic": "LOVE",
      "priority": 5,
      "trigger": {
        "note": "연애에 인성이 있는 경우"
      },
      "mechanism": "연애에 인성이 있으면 주목받는 능력이 강화됨.",
      "interpretation": "연애에 인성이 있으면 타인의 관심을 끌기 쉬움.",
      "action": "이 능력을 활용해 긍정적인 관계를 형성.",
      "cautions": [
        "부정적으로 작용하면 누명이나 타겟이 될 수 있음."
      ],
      "tags": [
        "연애",
        "인성",
        "주목",
        "관계",
        "타겟"
      ]
    },
    {
      "id": "RC-63e967aa09",
      "topic": "GENERAL",
      "priority": 4,
      "trigger": {
        "note": "조열한 사주 구조"
      },
      "mechanism": "조열한 구조는 환경적 제약을 초래.",
      "interpretation": "조열한 사주는 환경적 어려움을 극복해야 함.",
      "action": "조열한 구조를 완화하는 요소를 찾아 활용.",
      "cautions": [
        "환경적 제약이 심할 수 있음."
      ],
      "tags": [
        "조열",
        "환경",
        "제약",
        "극복",
        "구조"
      ]
    },
    {
      "id": "RC-e16707e9fa",
      "topic": "STRUCTURE",
      "priority": 9,
      "trigger": {
        "note": "관성이 약하고 조율 중인 경우"
      },
      "mechanism": "관성은 조율의 역할을 하며, 강해지면 통제와 억압으로 작용함.",
      "interpretation": "관성이 약한 경우, 배우자는 안정감을 주는 존재로 작용.",
      "action": "관성을 조율의 수준으로 유지하며, 배우자와의 관계에서 안정감을 추구.",
      "cautions": [
        "관성이 강해지면 통제와 억압으로 변질될 수 있음."
      ],
      "tags": [
        "관성",
        "조율",
        "배우자",
        "안정감",
        "통제"
      ]
    },
    {
      "id": "RC-d7db2a04bb",
      "topic": "TIMING",
      "priority": 8,
      "trigger": {
        "note": "대운과 세운의 작용이 다를 때"
      },
      "mechanism": "대운은 장기적인 영향을, 세운은 단기적인 영향을 미침.",
      "interpretation": "세운에서 불리한 요소가 대운에서는 유리하게 작용할 수 있음.",
      "action": "대운과 세운의 차이를 구분하여 해석.",
      "cautions": [
        "세운과 대운의 작용을 혼동하지 말 것."
      ],
      "tags": [
        "대운",
        "세운",
        "타이밍",
        "운의 차이",
        "해석"
      ]
    },
    {
      "id": "RC-3a5385c1da",
      "topic": "WEALTH",
      "priority": 7,
      "trigger": {
        "note": "재극인이 발생한 경우"
      },
      "mechanism": "재극인은 재성과 인성이 충돌하여 자금 회전 문제를 야기함.",
      "interpretation": "재극인은 투자자나 지원자로 작용할 수 있음.",
      "action": "재극인이 발생한 시기에는 신중하게 자금 운용.",
      "cautions": [
        "재극인이 강하면 재정적 갈등이 심화될 수 있음."
      ],
      "tags": [
        "재극인",
        "재성",
        "인성",
        "투자",
        "자금"
      ]
    },
    {
      "id": "RC-bc18668f68",
      "topic": "GENERAL",
      "priority": 6,
      "trigger": {
        "note": "조후용신과 용신을 혼동하는 경우"
      },
      "mechanism": "조후는 환경적 조율이고, 용신은 사주의 핵심 방향성.",
      "interpretation": "조후와 용신은 별개의 개념으로 구분해야 함.",
      "action": "조후와 용신의 역할을 명확히 이해하고 적용.",
      "cautions": [
        "조후와 용신을 동일시하면 해석 오류 발생."
      ],
      "tags": [
        "조후",
        "용신",
        "구분",
        "해석",
        "조율"
      ]
    },
    {
      "id": "RC-16fcaf3e10",
      "topic": "TIMING",
      "priority": 8,
      "trigger": {
        "note": "운에서 계수가 오는 경우"
      },
      "mechanism": "계수는 일시적으로 긍정적인 영향을 주지만, 장기적으로는 불리할 수 있음.",
      "interpretation": "운에서 계수가 오더라도 결과적으로 불리할 가능성이 있음.",
      "action": "계수가 오는 시기에는 신중하게 판단.",
      "cautions": [
        "계수의 단기적 효과에만 의존하지 말 것."
      ],
      "tags": [
        "계수",
        "운",
        "단기효과",
        "장기효과",
        "판단"
      ]
    },
    {
      "id": "RC-f7cd886756",
      "topic": "STRUCTURE",
      "priority": 7,
      "trigger": {
        "note": "오행의 특정 요소가 강해지는 경우"
      },
      "mechanism": "오행이 강해지면 조율이 아닌 사용하려는 경향이 생김.",
      "interpretation": "강한 오행은 조율보다는 통제와 사용으로 작용.",
      "action": "오행의 균형을 유지하며 조율의 역할을 강조.",
      "cautions": [
        "오행이 지나치게 강해지면 조율이 어려워짐."
      ],
      "tags": [
        "오행",
        "조율",
        "균형",
        "통제",
        "강약"
      ]
    },
    {
      "id": "RC-29d53f2c4b",
      "topic": "LOVE",
      "priority": 8,
      "trigger": {
        "note": "관성이 약한 경우"
      },
      "mechanism": "약한 관성은 배우자와의 관계에서 안정감을 제공.",
      "interpretation": "배우자는 통제보다는 안정감을 주는 존재로 작용.",
      "action": "관성을 강화하지 않고 안정적인 관계를 유지.",
      "cautions": [
        "관성을 강화하면 관계가 억압적으로 변할 수 있음."
      ],
      "tags": [
        "관성",
        "배우자",
        "안정감",
        "관계",
        "조율"
      ]
    },
    {
      "id": "RC-4d84c3a8f4",
      "topic": "TIMING",
      "priority": 9,
      "trigger": {
        "note": "갑진년이 오는 경우"
      },
      "mechanism": "갑진년은 긍정적인 변화와 기회를 제공.",
      "interpretation": "갑진년은 결혼이나 재정적 성취의 가능성을 높임.",
      "action": "갑진년의 기회를 활용하여 중요한 결정을 내림.",
      "cautions": [
        "갑진년의 기회를 놓치지 않도록 준비."
      ],
      "tags": [
        "갑진년",
        "기회",
        "결혼",
        "재정",
        "변화"
      ]
    },
    {
      "id": "RC-b23c41fb9b",
      "topic": "CAREER",
      "priority": 7,
      "trigger": {
        "note": "재극인이 직업적 환경에 영향을 미치는 경우"
      },
      "mechanism": "재극인은 직업적 지원과 갈등을 동시에 야기.",
      "interpretation": "재극인은 직업적 기회와 도전을 동시에 제공.",
      "action": "재극인의 영향을 분석하여 직업적 결정을 내림.",
      "cautions": [
        "재극인의 갈등 요소를 간과하지 말 것."
      ],
      "tags": [
        "재극인",
        "직업",
        "지원",
        "갈등",
        "기회"
      ]
    },
    {
      "id": "RC-0ce00f5a48",
      "topic": "GENERAL",
      "priority": 6,
      "trigger": {
        "note": "인성이 강한 경우"
      },
      "mechanism": "강한 인성은 학문적 성취와 지속적인 학습을 유도.",
      "interpretation": "인성이 강하면 학문적 성취와 지속적인 학습 가능.",
      "action": "인성을 활용하여 학문적 목표를 설정.",
      "cautions": [
        "인성이 강해도 활용하지 않으면 게으름으로 이어질 수 있음."
      ],
      "tags": [
        "인성",
        "학문",
        "학습",
        "목표",
        "성취"
      ]
    },
    {
      "id": "RC-0eef594407",
      "topic": "STRUCTURE",
      "priority": 9,
      "trigger": {
        "note": "인성이 왕한 사주"
      },
      "mechanism": "인성의 에너지를 활용하지 못하면 게으름과 의존성이 나타남.",
      "interpretation": "인성이 왕한 사주는 에너지를 전환하여 생산적으로 활용해야 함.",
      "action": "인성을 활용하려면 신왕 상태를 유지하고 식상으로 연결해야 함.",
      "cautions": [
        "인성이 많아도 활용하지 못하면 무기력해질 수 있음."
      ],
      "tags": [
        "인성",
        "신왕",
        "식상",
        "에너지 전환",
        "게으름"
      ]
    },
    {
      "id": "RC-9404aca4de",
      "topic": "TIMING",
      "priority": 8,
      "trigger": {
        "note": "식상운이 들어오는 시기"
      },
      "mechanism": "식상운은 인성을 활용하여 학업이나 생산성을 높이는 데 도움을 줌.",
      "interpretation": "식상운이 오면 학업 성취나 창의적 활동이 가능해짐.",
      "action": "식상운이 올 때 학업이나 창의적 활동에 집중할 것.",
      "cautions": [
        "식상운이 없으면 인성을 제대로 활용하지 못할 수 있음."
      ],
      "tags": [
        "식상운",
        "학업",
        "창의성",
        "생산성",
        "운의 흐름"
      ]
    },
    {
      "id": "RC-a463da2020",
      "topic": "RELATION",
      "priority": 7,
      "trigger": {
        "note": "갑목 일간에 임자 조합"
      },
      "mechanism": "갑목 일간은 임자 조합에서 근이 부족하여 인성을 끌어오기 어려움.",
      "interpretation": "갑목 일간은 특정 조합에서 인성 활용이 제한됨.",
      "action": "근을 보강하거나 다른 조합을 통해 인성을 끌어올릴 방법을 모색할 것.",
      "cautions": [
        "근이 부족하면 인성 활용이 어려워질 수 있음."
      ],
      "tags": [
        "갑목",
        "임자",
        "근",
        "인성",
        "조합"
      ]
    },
    {
      "id": "RC-505ce9a7f5",
      "topic": "STRUCTURE",
      "priority": 8,
      "trigger": {
        "note": "정인이 기신으로 작용하는 경우"
      },
      "mechanism": "정인이 기신으로 작용하면 부모나 환경의 지원이 부담으로 작용할 수 있음.",
      "interpretation": "정인이 기신이 되면 부모나 환경의 지원이 오히려 장애가 될 수 있음.",
      "action": "정인이 기신으로 작용할 때는 독립적이고 자립적인 태도를 유지할 것.",
      "cautions": [
        "부모나 환경에 지나치게 의존하지 않도록 주의."
      ],
      "tags": [
        "정인",
        "기신",
        "부모",
        "환경",
        "독립"
      ]
    },
    {
      "id": "RC-e1213e814a",
      "topic": "WEALTH",
      "priority": 7,
      "trigger": {
        "note": "재성이 강한 사주"
      },
      "mechanism": "재성이 강하면 처가의 배경이나 재산을 활용할 가능성이 높음.",
      "interpretation": "재성이 강한 사주는 처가의 도움으로 재복을 얻을 수 있음.",
      "action": "처가의 배경을 활용할 수 있는 기회를 모색할 것.",
      "cautions": [
        "처가에 지나치게 의존하지 않도록 주의."
      ],
      "tags": [
        "재성",
        "처가",
        "재복",
        "배경",
        "의존"
      ]
    },
    {
      "id": "RC-eb366a3fe6",
      "topic": "CAREER",
      "priority": 6,
      "trigger": {
        "note": "금의 에너지가 강한 사주"
      },
      "mechanism": "금의 에너지는 조직 내에서 개인 능력을 발휘하는 데 유리함.",
      "interpretation": "금이 강한 사주는 조직 내에서 성공 가능성이 높음.",
      "action": "조직 내에서 자신의 능력을 최대한 발휘할 것.",
      "cautions": [
        "조직 내 갈등을 피하고 협력적인 태도를 유지할 것."
      ],
      "tags": [
        "금",
        "조직",
        "능력",
        "성공",
        "협력"
      ]
    },
    {
      "id": "RC-6097175253",
      "topic": "STRUCTURE",
      "priority": 7,
      "trigger": {
        "note": "기토가 사화와 연결된 경우"
      },
      "mechanism": "기토가 사화와 연결되면 수용적 태도와 강한 내면을 형성함.",
      "interpretation": "기토와 사화의 조합은 수용성과 내면의 강함을 동시에 나타냄.",
      "action": "수용적 태도를 유지하면서도 자신의 내면을 강화할 것.",
      "cautions": [
        "외부의 변화에 쉽게 흔들리지 않도록 주의."
      ],
      "tags": [
        "기토",
        "사화",
        "수용성",
        "내면",
        "강함"
      ]
    },
    {
      "id": "RC-c014f59349",
      "topic": "RELATION",
      "priority": 6,
      "trigger": {
        "note": "사화가 신금과 연결된 경우"
      },
      "mechanism": "사화와 신금의 연결은 포장된 에너지가 드러나는 계기가 됨.",
      "interpretation": "사화와 신금의 조합은 숨겨진 본질이 드러날 가능성을 나타냄.",
      "action": "자신의 본질을 긍정적으로 드러낼 방법을 모색할 것.",
      "cautions": [
        "부정적인 본질이 드러나지 않도록 주의."
      ],
      "tags": [
        "사화",
        "신금",
        "포장",
        "본질",
        "드러남"
      ]
    },
    {
      "id": "RC-5121e0c3bd",
      "topic": "LOVE",
      "priority": 5,
      "trigger": {
        "note": "재성이 처가와 연결된 경우"
      },
      "mechanism": "재성이 처가와 연결되면 처가의 배경이 결혼 생활에 영향을 미침.",
      "interpretation": "재성이 처가와 연결된 사주는 처가의 도움으로 안정된 결혼 생활을 할 가능성이 높음.",
      "action": "처가와의 관계를 긍정적으로 유지할 것.",
      "cautions": [
        "처가의 도움에 지나치게 의존하지 않도록 주의."
      ],
      "tags": [
        "재성",
        "처가",
        "결혼",
        "안정",
        "관계"
      ]
    },
    {
      "id": "RC-fe78ca1bac",
      "topic": "GENERAL",
      "priority": 4,
      "trigger": {
        "note": "정인이 사주에 많은 경우"
      },
      "mechanism": "정인이 많으면 학문적 성취와 수용적 태도가 강해짐.",
      "interpretation": "정인이 많은 사주는 학문적 성취와 수용적 태도를 나타냄.",
      "action": "학문적 성취를 위해 꾸준히 노력할 것.",
      "cautions": [
        "수용적 태도가 지나치면 자기 주관을 잃을 수 있음."
      ],
      "tags": [
        "정인",
        "학문",
        "성취",
        "수용성",
        "노력"
      ]
    },
    {
      "topic": "RELATION",
      "priority": 8,
      "trigger": {
        "note": "사화와 신금이 연결될 때"
      },
      "mechanism": "사화와 신금의 조합으로 경금 에너지가 부각됨.",
      "interpretation": "포장된 본질이 드러나는 시점.",
      "action": "이 시기에 진실을 드러내거나 숨겨진 문제를 해결할 준비를 하라.",
      "cautions": [
        "진실이 드러나는 과정에서 갈등이 발생할 수 있음."
      ],
      "tags": [
        "사화",
        "신금",
        "경금",
        "포장",
        "드러남"
      ],
      "id": "RC-a5dd304218"
    },
    {
      "topic": "STRUCTURE",
      "priority": 7,
      "trigger": {
        "note": "정인에 근거한 상관격"
      },
      "mechanism": "정인이 상관의 근거를 제공하여 안정성을 부여함.",
      "interpretation": "학문적, 논리적 기반이 중요한 구조.",
      "action": "결정이나 행동에 앞서 논리적 근거를 마련하라.",
      "cautions": [
        "근거 없는 행동은 신뢰를 잃을 수 있음."
      ],
      "tags": [
        "정인",
        "상관격",
        "근거",
        "논리",
        "학문"
      ],
      "id": "RC-a7083d9fca"
    },
    {
      "topic": "TIMING",
      "priority": 9,
      "trigger": {
        "note": "경금 운이 올 때"
      },
      "mechanism": "경금 운이 기존의 안정성을 흔들고 변화를 촉진함.",
      "interpretation": "직업적, 관계적 변화 가능성이 높아짐.",
      "action": "변화를 원하지 않는다면 인내하고 상황을 유지하라.",
      "cautions": [
        "충동적인 결정은 후회로 이어질 수 있음."
      ],
      "tags": [
        "경금",
        "운",
        "변화",
        "인내",
        "결정"
      ],
      "id": "RC-f9ab08f883"
    },
    {
      "topic": "CAREER",
      "priority": 8,
      "trigger": {
        "note": "기토와 간목의 조합"
      },
      "mechanism": "간목이 기토의 기반 위에서 성장과 안정성을 제공함.",
      "interpretation": "평생직업이나 안정적인 직업 환경을 가질 가능성이 높음.",
      "action": "장기적인 직업 목표를 설정하고 꾸준히 노력하라.",
      "cautions": [
        "경금 운이 오면 직업적 변화를 주의하라."
      ],
      "tags": [
        "기토",
        "간목",
        "직업",
        "안정성",
        "성장"
      ],
      "id": "RC-383925d65a"
    },
    {
      "topic": "CAREER",
      "priority": 7,
      "trigger": {
        "note": "을목과 편관의 조합"
      },
      "mechanism": "을목과 편관이 불안정하지만 유연한 직업 환경을 제공함.",
      "interpretation": "현장 중심의 직업이나 임시직과 연결됨.",
      "action": "유연성을 유지하며 다양한 기회를 탐색하라.",
      "cautions": [
        "직업적 안정성을 과도하게 기대하지 말 것."
      ],
      "tags": [
        "을목",
        "편관",
        "현장직",
        "유연성",
        "임시직"
      ],
      "id": "RC-2c895a1de8"
    },
    {
      "topic": "WEALTH",
      "priority": 6,
      "trigger": {
        "note": "금과 목운의 조합"
      },
      "mechanism": "금이 자유업을, 목운이 사업 확장을 촉진함.",
      "interpretation": "사업자 등록이나 법인화를 통해 재정적 성장을 도모할 수 있음.",
      "action": "사업 확장이나 새로운 프로젝트를 시작하라.",
      "cautions": [
        "재정적 계획 없이 확장하면 위험이 따를 수 있음."
      ],
      "tags": [
        "금",
        "목운",
        "사업",
        "재정",
        "확장"
      ],
      "id": "RC-7d904101a3"
    },
    {
      "topic": "TIMING",
      "priority": 7,
      "trigger": {
        "note": "초년 재성운"
      },
      "mechanism": "초년 재성운이 학문적 성장을 방해할 수 있음.",
      "interpretation": "초년기에 재물에 집중하면 학문적 기반이 약해질 수 있음.",
      "action": "초년에는 학문에 집중하고 재물에 대한 욕심을 줄이라.",
      "cautions": [
        "재성운이 학문적 기회를 방해하지 않도록 주의."
      ],
      "tags": [
        "초년",
        "재성운",
        "학문",
        "재물",
        "기회"
      ],
      "id": "RC-78f03b888b"
    },
    {
      "topic": "GENERAL",
      "priority": 5,
      "trigger": {
        "note": "지지에 근거가 있는 경우"
      },
      "mechanism": "지지의 근거가 행동의 이유를 제공함.",
      "interpretation": "행동에 명확한 이유와 목적이 있음.",
      "action": "행동의 근거를 명확히 하고 이를 기반으로 계획을 세워라.",
      "cautions": [
        "근거 없는 행동은 신뢰를 잃을 수 있음."
      ],
      "tags": [
        "지지",
        "근거",
        "행동",
        "목적",
        "계획"
      ],
      "id": "RC-77e7c679b5"
    },
    {
      "topic": "LOVE",
      "priority": 6,
      "trigger": {
        "note": "사중 경금이 드러날 때"
      },
      "mechanism": "사중 경금이 관계의 변화를 촉진함.",
      "interpretation": "이혼이나 관계 단절 가능성이 높아짐.",
      "action": "관계 유지에 신중하고 갈등을 피하라.",
      "cautions": [
        "충동적인 결정은 관계를 악화시킬 수 있음."
      ],
      "tags": [
        "사중 경금",
        "관계",
        "변화",
        "이혼",
        "갈등"
      ],
      "id": "RC-139fb21b20"
    },
    {
      "topic": "CAREER",
      "priority": 7,
      "trigger": {
        "note": "목생화가 잘 되어 있는 경우"
      },
      "mechanism": "목생화가 직업적 안정성과 성장을 촉진함.",
      "interpretation": "안정적인 직업 환경을 유지할 가능성이 높음.",
      "action": "직업적 안정성을 기반으로 장기적인 목표를 설정하라.",
      "cautions": [
        "외부 변화에 대비하여 유연성을 유지하라."
      ],
      "tags": [
        "목생화",
        "직업",
        "안정성",
        "성장",
        "목"
      ],
      "id": "RC-ed3d035223"
    }
  ],
  "notes": [
    "일부 사례는 특정 인물이나 사건을 언급하며 설명되었으나, 규칙 추출에는 포함되지 않음.",
    "텍스트가 매우 방대하고 중복된 내용이 많아 일부 핵심 규칙만 추출.",
    "텍스트가 매우 길고 복잡하여 일부 내용은 요약 및 재구성됨.",
    "사례와 예시는 일반화된 규칙으로 변환됨.",
    "텍스트에서 일부 개인적 경험과 비관련된 서술은 제외됨."
  ],
  "schema_version": "rulecards.v1",
  "module_code": "SajuOS_STRU_027",
  "updated_at": "2025-12-23T20:27:23"
}