{
  "title": "SajuOS_Logic_STRU_A_040",
  "rulecards": [
    {
      "id": "RC-2e555d5538",
      "topic": "STRUCTURE",
      "priority": 9,
      "trigger": {
        "month": "미월",
        "day_pillar": "계미"
      },
      "mechanism": "계수는 미토의 조토를 부드럽게 조화시킬 수 있는 능력이 있음.",
      "interpretation": "겉으로는 부드럽고 유순해 보이지만, 내적으로는 강한 추진력과 적응력을 가짐.",
      "action": "어떤 상황에서도 적응력을 발휘하고, 맡은 일을 신속히 처리하라.",
      "cautions": [
        "겉모습만 보고 판단하지 말 것."
      ],
      "tags": [
        "계수",
        "미월",
        "적응력",
        "조화",
        "추진력"
      ]
    },
    {
      "id": "RC-8ddafbee50",
      "topic": "STRUCTURE",
      "priority": 8,
      "trigger": {
        "day_pillar": "계미",
        "note": "목이 부족한 경우"
      },
      "mechanism": "목이 없으면 토에 의해 속박되어 자기주장을 하기 어려움.",
      "interpretation": "목이 있어야 토를 소토하여 자신의 능력을 발휘할 수 있음.",
      "action": "목 운이 들어오거나 목을 보완할 수 있는 환경을 찾아라.",
      "cautions": [
        "목이 없으면 자기 표현이 제한될 수 있음."
      ],
      "tags": [
        "목",
        "토",
        "소토",
        "자기주장",
        "계미"
      ]
    },
    {
      "id": "RC-35559834c3",
      "topic": "CAREER",
      "priority": 7,
      "trigger": {
        "day_pillar": "계미",
        "note": "검토와 수정 관련 직업"
      },
      "mechanism": "계수는 기존의 것을 수정하고 검토하는 데 능숙함.",
      "interpretation": "검토, 검열, 개혁과 관련된 직업에서 두각을 나타냄.",
      "action": "검토와 수정이 필요한 직업군을 선택하라.",
      "cautions": [
        "변화를 두려워하지 말 것."
      ],
      "tags": [
        "계수",
        "검토",
        "수정",
        "개혁",
        "직업"
      ]
    },
    {
      "id": "RC-fef6f3bb39",
      "topic": "RELATION",
      "priority": 6,
      "trigger": {
        "day_pillar": "계미",
        "spouse": "편관"
      },
      "mechanism": "계수는 편관의 통제를 부드럽게 받아들이는 성향이 있음.",
      "interpretation": "부드럽게 상대를 수용하며 관계를 조화롭게 유지함.",
      "action": "상대방의 통제를 긍정적으로 받아들이고 조화롭게 대처하라.",
      "cautions": [
        "내면의 감정을 억누르지 말 것."
      ],
      "tags": [
        "계수",
        "편관",
        "관계",
        "조화",
        "수용"
      ]
    },
    {
      "id": "RC-7d99496d62",
      "topic": "WEALTH",
      "priority": 8,
      "trigger": {
        "day_pillar": "계미",
        "note": "목이 강한 경우"
      },
      "mechanism": "목이 강하면 토를 다루는 능력이 향상되어 재물 운이 좋아짐.",
      "interpretation": "목의 강약에 따라 재물 관리 능력이 달라짐.",
      "action": "목의 기운을 강화하거나 목 운을 활용하라.",
      "cautions": [
        "목이 약하면 재물 관리가 어려울 수 있음."
      ],
      "tags": [
        "목",
        "토",
        "재물",
        "관리",
        "계미"
      ]
    },
    {
      "id": "RC-8a461be582",
      "topic": "CAREER",
      "priority": 7,
      "trigger": {
        "day_pillar": "계미",
        "note": "살이 강한 경우"
      },
      "mechanism": "살이 강해도 계수는 이를 조화롭게 다룰 수 있음.",
      "interpretation": "위험을 다루는 직업에서 능력을 발휘할 수 있음.",
      "action": "위험 관리나 조정이 필요한 직업을 고려하라.",
      "cautions": [
        "살의 강약에 따라 직업 선택이 달라질 수 있음."
      ],
      "tags": [
        "계수",
        "살",
        "위험",
        "직업",
        "조화"
      ]
    },
    {
      "id": "RC-6d67fa7260",
      "topic": "GENERAL",
      "priority": 6,
      "trigger": {
        "note": "계수의 본질"
      },
      "mechanism": "계수는 섞이고 조화시키는 능력이 뛰어남.",
      "interpretation": "다양한 환경에 적응하며 조화를 이루는 성향.",
      "action": "다양한 상황에서 조화와 균형을 유지하라.",
      "cautions": [
        "과도한 적응으로 본질을 잃지 말 것."
      ],
      "tags": [
        "계수",
        "조화",
        "적응",
        "균형",
        "본질"
      ]
    },
    {
      "id": "RC-a70730d542",
      "topic": "TIMING",
      "priority": 7,
      "trigger": {
        "year": "갑진년"
      },
      "mechanism": "갑진년은 목의 기운이 강해지는 시기.",
      "interpretation": "목의 기운이 강화되어 자기주장이 강해지고 기회가 열림.",
      "action": "갑진년을 활용해 중요한 결정을 내리거나 새로운 시작을 하라.",
      "cautions": [
        "목의 기운이 과도하면 균형을 잃을 수 있음."
      ],
      "tags": [
        "갑진년",
        "목",
        "기회",
        "결정",
        "시기"
      ]
    },
    {
      "id": "RC-287b5b7f3f",
      "topic": "CAREER",
      "priority": 8,
      "trigger": {
        "day_pillar": "계미",
        "note": "식상이 강한 경우"
      },
      "mechanism": "식상이 강하면 전문성을 띠며 고급 인력으로 성장 가능.",
      "interpretation": "특화된 기술이나 능력을 통해 직업적 성공 가능.",
      "action": "전문성을 강화하고 기술을 연마하라.",
      "cautions": [
        "식상이 약하면 전문성 발휘가 어려울 수 있음."
      ],
      "tags": [
        "식상",
        "전문성",
        "기술",
        "성공",
        "계미"
      ]
    },
    {
      "id": "RC-59c5e37f04",
      "topic": "WEALTH",
      "priority": 7,
      "trigger": {
        "day_pillar": "계미",
        "note": "재성이 강한 경우"
      },
      "mechanism": "재성이 강하면 재물의 가치가 높아지고 관리 능력이 향상됨.",
      "interpretation": "재물 운이 좋아지고 재정적 안정 가능.",
      "action": "재성을 활용해 재정 계획을 세우고 관리하라.",
      "cautions": [
        "재성이 약하면 재정적 어려움이 있을 수 있음."
      ],
      "tags": [
        "재성",
        "재물",
        "관리",
        "안정",
        "계미"
      ]
    },
    {
      "id": "RC-c9c27e2077",
      "topic": "ELEMENTS",
      "priority": 9,
      "trigger": {
        "element": "신금"
      },
      "mechanism": "신금은 효율성과 정리 능력을 상징하며, 복잡한 상황에서도 핵심을 파악하고 정리할 수 있는 능력을 제공한다.",
      "interpretation": "신금이 발달한 사람은 복잡한 문제를 해결하고 효율적으로 정리하는 데 강점이 있다.",
      "action": "복잡한 상황에서도 핵심을 빠르게 파악하고 정리하는 능력을 활용하라.",
      "cautions": [
        "신금이 과도하면 지나치게 냉정하거나 비효율적인 판단을 할 수 있다."
      ],
      "tags": [
        "신금",
        "효율",
        "정리",
        "분석",
        "핵심"
      ]
    },
    {
      "id": "RC-d5838b7efa",
      "topic": "ELEMENTS",
      "priority": 8,
      "trigger": {
        "element": "화",
        "present": false
      },
      "mechanism": "화는 판단력과 분별력을 제공하며, 화가 없으면 판단이 느리고 비효율적일 수 있다.",
      "interpretation": "화가 부족하면 상황을 판단하거나 결정을 내리는 데 어려움을 겪을 수 있다.",
      "action": "화의 부족을 보완하기 위해 주변의 조언을 적극적으로 활용하라.",
      "cautions": [
        "화가 없으면 판단이 느려질 수 있으니 신중함이 필요하다."
      ],
      "tags": [
        "화",
        "판단력",
        "분별력",
        "결정",
        "보완"
      ]
    },
    {
      "id": "RC-452e80790a",
      "topic": "ELEMENTS",
      "priority": 7,
      "trigger": {
        "element": "수",
        "present": false
      },
      "mechanism": "수는 상황을 이해하고 통합하는 능력을 제공하며, 수가 없으면 전체적인 맥락을 파악하기 어렵다.",
      "interpretation": "수가 부족하면 상황을 종합적으로 이해하는 데 한계가 있을 수 있다.",
      "action": "수가 부족한 경우, 정보를 체계적으로 정리하고 분석하는 습관을 기르라.",
      "cautions": [
        "수가 없으면 상황을 단편적으로만 볼 수 있다."
      ],
      "tags": [
        "수",
        "이해",
        "통합",
        "분석",
        "정보"
      ]
    },
    {
      "id": "RC-11bdead5fc",
      "topic": "RELATION",
      "priority": 8,
      "trigger": {
        "relation": "인신충"
      },
      "mechanism": "인신충은 초기 단계에서 충동적이거나 격정적인 에너지를 유발한다.",
      "interpretation": "인신충이 있는 사람은 첫인상이나 초기 행동에서 강렬한 에너지를 보일 수 있다.",
      "action": "충동적인 결정을 내리기 전에 충분히 숙고하라.",
      "cautions": [
        "충동적인 행동이 반복될 수 있으니 자제력을 기르라."
      ],
      "tags": [
        "인신충",
        "충동",
        "격정",
        "초기",
        "숙고"
      ]
    },
    {
      "id": "RC-1b19c44a19",
      "topic": "RELATION",
      "priority": 7,
      "trigger": {
        "relation": "금생수",
        "fire": false
      },
      "mechanism": "금생수가 강하고 화가 없으면 판단이 굳어지고 고집스러워질 수 있다.",
      "interpretation": "금생수가 강한 사람은 자신의 신념을 쉽게 바꾸지 않는다.",
      "action": "다양한 관점을 받아들이는 연습을 하라.",
      "cautions": [
        "고집스러운 태도가 관계에 부정적인 영향을 줄 수 있다."
      ],
      "tags": [
        "금생수",
        "고집",
        "판단",
        "관계",
        "유연성"
      ]
    },
    {
      "id": "RC-b32bc1bcc9",
      "topic": "ELEMENTS",
      "priority": 9,
      "trigger": {
        "element": "신금",
        "relation": "화"
      },
      "mechanism": "신금은 화와의 상호작용을 통해 효율성을 극대화한다.",
      "interpretation": "신금은 화가 강해도 이를 두려워하지 않고 활용할 수 있다.",
      "action": "화의 에너지를 활용하여 효율성을 높이는 방법을 모색하라.",
      "cautions": [
        "화가 과도하면 신금의 에너지가 소진될 수 있다."
      ],
      "tags": [
        "신금",
        "화",
        "효율",
        "상호작용",
        "활용"
      ]
    },
    {
      "id": "RC-f6928e676c",
      "topic": "RELATION",
      "priority": 8,
      "trigger": {
        "relation": "목생화",
        "fire": false
      },
      "mechanism": "목생화가 약하면 시작 단계에서 에너지가 부족해질 수 있다.",
      "interpretation": "목생화가 약한 사람은 새로운 일을 시작하는 데 어려움을 겪을 수 있다.",
      "action": "시작 단계에서 필요한 에너지를 보완하기 위해 계획을 철저히 세우라.",
      "cautions": [
        "시작이 어려울 수 있으니 작은 목표부터 설정하라."
      ],
      "tags": [
        "목생화",
        "시작",
        "에너지",
        "계획",
        "목표"
      ]
    },
    {
      "id": "RC-be3835ce20",
      "topic": "RELATION",
      "priority": 7,
      "trigger": {
        "relation": "묘신충",
        "fire": true
      },
      "mechanism": "묘신충은 화가 개입하면 갈등을 해소하고 조화를 이룰 수 있다.",
      "interpretation": "묘신충이 있는 사람은 화의 개입으로 갈등을 해결할 수 있다.",
      "action": "갈등 상황에서 화의 에너지를 활용하여 조화를 모색하라.",
      "cautions": [
        "화가 없으면 갈등이 지속될 수 있다."
      ],
      "tags": [
        "묘신충",
        "갈등",
        "조화",
        "화",
        "해결"
      ]
    },
    {
      "id": "RC-f849a8bfdc",
      "topic": "ELEMENTS",
      "priority": 8,
      "trigger": {
        "element": "화",
        "relation": "금"
      },
      "mechanism": "화는 금에게 일감을 제공하며, 화가 강할수록 금의 활동이 많아진다.",
      "interpretation": "화가 강한 사람은 금의 에너지를 활용하여 생산성을 높일 수 있다.",
      "action": "화의 에너지를 활용하여 생산성을 극대화하라.",
      "cautions": [
        "화가 과도하면 금의 에너지가 소진될 수 있다."
      ],
      "tags": [
        "화",
        "금",
        "생산성",
        "활용",
        "에너지"
      ]
    },
    {
      "id": "RC-20d8491d36",
      "topic": "RELATION",
      "priority": 7,
      "trigger": {
        "relation": "금수",
        "fire": false
      },
      "mechanism": "금수 관계가 강하고 화가 없으면 판단이 단편적이거나 고집스러워질 수 있다.",
      "interpretation": "금수 관계가 강한 사람은 자신의 신념을 쉽게 바꾸지 않는다.",
      "action": "다양한 관점을 받아들이는 연습을 하라.",
      "cautions": [
        "고집스러운 태도가 관계에 부정적인 영향을 줄 수 있다."
      ],
      "tags": [
        "금수",
        "고집",
        "판단",
        "관계",
        "유연성"
      ]
    },
    {
      "id": "RC-0ec4661366",
      "topic": "RELATION",
      "priority": 8,
      "trigger": {
        "note": "1지 5화와 1지 싱금의 조합"
      },
      "mechanism": "1지 5화와 1지 싱금은 서로 에너지를 주고받으며 조화를 이룸.",
      "interpretation": "처음에는 큰 효과가 없을 수 있으나 시간이 지날수록 서로에게 긍정적인 영향을 미침.",
      "action": "이 조합이 있는 경우, 관계를 지속적으로 유지하며 발전시킬 것.",
      "cautions": [
        "초기에는 효과가 미미할 수 있음.",
        "지속적인 노력이 필요함."
      ],
      "tags": [
        "합",
        "조화",
        "에너지",
        "관계",
        "지속성"
      ]
    },
    {
      "id": "RC-3606eb45f2",
      "topic": "RELATION",
      "priority": 9,
      "trigger": {
        "note": "형과 합이 동시에 작용하는 경우"
      },
      "mechanism": "형과 합이 작용하면 순서를 건너뛰는 경향이 있음.",
      "interpretation": "순서를 무시하면 불법적이거나 부정적인 결과로 이어질 수 있음.",
      "action": "행동의 순서를 지키고, 합법적인 방식으로 진행할 것.",
      "cautions": [
        "순서를 무시하면 문제 발생 가능.",
        "형이 강한 경우 특히 주의."
      ],
      "tags": [
        "형",
        "합",
        "순서",
        "법적 문제",
        "조화"
      ]
    },
    {
      "id": "RC-b9ae0fe9b7",
      "topic": "RELATION",
      "priority": 7,
      "trigger": {
        "note": "생지형이 있는 경우"
      },
      "mechanism": "생지형은 순서를 건너뛰는 경향이 강함.",
      "interpretation": "이로 인해 부정적인 결과나 형벌로 이어질 가능성이 있음.",
      "action": "행동의 순서를 철저히 지키고, 신중하게 판단할 것.",
      "cautions": [
        "형벌 가능성 있음.",
        "순서 무시에 따른 문제 발생."
      ],
      "tags": [
        "생지형",
        "순서",
        "형벌",
        "주의",
        "신중함"
      ]
    },
    {
      "id": "RC-a0db05a0e3",
      "topic": "RELATION",
      "priority": 6,
      "trigger": {
        "note": "수가 강하게 있는 경우"
      },
      "mechanism": "수가 강하면 문제를 해결하거나 전환할 수 있는 힘을 제공.",
      "interpretation": "수가 강하면 부정적인 결과를 방지할 수 있음.",
      "action": "수가 강한 경우 이를 활용하여 문제를 해결할 것.",
      "cautions": [
        "수가 약하면 문제 해결이 어려움."
      ],
      "tags": [
        "수",
        "해결",
        "전환",
        "문제 방지",
        "강약"
      ]
    },
    {
      "id": "RC-f49be7171b",
      "topic": "LOVE",
      "priority": 7,
      "trigger": {
        "note": "오화와 신금의 관계"
      },
      "mechanism": "오화와 신금은 초기 에너지에 집중되거나 시간이 지나면서 유대감을 형성.",
      "interpretation": "첫눈에 반하는 경우가 많으나 장기적인 관계로 이어지기 어려움.",
      "action": "첫인상에 의존하지 말고, 관계의 지속 가능성을 고려할 것.",
      "cautions": [
        "첫눈에 반하는 감정에 휘둘리지 말 것."
      ],
      "tags": [
        "오화",
        "신금",
        "첫눈에 반함",
        "유대감",
        "지속성"
      ]
    },
    {
      "id": "RC-533328486c",
      "topic": "WEALTH",
      "priority": 8,
      "trigger": {
        "note": "금생수가 강한 경우"
      },
      "mechanism": "금생수가 강하면 스케일이 커지며 자원이 증가.",
      "interpretation": "사업적 성공 가능성이 높아짐.",
      "action": "금생수의 흐름을 잘 관리하여 자원을 효율적으로 활용할 것.",
      "cautions": [
        "스케일이 커져도 자원이 내 것이 아닐 수 있음."
      ],
      "tags": [
        "금생수",
        "스케일",
        "자원",
        "사업",
        "관리"
      ]
    },
    {
      "id": "RC-a6a1da547b",
      "topic": "WEALTH",
      "priority": 7,
      "trigger": {
        "note": "토와 신금의 연결"
      },
      "mechanism": "토와 신금이 연결되면 기존 시스템을 바꾸는 전환이 일어남.",
      "interpretation": "유통 및 시스템 전환에 강점이 있음.",
      "action": "기존 시스템을 개선하거나 새로운 방식으로 전환할 것.",
      "cautions": [
        "전환 과정에서 혼란이 발생할 수 있음."
      ],
      "tags": [
        "토",
        "신금",
        "전환",
        "유통",
        "시스템"
      ]
    },
    {
      "id": "RC-3a68f4a527",
      "topic": "STRUCTURE",
      "priority": 6,
      "trigger": {
        "note": "지지에 같은 글자가 두 개 이상 있는 경우"
      },
      "mechanism": "같은 글자가 많으면 에너지가 강해지고 혼잡해짐.",
      "interpretation": "직업적 변동이 많거나 다중 직업을 가질 가능성이 있음.",
      "action": "다양한 직업적 기회를 탐색하고, 안정적인 방향으로 조정할 것.",
      "cautions": [
        "혼잡한 에너지로 인해 혼란이 발생할 수 있음."
      ],
      "tags": [
        "지지",
        "같은 글자",
        "직업",
        "변동",
        "혼잡"
      ]
    },
    {
      "id": "RC-c506ec1fc6",
      "topic": "STRUCTURE",
      "priority": 7,
      "trigger": {
        "note": "삼합 구조가 있는 경우"
      },
      "mechanism": "삼합은 정신적 깊이와 단단함을 형성.",
      "interpretation": "정신적 수준이 높아지고, 안정적인 사고를 유지함.",
      "action": "삼합의 에너지를 활용하여 학문적 또는 정신적 성장을 도모할 것.",
      "cautions": [
        "고정된 사고로 인해 유연성이 부족할 수 있음."
      ],
      "tags": [
        "삼합",
        "정신",
        "깊이",
        "단단함",
        "성장"
      ]
    },
    {
      "id": "RC-749747b352",
      "topic": "RELATION",
      "priority": 6,
      "trigger": {
        "note": "정인이 연지에 있는 경우"
      },
      "mechanism": "정인은 혈육과의 관계에서 벗어나기 어려운 에너지를 형성.",
      "interpretation": "가족이나 조상과의 연결이 강하며, 독립이 어려움.",
      "action": "가족과의 관계를 조화롭게 유지하며, 독립성을 키울 방법을 모색할 것.",
      "cautions": [
        "혈육 문제로 인해 개인적 자유가 제한될 수 있음."
      ],
      "tags": [
        "정인",
        "연지",
        "혈육",
        "가족",
        "독립"
      ]
    },
    {
      "id": "RC-baa288c48c",
      "topic": "RELATION",
      "priority": 8,
      "trigger": {
        "influence": "정인",
        "relation": "부모",
        "position": "월지"
      },
      "mechanism": "정인은 부모와의 관계를 나타내며, 월지에 있을 경우 부모의 간섭이 강하게 작용함.",
      "interpretation": "부모의 간섭과 개입이 강해 독립이 어려운 상황을 의미.",
      "action": "부모와의 관계를 이해하고, 독립을 위한 계획을 세울 것.",
      "cautions": [
        "부모의 요구를 무조건적으로 수용하지 않도록 주의할 것."
      ],
      "tags": [
        "정인",
        "부모",
        "간섭",
        "독립",
        "월지",
        "관계",
        "가족",
        "의존",
        "자립",
        "계획"
      ]
    },
    {
      "id": "RC-bf792c641e",
      "topic": "STRUCTURE",
      "priority": 7,
      "trigger": {
        "element": "수",
        "strength": "왕"
      },
      "mechanism": "수가 왕하면 자신의 에너지가 과도하게 흐르며 타인에게 영향을 미침.",
      "interpretation": "수가 강할 경우 타인에게 의도치 않은 피해를 줄 가능성이 있음.",
      "action": "수가 왕한 경우 균형을 맞추기 위해 목이나 화의 에너지를 활용할 것.",
      "cautions": [
        "수가 과도하면 주변 관계에서 갈등이 생길 수 있음."
      ],
      "tags": [
        "수",
        "왕",
        "균형",
        "타인",
        "영향",
        "갈등",
        "목",
        "화",
        "조화",
        "에너지"
      ]
    },
    {
      "id": "RC-73c2786424",
      "topic": "RELATION",
      "priority": 6,
      "trigger": {
        "element": "정인",
        "relation": "부모",
        "position": "시지"
      },
      "mechanism": "시지의 정인은 부모나 자식과의 관계를 나타내며, 책임감이 강하게 작용함.",
      "interpretation": "부모나 자식에게 큰 영향을 받으며, 책임을 지는 상황이 많음.",
      "action": "책임을 분담하고, 자신의 삶의 균형을 찾을 것.",
      "cautions": [
        "책임감이 과도해 자신의 삶을 희생하지 않도록 주의."
      ],
      "tags": [
        "정인",
        "부모",
        "자식",
        "책임",
        "시지",
        "관계",
        "영향",
        "균형",
        "삶",
        "희생"
      ]
    },
    {
      "id": "RC-aae1ec85f6",
      "topic": "STRUCTURE",
      "priority": 9,
      "trigger": {
        "element": "목",
        "strength": "약"
      },
      "mechanism": "목이 약하면 수의 에너지를 소화하지 못하고, 인성에 의존하게 됨.",
      "interpretation": "목이 약할 경우 독립적 선택이 어려워지고, 부모나 타인에게 의존하게 됨.",
      "action": "목의 에너지를 강화하기 위해 화나 토의 도움을 받을 것.",
      "cautions": [
        "목이 약하면 자립이 어려워질 수 있음."
      ],
      "tags": [
        "목",
        "약",
        "수",
        "인성",
        "의존",
        "독립",
        "화",
        "토",
        "강화",
        "자립"
      ]
    },
    {
      "id": "RC-b0178f2b64",
      "topic": "TIMING",
      "priority": 7,
      "trigger": {
        "period": "임진대운",
        "element": "수"
      },
      "mechanism": "임진대운은 수의 에너지가 강해져 주변 관계와의 갈등 가능성이 높아짐.",
      "interpretation": "임진대운 동안 수의 영향으로 인해 관계에서 갈등이 발생할 수 있음.",
      "action": "갈등을 줄이기 위해 목이나 화의 에너지를 활용할 것.",
      "cautions": [
        "수의 과도한 에너지가 관계를 악화시킬 수 있음."
      ],
      "tags": [
        "임진대운",
        "수",
        "갈등",
        "관계",
        "목",
        "화",
        "조화",
        "에너지",
        "타인",
        "운"
      ]
    },
    {
      "id": "RC-0541e034fa",
      "topic": "STRUCTURE",
      "priority": 8,
      "trigger": {
        "element": "수",
        "position": "월지",
        "strength": "왕"
      },
      "mechanism": "월지의 왕한 수는 주변 환경에 강한 영향을 미치며, 스스로를 탁하게 만듦.",
      "interpretation": "월지의 수가 왕하면 자신의 에너지가 과도하게 흐르고, 주변을 탁하게 만듦.",
      "action": "수의 에너지를 조절하기 위해 목이나 화의 도움을 받을 것.",
      "cautions": [
        "수의 과도한 흐름이 자신과 주변에 부정적 영향을 미칠 수 있음."
      ],
      "tags": [
        "수",
        "월지",
        "왕",
        "탁함",
        "목",
        "화",
        "조화",
        "에너지",
        "환경",
        "영향"
      ]
    },
    {
      "id": "RC-e88f360247",
      "topic": "RELATION",
      "priority": 6,
      "trigger": {
        "element": "정인",
        "relation": "부모",
        "position": "연지"
      },
      "mechanism": "연지의 정인은 부모와의 관계에서 의존적 성향을 나타냄.",
      "interpretation": "부모의 지원을 받으나, 독립이 어려운 상황을 의미.",
      "action": "부모의 지원을 활용하되, 독립을 위한 준비를 병행할 것.",
      "cautions": [
        "부모의 지원에 지나치게 의존하지 않도록 주의."
      ],
      "tags": [
        "정인",
        "부모",
        "연지",
        "의존",
        "지원",
        "독립",
        "관계",
        "준비",
        "자립",
        "성향"
      ]
    },
    {
      "id": "RC-1ae982d454",
      "topic": "STRUCTURE",
      "priority": 7,
      "trigger": {
        "element": "목",
        "position": "청간",
        "strength": "뚜렷"
      },
      "mechanism": "청간에 뚜렷한 목은 수의 에너지를 소화하고, 긍정적으로 전환할 수 있음.",
      "interpretation": "뚜렷한 목은 수의 에너지를 활용하여 독립적이고 창의적인 방향으로 나아갈 수 있음.",
      "action": "목의 에너지를 활용하여 자신의 목표를 설정하고 실행할 것.",
      "cautions": [
        "목이 약하면 수의 에너지를 소화하지 못할 수 있음."
      ],
      "tags": [
        "목",
        "청간",
        "뚜렷",
        "수",
        "소화",
        "독립",
        "창의",
        "목표",
        "실행",
        "긍정"
      ]
    },
    {
      "id": "RC-fe2e29fa8d",
      "topic": "GENERAL",
      "priority": 5,
      "trigger": {
        "note": "정인과 편인의 차이"
      },
      "mechanism": "정인은 안정과 만족을 추구하며, 편인은 끝없는 탐구와 확장을 지향함.",
      "interpretation": "정인은 안정적인 삶을, 편인은 전문성과 깊이를 추구함.",
      "action": "자신의 성향에 맞는 목표를 설정하고, 그에 맞는 방향으로 나아갈 것.",
      "cautions": [
        "정인은 지나친 안정 추구를, 편인은 과도한 탐구를 주의할 것."
      ],
      "tags": [
        "정인",
        "편인",
        "안정",
        "탐구",
        "확장",
        "전문성",
        "목표",
        "성향",
        "방향",
        "삶"
      ]
    },
    {
      "id": "RC-bd3fa16a6c",
      "topic": "STRUCTURE",
      "priority": 6,
      "trigger": {
        "element": "수",
        "strength": "약"
      },
      "mechanism": "약한 수는 자신의 에너지를 효율적으로 활용하며, 타인과의 조화를 이룸.",
      "interpretation": "수가 약할 경우 자신의 역할에 충실하며, 타인과의 관계에서 긍정적 영향을 미침.",
      "action": "약한 수의 장점을 활용하여 타인과의 관계를 강화할 것.",
      "cautions": [
        "수가 지나치게 약하면 자립이 어려울 수 있음."
      ],
      "tags": [
        "수",
        "약",
        "조화",
        "타인",
        "관계",
        "긍정",
        "역할",
        "자립",
        "강화",
        "에너지"
      ]
    },
    {
      "id": "RC-7a48239019",
      "topic": "TEN_GODS",
      "priority": 8,
      "trigger": {
        "ten_god": "편제"
      },
      "mechanism": "편제는 욕심이 많고 끝이 없는 성향을 나타냄.",
      "interpretation": "재물이나 물질적 욕망이 강하며, 한계를 넘어서려는 경향이 있음.",
      "action": "욕심을 조절하고 현실적인 목표를 설정할 것.",
      "cautions": [
        "과도한 욕심으로 인해 문제를 초래할 수 있음."
      ],
      "tags": [
        "편제",
        "욕심",
        "재물",
        "한계",
        "성향"
      ]
    },
    {
      "id": "RC-2877849e7e",
      "topic": "TEN_GODS",
      "priority": 7,
      "trigger": {
        "ten_god": "편인"
      },
      "mechanism": "편인은 학문적 탐구와 상상력이 뛰어난 성향을 나타냄.",
      "interpretation": "학문이나 창의적 분야에서 두각을 나타낼 가능성이 큼.",
      "action": "깊이 있는 연구와 창의적 활동에 집중할 것.",
      "cautions": [
        "과도한 몰입으로 인해 현실과 단절될 수 있음."
      ],
      "tags": [
        "편인",
        "학문",
        "상상력",
        "탐구",
        "창의성"
      ]
    },
    {
      "id": "RC-a761c76f99",
      "topic": "TEN_GODS",
      "priority": 6,
      "trigger": {
        "ten_god": "정인"
      },
      "mechanism": "정인은 만족을 알고 멈출 줄 아는 성향을 나타냄.",
      "interpretation": "현실적이고 안정적인 태도를 유지함.",
      "action": "현재 상황에 만족하며 균형을 유지할 것.",
      "cautions": [
        "지나친 안주로 인해 발전이 저해될 수 있음."
      ],
      "tags": [
        "정인",
        "만족",
        "안정",
        "균형",
        "현실적"
      ]
    },
    {
      "id": "RC-5d58713335",
      "topic": "ELEMENTS",
      "priority": 7,
      "trigger": {
        "element": "금",
        "study_method": "식상"
      },
      "mechanism": "금일간은 식상을 통해 학문적 성취를 이루는 경향이 있음.",
      "interpretation": "금일간은 실질적이고 응용적인 학습 방식이 효과적임.",
      "action": "이론보다는 실질적인 경험과 응용에 집중할 것.",
      "cautions": [
        "이론적 기반이 부족할 수 있음."
      ],
      "tags": [
        "금",
        "식상",
        "학문",
        "응용",
        "실질적"
      ]
    },
    {
      "id": "RC-258f899280",
      "topic": "ELEMENTS",
      "priority": 6,
      "trigger": {
        "element": "수",
        "strength": "약함"
      },
      "mechanism": "수는 약할수록 인성을 통해 강해지는 것이 유리함.",
      "interpretation": "약한 수는 인성을 통해 보완될 때 더 효과적으로 작용함.",
      "action": "인성을 강화하는 방향으로 환경을 조성할 것.",
      "cautions": [
        "비겁으로 인해 수가 강해지면 부정적 영향을 받을 수 있음."
      ],
      "tags": [
        "수",
        "약함",
        "인성",
        "보완",
        "강화"
      ]
    },
    {
      "id": "RC-0a783e0c20",
      "topic": "STRUCTURE",
      "priority": 8,
      "trigger": {
        "element": "수",
        "surroundings": [
          "모",
          "토"
        ]
      },
      "mechanism": "수는 주변 환경에 따라 역할과 흐름이 결정됨.",
      "interpretation": "수의 사용처는 주변 오행에 따라 달라짐.",
      "action": "수의 흐름을 결정짓는 주변 오행을 분석할 것.",
      "cautions": [
        "수의 흐름이 막히거나 고일 경우 부정적 영향을 받을 수 있음."
      ],
      "tags": [
        "수",
        "모",
        "토",
        "흐름",
        "환경"
      ]
    },
    {
      "id": "RC-bab6252a74",
      "topic": "RELATION",
      "priority": 7,
      "trigger": {
        "element": "임수",
        "relation": [
          "신금",
          "유금"
        ]
      },
      "mechanism": "임수는 신금과 유금의 영향을 받아 혼잡한 성향을 띔.",
      "interpretation": "임수는 신금과 유금의 조합에서 복잡한 관계를 형성함.",
      "action": "혼잡한 관계를 정리하고 명확한 방향성을 설정할 것.",
      "cautions": [
        "혼잡으로 인해 결정력이 약화될 수 있음."
      ],
      "tags": [
        "임수",
        "신금",
        "유금",
        "혼잡",
        "관계"
      ]
    },
    {
      "id": "RC-6d19f15e86",
      "topic": "ELEMENTS",
      "priority": 6,
      "trigger": {
        "element": "수",
        "characteristic": "유동적"
      },
      "mechanism": "수는 고정되지 않고 다양한 형태로 변할 수 있음.",
      "interpretation": "수는 유연성과 적응력을 상징함.",
      "action": "상황에 맞게 유연하게 대처할 것.",
      "cautions": [
        "유동성이 지나치면 방향성을 잃을 수 있음."
      ],
      "tags": [
        "수",
        "유동성",
        "적응력",
        "유연성",
        "변화"
      ]
    }
  ],
  "notes": [
    "계수와 미월의 조합에 대한 상세한 설명이 포함됨.",
    "목과 토의 상호작용이 중요한 요소로 강조됨.",
    "텍스트가 매우 길고 복잡하여 일부 규칙은 요약 및 단순화됨.",
    "일부 사례는 구체적이지 않아 일반화된 해석으로 작성됨.",
    "텍스트에서 일부 내용은 구체적인 조건으로 표현하기 어려워 일반화함."
  ],
  "schema_version": "rulecards.v1",
  "module_code": "SajuOS_STRU_040",
  "updated_at": "2025-12-23T20:27:23"
}