{
  "title": "SajuOS_Logic_STRU_A_033",
  "rulecards": [
    {
      "id": "RC-e3b0a8fdd7",
      "topic": "ELEMENTS",
      "priority": 9,
      "trigger": {
        "element": "기토",
        "interaction": "오화"
      },
      "mechanism": "오화는 기토를 단단하게 만들어 본래의 부드러움을 상실하게 함.",
      "interpretation": "기토의 본질적인 부드러움과 수용성이 약화됨.",
      "action": "기토의 부드러움을 유지하려면 수의 조화가 필요함.",
      "cautions": [
        "오화가 강하면 기토의 장점이 사라질 수 있음."
      ],
      "tags": [
        "기토",
        "오화",
        "부드러움",
        "수용성",
        "조화"
      ]
    },
    {
      "id": "RC-d94119ce24",
      "topic": "TEN_GODS",
      "priority": 8,
      "trigger": {
        "ten_god": "편인",
        "element": "오화"
      },
      "mechanism": "편인은 선택적으로 받아들이는 성향을 가짐.",
      "interpretation": "편인은 자신에게 맞는 것만 받아들이고 나머지는 배제함.",
      "action": "편인의 편향성을 인지하고 균형 잡힌 시각을 유지하도록 노력.",
      "cautions": [
        "편인의 편향된 시각이 관계에 영향을 줄 수 있음."
      ],
      "tags": [
        "편인",
        "오화",
        "선택적",
        "균형",
        "수용성"
      ]
    },
    {
      "id": "RC-a52a1ad7b2",
      "topic": "STRUCTURE",
      "priority": 7,
      "trigger": {
        "element": "기토",
        "condition": "습기 부족"
      },
      "mechanism": "습기가 부족하면 기토가 단단해지고 본래의 특성을 잃음.",
      "interpretation": "기토가 고집스럽고 수용성이 떨어지는 성향을 보임.",
      "action": "습기를 보충하기 위해 수의 조화를 활용.",
      "cautions": [
        "습기 부족은 기토의 유연성을 약화시킬 수 있음."
      ],
      "tags": [
        "기토",
        "습기",
        "단단함",
        "유연성",
        "조화"
      ]
    },
    {
      "id": "RC-6c8d71681f",
      "topic": "RELATION",
      "priority": 6,
      "trigger": {
        "relation": "화생토",
        "element": "오화"
      },
      "mechanism": "화생토는 토를 강하게 만들어 본래의 성질을 변화시킴.",
      "interpretation": "토가 단단해져 수용성과 융통성이 감소.",
      "action": "화의 강도를 조절하여 토의 본질을 유지.",
      "cautions": [
        "화생토가 과도하면 토의 균형이 깨질 수 있음."
      ],
      "tags": [
        "화생토",
        "오화",
        "기토",
        "강화",
        "조화"
      ]
    },
    {
      "id": "RC-ac05285981",
      "topic": "LOVE",
      "priority": 5,
      "trigger": {
        "element": "기토",
        "relation": "갑목"
      },
      "mechanism": "갑목과 기토의 관계는 상호 부담을 줄 수 있음.",
      "interpretation": "기토가 갑목과의 관계에서 융통성을 잃고 고집스러워질 수 있음.",
      "action": "상대방의 입장을 이해하고 조화를 이루도록 노력.",
      "cautions": [
        "갑목과의 관계에서 갈등이 발생할 가능성 있음."
      ],
      "tags": [
        "기토",
        "갑목",
        "관계",
        "조화",
        "갈등"
      ]
    },
    {
      "id": "RC-dbfa51b709",
      "topic": "CAREER",
      "priority": 7,
      "trigger": {
        "element": "기토",
        "condition": "재극인"
      },
      "mechanism": "재극인은 인성을 조절하여 전문성을 강화함.",
      "interpretation": "기토가 재극인을 통해 직업적 완성도를 높일 수 있음.",
      "action": "재극인을 활용하여 학문적 또는 직업적 전문성을 개발.",
      "cautions": [
        "재극인이 없으면 학문적 성과가 제한될 수 있음."
      ],
      "tags": [
        "기토",
        "재극인",
        "전문성",
        "직업",
        "학문"
      ]
    },
    {
      "id": "RC-d9c09e2f46",
      "topic": "GENERAL",
      "priority": 6,
      "trigger": {
        "note": "기토의 본질적 특성"
      },
      "mechanism": "기토는 부드러움과 수용성을 본질로 함.",
      "interpretation": "기토는 주변 환경을 수용하고 융화하는 성향을 가짐.",
      "action": "기토의 본질을 이해하고 이를 활용한 대인관계를 형성.",
      "cautions": [
        "기토의 부드러움이 약화되면 갈등이 증가할 수 있음."
      ],
      "tags": [
        "기토",
        "부드러움",
        "수용성",
        "융화",
        "대인관계"
      ]
    },
    {
      "id": "RC-77aad652ca",
      "topic": "TIMING",
      "priority": 5,
      "trigger": {
        "element": "기토",
        "time": "갑오월"
      },
      "mechanism": "갑오월의 기토는 단단해져 융통성을 잃음.",
      "interpretation": "갑오월의 기토는 대인관계에서 부담을 줄 수 있음.",
      "action": "갑오월에는 수의 조화를 통해 균형을 유지.",
      "cautions": [
        "갑오월의 기토는 고집스러운 성향을 보일 수 있음."
      ],
      "tags": [
        "기토",
        "갑오월",
        "타이밍",
        "조화",
        "균형"
      ]
    },
    {
      "id": "RC-a3e5236f2b",
      "topic": "EXAM",
      "priority": 6,
      "trigger": {
        "element": "기토",
        "condition": "재극인"
      },
      "mechanism": "재극인은 기토의 학문적 성과를 극대화함.",
      "interpretation": "기토는 재극인을 통해 학문적 집중력을 높일 수 있음.",
      "action": "재극인을 활용하여 학습 계획을 세우고 실행.",
      "cautions": [
        "재극인이 없으면 학습 효율이 떨어질 수 있음."
      ],
      "tags": [
        "기토",
        "재극인",
        "학문",
        "집중력",
        "효율"
      ]
    },
    {
      "id": "RC-ca6c5ff807",
      "topic": "RELATION",
      "priority": 5,
      "trigger": {
        "relation": "편인",
        "condition": "부정적"
      },
      "mechanism": "부정적 편인은 의심과 갈등을 유발함.",
      "interpretation": "편인이 부정적일 경우 대인관계에서 오해와 갈등이 발생.",
      "action": "편인의 부정적 영향을 줄이기 위해 신뢰를 쌓는 노력이 필요.",
      "cautions": [
        "부정적 편인은 관계를 악화시킬 수 있음."
      ],
      "tags": [
        "편인",
        "의심",
        "갈등",
        "대인관계",
        "신뢰"
      ]
    },
    {
      "id": "RC-afc25446a8",
      "topic": "STRUCTURE",
      "priority": 9,
      "trigger": {
        "note": "비겁이 강하고 재관이 발달한 경우"
      },
      "mechanism": "비겁은 정치력의 기반이 되고, 재관은 이를 실행 가능하게 함.",
      "interpretation": "정치력과 조직 내 생존력이 강함.",
      "action": "비겁과 재관의 조화를 통해 조직 내 입지를 강화하라.",
      "cautions": [
        "비겁이 과도하면 갈등을 유발할 수 있음."
      ],
      "tags": [
        "비겁",
        "재관",
        "정치력",
        "조직",
        "생존"
      ]
    },
    {
      "id": "RC-627c05fc9b",
      "topic": "STRUCTURE",
      "priority": 8,
      "trigger": {
        "note": "식상이 발달한 경우"
      },
      "mechanism": "식상은 타인의 의도를 빠르게 파악하고 소통을 원활히 함.",
      "interpretation": "눈치가 빠르고 대인관계에서 유리함.",
      "action": "타인의 의도를 파악해 먼저 행동하라.",
      "cautions": [
        "과도한 눈치로 스트레스를 받을 수 있음."
      ],
      "tags": [
        "식상",
        "소통",
        "눈치",
        "대인관계",
        "행동"
      ]
    },
    {
      "id": "RC-3bfbfd455d",
      "topic": "STRUCTURE",
      "priority": 7,
      "trigger": {
        "note": "관성이 강한 경우"
      },
      "mechanism": "관성은 책임감과 신뢰를 나타냄.",
      "interpretation": "윗사람에게 신뢰를 얻고 중요한 역할을 맡을 가능성이 높음.",
      "action": "책임감을 보여 윗사람의 신뢰를 얻어라.",
      "cautions": [
        "관성이 과도하면 부담을 느낄 수 있음."
      ],
      "tags": [
        "관성",
        "책임감",
        "신뢰",
        "윗사람",
        "역할"
      ]
    },
    {
      "id": "RC-24cb918839",
      "topic": "STRUCTURE",
      "priority": 6,
      "trigger": {
        "note": "정관과 평관의 차이"
      },
      "mechanism": "정관은 공평하고 합리적이며, 평관은 비합리적일 수 있음.",
      "interpretation": "정관은 조직 내에서 존경을 받는 반면, 평관은 갈등을 유발할 가능성이 있음.",
      "action": "정관의 공평함을 활용해 조직 내 신뢰를 쌓아라.",
      "cautions": [
        "평관은 갈등을 유발할 수 있으니 주의."
      ],
      "tags": [
        "정관",
        "평관",
        "공평",
        "합리성",
        "조직"
      ]
    },
    {
      "id": "RC-c18a3ec056",
      "topic": "STRUCTURE",
      "priority": 8,
      "trigger": {
        "note": "재관이 강하고 식상이 부족한 경우"
      },
      "mechanism": "재관은 조직 내 역할을 강화하지만, 식상이 부족하면 소통이 어려움.",
      "interpretation": "조직 내에서 외로움을 느낄 가능성이 있음.",
      "action": "식상을 보완해 소통 능력을 강화하라.",
      "cautions": [
        "소통 부족으로 고립될 수 있음."
      ],
      "tags": [
        "재관",
        "식상",
        "소통",
        "조직",
        "외로움"
      ]
    },
    {
      "id": "RC-b3a362865b",
      "topic": "STRUCTURE",
      "priority": 7,
      "trigger": {
        "note": "인성이 강한 경우"
      },
      "mechanism": "인성은 상대방을 꼼짝 못하게 하는 힘을 가짐.",
      "interpretation": "상대방을 설득하거나 통제하는 데 유리함.",
      "action": "인성을 활용해 협상력을 높여라.",
      "cautions": [
        "과도한 통제는 반감을 살 수 있음."
      ],
      "tags": [
        "인성",
        "설득",
        "통제",
        "협상력",
        "반감"
      ]
    },
    {
      "id": "RC-adf18644b6",
      "topic": "STRUCTURE",
      "priority": 6,
      "trigger": {
        "note": "재관이 강하고 인성이 부족한 경우"
      },
      "mechanism": "재관은 조직 내 역할을 강화하지만, 인성이 부족하면 감정적 연결이 약함.",
      "interpretation": "조직 내에서 냉정한 이미지로 비춰질 수 있음.",
      "action": "인성을 보완해 감정적 연결을 강화하라.",
      "cautions": [
        "냉정한 이미지로 인해 오해를 받을 수 있음."
      ],
      "tags": [
        "재관",
        "인성",
        "감정",
        "조직",
        "냉정"
      ]
    },
    {
      "id": "RC-5f60569b2d",
      "topic": "STRUCTURE",
      "priority": 9,
      "trigger": {
        "note": "경금이 정관으로 작용하는 경우"
      },
      "mechanism": "경금은 가공을 통해 가치가 발휘됨.",
      "interpretation": "교육과 경험을 통해 성장 가능성이 높음.",
      "action": "교육과 경험을 통해 자신을 가공하라.",
      "cautions": [
        "가공되지 않으면 잠재력이 발휘되지 않을 수 있음."
      ],
      "tags": [
        "경금",
        "정관",
        "교육",
        "경험",
        "성장"
      ]
    },
    {
      "id": "RC-f8c01884bc",
      "topic": "STRUCTURE",
      "priority": 8,
      "trigger": {
        "note": "관성이 천간에 드러난 경우"
      },
      "mechanism": "관성이 드러나야 정당성을 확보함.",
      "interpretation": "조직 내에서 인정받고 영향력을 발휘할 가능성이 높음.",
      "action": "관성을 드러내어 자신의 가치를 알리라.",
      "cautions": [
        "관성이 드러나지 않으면 영향력이 제한될 수 있음."
      ],
      "tags": [
        "관성",
        "천간",
        "정당성",
        "인정",
        "영향력"
      ]
    },
    {
      "id": "RC-84fd910f59",
      "topic": "STRUCTURE",
      "priority": 7,
      "trigger": {
        "note": "병화가 경금과 함께 있는 경우"
      },
      "mechanism": "병화는 경금을 비춰주는 역할을 함.",
      "interpretation": "다재다능하지만 안정성이 부족할 수 있음.",
      "action": "병화를 활용해 다양한 경험을 쌓아라.",
      "cautions": [
        "안정성이 부족해질 수 있음."
      ],
      "tags": [
        "병화",
        "경금",
        "다재다능",
        "안정성",
        "경험"
      ]
    },
    {
      "id": "RC-5b8194c791",
      "topic": "ELEMENTS",
      "priority": 9,
      "trigger": {
        "fire": false,
        "water": true
      },
      "mechanism": "화(火)가 없고 수(水)가 강하면 억울함을 느끼기 쉬움.",
      "interpretation": "자신의 능력이 드러나지 않아 인정받지 못한다고 느낄 가능성이 높음.",
      "action": "자신의 강점을 스스로 인식하고, 이를 활용할 수 있는 환경을 찾을 것.",
      "cautions": [
        "억울함이 쌓이면 내면의 불만이 커질 수 있음."
      ],
      "tags": [
        "화",
        "수",
        "억울함",
        "능력",
        "인정"
      ]
    },
    {
      "id": "RC-c9cf9a87d0",
      "topic": "ELEMENTS",
      "priority": 8,
      "trigger": {
        "metal": true,
        "water": true
      },
      "mechanism": "금생수(金生水)가 잘 이루어지면 분별력이 강화됨.",
      "interpretation": "진짜와 가짜를 구분하는 능력이 뛰어나짐.",
      "action": "정보를 선별하고 분석하는 능력을 활용할 것.",
      "cautions": [
        "분별력이 지나치면 비판적으로 보일 수 있음."
      ],
      "tags": [
        "금",
        "수",
        "분별력",
        "정보",
        "판단"
      ]
    },
    {
      "id": "RC-af32934981",
      "topic": "ELEMENTS",
      "priority": 7,
      "trigger": {
        "earth": true
      },
      "mechanism": "토(土)는 에너지를 머물게 하고 안정성을 제공함.",
      "interpretation": "토가 강하면 안정적이고 지속 가능한 환경을 조성함.",
      "action": "토의 에너지를 활용해 장기적인 계획을 세울 것.",
      "cautions": [
        "토가 과도하면 정체될 수 있음."
      ],
      "tags": [
        "토",
        "안정성",
        "지속성",
        "계획",
        "에너지"
      ]
    },
    {
      "id": "RC-638d96d961",
      "topic": "ELEMENTS",
      "priority": 8,
      "trigger": {
        "fire": true,
        "earth": true
      },
      "mechanism": "화생토(火生土)가 잘 이루어지면 온기가 유지됨.",
      "interpretation": "열정과 안정이 조화를 이루어 지속적인 성과를 낼 수 있음.",
      "action": "화와 토의 조화를 유지하며 목표를 추구할 것.",
      "cautions": [
        "화가 과도하면 토의 안정성이 손상될 수 있음."
      ],
      "tags": [
        "화",
        "토",
        "온기",
        "조화",
        "성과"
      ]
    },
    {
      "id": "RC-e7a21b76bb",
      "topic": "ELEMENTS",
      "priority": 6,
      "trigger": {
        "water": true,
        "fire": true
      },
      "mechanism": "수국화(水克火)가 강하면 불안정성이 증가함.",
      "interpretation": "내부 갈등이 심화되고 건강 문제로 이어질 수 있음.",
      "action": "수와 화의 균형을 맞추기 위한 노력을 기울일 것.",
      "cautions": [
        "수국화가 심하면 당뇨와 같은 건강 문제가 발생할 수 있음."
      ],
      "tags": [
        "수",
        "화",
        "갈등",
        "건강",
        "균형"
      ]
    },
    {
      "id": "RC-8089fb3125",
      "topic": "ELEMENTS",
      "priority": 7,
      "trigger": {
        "metal": true,
        "fire": true
      },
      "mechanism": "화극금(火克金)이 강하면 금의 안정성이 손상됨.",
      "interpretation": "금의 역할이 약화되어 조직적 안정성이 떨어질 수 있음.",
      "action": "화의 강도를 조절하여 금의 기능을 보호할 것.",
      "cautions": [
        "화가 과도하면 금이 손상되어 불안정성이 커질 수 있음."
      ],
      "tags": [
        "화",
        "금",
        "안정성",
        "조직",
        "조화"
      ]
    },
    {
      "id": "RC-439782e199",
      "topic": "ELEMENTS",
      "priority": 8,
      "trigger": {
        "earth": true,
        "water": true
      },
      "mechanism": "토가 수를 머물게 하여 안정성을 강화함.",
      "interpretation": "수의 에너지가 안정적으로 활용될 수 있음.",
      "action": "토의 에너지를 활용해 수의 흐름을 조절할 것.",
      "cautions": [
        "토가 부족하면 수의 에너지가 분산될 수 있음."
      ],
      "tags": [
        "토",
        "수",
        "안정성",
        "조절",
        "에너지"
      ]
    },
    {
      "id": "RC-edee50ac4d",
      "topic": "ELEMENTS",
      "priority": 9,
      "trigger": {
        "fire": true,
        "metal": true
      },
      "mechanism": "화가 강하고 금이 약하면 혈압과 같은 건강 문제가 발생할 수 있음.",
      "interpretation": "화의 강도가 금의 역할을 억제하여 신체적 불균형을 초래함.",
      "action": "화의 강도를 낮추고 금의 기능을 강화할 방법을 모색할 것.",
      "cautions": [
        "혈압 문제나 뇌혈관 질환에 주의할 것."
      ],
      "tags": [
        "화",
        "금",
        "건강",
        "혈압",
        "균형"
      ]
    },
    {
      "id": "RC-1590b27cc6",
      "topic": "STRUCTURE",
      "priority": 8,
      "trigger": {
        "note": "정관이 월지에 위치한 경우"
      },
      "mechanism": "정관이 월지에 있으면 부모로부터의 교육과 억압을 받음.",
      "interpretation": "기본적으로 반듯한 성격과 규율을 따르는 성향을 가짐.",
      "action": "부모의 교육 방식을 이해하고 긍정적으로 수용할 것.",
      "cautions": [
        "억압이 과도하면 자율성이 제한될 수 있음."
      ],
      "tags": [
        "정관",
        "월지",
        "교육",
        "억압",
        "규율"
      ]
    },
    {
      "id": "RC-b3e1ebf111",
      "topic": "STRUCTURE",
      "priority": 7,
      "trigger": {
        "note": "수가 부족한 경우"
      },
      "mechanism": "수가 부족하면 외부 환경에 의해 쉽게 영향을 받음.",
      "interpretation": "자신의 중심을 잡기 어려워지고 외부 요구에 휘둘릴 가능성이 높음.",
      "action": "내면의 안정감을 키우기 위한 노력을 할 것.",
      "cautions": [
        "외부 환경에 지나치게 의존하지 않도록 주의할 것."
      ],
      "tags": [
        "수",
        "안정감",
        "외부 영향",
        "자율성",
        "균형"
      ]
    },
    {
      "id": "RC-67380a0dea",
      "topic": "WEALTH",
      "priority": 8,
      "trigger": {
        "ten_gods": "편재",
        "action": "재생"
      },
      "mechanism": "편재는 기존 자원을 활용하여 관을 형성하려는 성향을 보임.",
      "interpretation": "편재를 통해 자원을 활용하여 재물을 증대시키는 능력이 있음.",
      "action": "자신의 자원을 적극적으로 활용하여 재물을 증대시킬 기회를 모색하라.",
      "cautions": [
        "자원을 과도하게 소모하지 않도록 주의할 것."
      ],
      "tags": [
        "편재",
        "재생",
        "자원활용",
        "재물",
        "능력"
      ]
    },
    {
      "id": "RC-098fbcc992",
      "topic": "STRUCTURE",
      "priority": 7,
      "trigger": {
        "element": "목",
        "condition": "격으로 문제 없음"
      },
      "mechanism": "목은 격을 유지하는 데 충분한 역할을 함.",
      "interpretation": "목만으로도 격을 유지할 수 있으나 조우가 중요함.",
      "action": "조우를 고려하여 격의 안정성을 점검하라.",
      "cautions": [
        "조우가 부족하면 만족도가 떨어질 수 있음."
      ],
      "tags": [
        "목",
        "격",
        "조우",
        "안정성",
        "구조"
      ]
    },
    {
      "id": "RC-269e83f43e",
      "topic": "CAREER",
      "priority": 9,
      "trigger": {
        "month": "5월",
        "element": "경금",
        "condition": "수를 봄"
      },
      "mechanism": "경금이 수를 보면 안정성과 지속성을 얻음.",
      "interpretation": "경금이 수를 보면 직장에서 안정적인 위치를 유지할 가능성이 높음.",
      "action": "직장에서 수와 관련된 요소를 활용하여 안정성을 강화하라.",
      "cautions": [
        "수를 보지 못하면 안정성이 떨어질 수 있음."
      ],
      "tags": [
        "경금",
        "수",
        "안정성",
        "직장",
        "지속성"
      ]
    },
    {
      "id": "RC-26bc34e03c",
      "topic": "RELATION",
      "priority": 6,
      "trigger": {
        "element": "토",
        "condition": "경금과 조합"
      },
      "mechanism": "토는 경금에게 큰 도움을 주지 못함.",
      "interpretation": "경금에게 토는 제한적인 영향을 미침.",
      "action": "토보다는 다른 요소를 활용하여 경금을 지원하라.",
      "cautions": [
        "토에 의존하면 효과가 미미할 수 있음."
      ],
      "tags": [
        "토",
        "경금",
        "조합",
        "효과",
        "지원"
      ]
    },
    {
      "id": "RC-345eefd9b2",
      "topic": "LOVE",
      "priority": 8,
      "trigger": {
        "day_pillar": "경오",
        "gender": "female"
      },
      "mechanism": "일지 정관은 배우자와의 관계를 강하게 형성함.",
      "interpretation": "여명 경오일주는 배우자와의 관계에서 엄격한 기준을 가질 가능성이 큼.",
      "action": "배우자와의 관계에서 유연성을 가지도록 노력하라.",
      "cautions": [
        "엄격한 기준이 갈등을 초래할 수 있음."
      ],
      "tags": [
        "경오",
        "일지정관",
        "배우자",
        "엄격",
        "관계"
      ]
    },
    {
      "id": "RC-c2db65321e",
      "topic": "GENERAL",
      "priority": 7,
      "trigger": {
        "element": "금",
        "condition": "수와 조합"
      },
      "mechanism": "금은 수를 통해 안정성과 정신적 평온을 얻음.",
      "interpretation": "금이 수를 보면 정신적 안정과 평온을 느낄 수 있음.",
      "action": "수와의 조합을 통해 내적 평온을 유지하라.",
      "cautions": [
        "수의 부족은 불안정을 초래할 수 있음."
      ],
      "tags": [
        "금",
        "수",
        "안정성",
        "평온",
        "조합"
      ]
    },
    {
      "id": "RC-178a12b0c3",
      "topic": "STRUCTURE",
      "priority": 8,
      "trigger": {
        "element": "술토",
        "condition": "일지 정관"
      },
      "mechanism": "술토는 정관의 보수적 성향을 강화함.",
      "interpretation": "술토가 일지 정관에 있으면 보수적이고 고집스러운 성향이 강해짐.",
      "action": "자신의 고집을 완화하고 타인의 의견을 수용하려 노력하라.",
      "cautions": [
        "고집이 갈등을 초래할 수 있음."
      ],
      "tags": [
        "술토",
        "일지정관",
        "보수",
        "고집",
        "성향"
      ]
    },
    {
      "id": "RC-7cfa805a46",
      "topic": "CAREER",
      "priority": 7,
      "trigger": {
        "element": "경금",
        "condition": "화와 조합"
      },
      "mechanism": "경금은 화를 통해 에너지를 얻고 완성도를 높임.",
      "interpretation": "경금이 화를 만나면 긍정적인 에너지를 얻고 성과를 낼 가능성이 높음.",
      "action": "화의 에너지를 활용하여 자신의 능력을 극대화하라.",
      "cautions": [
        "화가 과도하면 안정성이 떨어질 수 있음."
      ],
      "tags": [
        "경금",
        "화",
        "에너지",
        "완성도",
        "성과"
      ]
    },
    {
      "id": "RC-5c6583655f",
      "topic": "RELATION",
      "priority": 6,
      "trigger": {
        "element": "신금",
        "condition": "화와 조합"
      },
      "mechanism": "신금은 화와의 조합에서 예민함과 불편함을 느낄 수 있음.",
      "interpretation": "신금이 화를 만나면 불필요한 간섭으로 인해 스트레스를 받을 가능성이 큼.",
      "action": "화와의 관계에서 스트레스를 관리하고 조화를 이루도록 노력하라.",
      "cautions": [
        "화가 과도하면 정신적 부담이 커질 수 있음."
      ],
      "tags": [
        "신금",
        "화",
        "예민함",
        "간섭",
        "스트레스"
      ]
    },
    {
      "id": "RC-b91461a6e5",
      "topic": "GENERAL",
      "priority": 7,
      "trigger": {
        "element": "금",
        "condition": "피부 역할"
      },
      "mechanism": "금은 내부와 외부를 구분하고 보호하는 역할을 함.",
      "interpretation": "금은 내부를 보호하고 외부의 영향을 차단하는 역할을 함.",
      "action": "금의 보호적 역할을 활용하여 안정성을 유지하라.",
      "cautions": [
        "금이 손상되면 내부 안정성이 무너질 수 있음."
      ],
      "tags": [
        "금",
        "보호",
        "안정성",
        "내부",
        "외부"
      ]
    },
    {
      "topic": "STRUCTURE",
      "priority": 9,
      "trigger": {
        "structure": "수생목, 목생화",
        "note": "사주가 수직적 구조로 구성됨"
      },
      "mechanism": "수직적 재생관 구조는 정신적 에너지를 강조함.",
      "interpretation": "현실적 능력보다 정신적 세계가 우선됨.",
      "action": "현실적 조화를 위해 토와 금의 강한 조화가 필요함.",
      "cautions": [
        "현실적 균형이 부족할 수 있음"
      ],
      "tags": [
        "수생목",
        "목생화",
        "재생관",
        "정신적",
        "현실적"
      ],
      "id": "RC-36e01f0d6f"
    },
    {
      "topic": "TIMING",
      "priority": 8,
      "trigger": {
        "대운": "토",
        "note": "토 대운이 들어올 때"
      },
      "mechanism": "토는 수직적 에너지를 조절하여 현실적 변화를 유도함.",
      "interpretation": "토 대운은 현실적 조화를 가능하게 함.",
      "action": "토 대운 시기에 현실적 목표를 설정하고 실행.",
      "cautions": [
        "토의 강약에 따라 효과가 달라질 수 있음"
      ],
      "tags": [
        "토대운",
        "현실적",
        "조화",
        "변화",
        "목표"
      ],
      "id": "RC-7b0c3c7b9e"
    },
    {
      "topic": "RELATION",
      "priority": 7,
      "trigger": {
        "note": "신금이 화가 강한 경우"
      },
      "mechanism": "강한 화는 신금에 정신적 문제를 유발할 수 있음.",
      "interpretation": "정신적 불안정으로 인해 현실적 활동이 어려워질 수 있음.",
      "action": "화의 에너지를 제압하거나 조화롭게 활용할 방법을 모색.",
      "cautions": [
        "정신적 문제로 인해 종교적 성향으로 전환될 가능성"
      ],
      "tags": [
        "신금",
        "화",
        "정신적",
        "문제",
        "조화"
      ],
      "id": "RC-658b0c4c60"
    },
    {
      "topic": "ELEMENTS",
      "priority": 8,
      "trigger": {
        "note": "강한 수와 목이 함께 있을 때"
      },
      "mechanism": "강한 수는 화의 에너지를 빛으로 전환시킬 수 있음.",
      "interpretation": "강한 수와 목은 긍정적 에너지 발현을 가능하게 함.",
      "action": "수와 목의 조화를 통해 에너지를 긍정적으로 활용.",
      "cautions": [
        "수와 목의 균형이 중요함"
      ],
      "tags": [
        "수",
        "목",
        "화",
        "빛",
        "조화"
      ],
      "id": "RC-038f94514e"
    },
    {
      "topic": "LOVE",
      "priority": 7,
      "trigger": {
        "note": "편관이 강한 경우"
      },
      "mechanism": "편관은 배우자 선택에 까다로운 기준을 형성함.",
      "interpretation": "호불호가 명확하여 결혼이 어려워질 수 있음.",
      "action": "기준을 유연하게 조정하여 결혼 가능성을 높임.",
      "cautions": [
        "기준이 지나치게 엄격하면 결혼이 지연될 수 있음"
      ],
      "tags": [
        "편관",
        "결혼",
        "호불호",
        "기준",
        "유연성"
      ],
      "id": "RC-5b8ec70487"
    },
    {
      "topic": "TIMING",
      "priority": 6,
      "trigger": {
        "대운": "진토, 축토",
        "note": "진토나 축토 대운이 들어올 때"
      },
      "mechanism": "진토와 축토는 화를 조절하여 안정감을 제공함.",
      "interpretation": "이 시기에 현실적 안정과 조화가 가능함.",
      "action": "진토나 축토 대운 시기에 현실적 목표를 실행.",
      "cautions": [
        "수 대운만큼의 효과는 기대하기 어려움"
      ],
      "tags": [
        "진토",
        "축토",
        "대운",
        "안정",
        "조화"
      ],
      "id": "RC-cfb6af33b7"
    },
    {
      "topic": "LOVE",
      "priority": 6,
      "trigger": {
        "note": "제관이 부실한 경우"
      },
      "mechanism": "제관이 부실하면 배우자 선택 기준이 낮아짐.",
      "interpretation": "결혼이 상대적으로 쉬워질 수 있음.",
      "action": "기준을 단순화하여 결혼 가능성을 높임.",
      "cautions": [
        "결혼 후 유지가 어려울 수 있음"
      ],
      "tags": [
        "제관",
        "결혼",
        "기준",
        "부실",
        "유지"
      ],
      "id": "RC-721741bfed"
    },
    {
      "topic": "LOVE",
      "priority": 5,
      "trigger": {
        "note": "갑진대운이 들어올 때"
      },
      "mechanism": "갑진대운은 결혼 가능성을 높이는 시기임.",
      "interpretation": "결혼과 관련된 긍정적 변화가 기대됨.",
      "action": "갑진대운 시기에 결혼을 적극적으로 추진.",
      "cautions": [
        "갑진대운이 반드시 올 것이라는 보장은 없음"
      ],
      "tags": [
        "갑진대운",
        "결혼",
        "변화",
        "긍정적",
        "추진"
      ],
      "id": "RC-a16db8a7e4"
    }
  ],
  "notes": [
    "텍스트에서 일부 내용은 구체적 조건으로 표현하기 어려워 요약적으로 작성됨."
  ],
  "schema_version": "rulecards.v1",
  "module_code": "SajuOS_STRU_033",
  "updated_at": "2025-12-23T20:27:23"
}